V	2026-09-25
F	0	Нет	0	1.0
F	1	Новичок	6	1.1
F	2	Продвинутый	14	1.17
F	3	Эксперт	18	1.24
F	4	Мастер	27	1.31
F	5	Грандмастер	41	1.38
R	13	Человек	3,3,3,3,3,3,3	0	1,3,5,6
M	13	0	0,0,0
M	13	1	1,1,1
M	13	2	2,2,1
M	13	3	2,2,2
M	13	4	3,3,2
M	13	5	4,4,3
M	13	6	5,5,3
M	13	7	5,5,4
M	13	8	6,6,4
M	13	9	7,7,5
M	13	10	8,8,5
M	13	11	8,8,6
M	13	12	9,9,6
M	13	13	10,10,7
M	13	14	11,11,7
M	13	15	11,11,8
M	13	16	12,12,8
M	13	17	13,13,9
M	13	18	14,14,9
M	13	19	14,14,10
M	13	20	15,15,10
M	13	21	16,16,11
M	13	22	17,17,11
M	13	23	17,17,12
M	13	24	18,18,12
M	13	25	19,19,13
M	13	26	20,20,13
M	13	27	20,20,14
M	13	28	21,21,14
M	13	29	22,22,15
M	13	30	23,23,15
R	11	Гном	4,2,4,2,4,3,2	0	3,4,5,6
M	11	0	0,0,0
M	11	1	1,1,1
M	11	2	1,2,1
M	11	3	2,3,2
M	11	4	2,4,2
M	11	5	3,5,3
M	11	6	3,6,3
M	11	7	4,7,4
M	11	8	4,8,4
M	11	9	5,9,5
M	11	10	5,10,5
M	11	11	6,11,6
M	11	12	6,12,6
M	11	13	7,13,7
M	11	14	7,14,7
M	11	15	8,15,8
M	11	16	8,16,8
M	11	17	9,17,9
M	11	18	9,18,9
M	11	19	10,19,10
M	11	20	10,20,10
M	11	21	11,21,11
M	11	22	11,22,11
M	11	23	12,23,12
M	11	24	12,24,12
M	11	25	13,25,13
M	11	26	13,26,13
M	11	27	14,27,14
M	11	28	14,28,14
M	11	29	15,29,15
M	11	30	15,30,15
R	12	Эльф	3,5,3,3,3,2,2	0	1,4,5,6
M	12	0	0,0,0
M	12	1	1,1,1
M	12	2	2,1,1
M	12	3	3,2,2
M	12	4	4,2,2
M	12	5	5,3,3
M	12	6	6,3,3
M	12	7	7,4,4
M	12	8	8,4,4
M	12	9	9,5,5
M	12	10	10,5,5
M	12	11	11,6,6
M	12	12	12,6,6
M	12	13	13,7,7
M	12	14	14,7,7
M	12	15	15,8,8
M	12	16	16,8,8
M	12	17	17,9,9
M	12	18	18,9,9
M	12	19	19,10,10
M	12	20	20,10,10
M	12	21	21,11,11
M	12	22	22,11,11
M	12	23	23,12,12
M	12	24	24,12,12
M	12	25	25,13,13
M	12	26	26,13,13
M	12	27	27,14,14
M	12	28	28,14,14
M	12	29	29,15,15
M	12	30	30,15,15
R	10	Вампир	3,3,3,3,3,4,2	0	1,2,5,6
M	10	0	0,0,0
M	10	1	1,1,1
M	10	2	2,2,1
M	10	3	2,2,2
M	10	4	3,3,2
M	10	5	4,4,3
M	10	6	5,5,3
M	10	7	5,5,4
M	10	8	6,6,4
M	10	9	7,7,5
M	10	10	8,8,5
M	10	11	8,8,6
M	10	12	9,9,6
M	10	13	10,10,7
M	10	14	11,11,7
M	10	15	11,11,8
M	10	16	12,12,8
M	10	17	13,13,9
M	10	18	14,14,9
M	10	19	14,14,10
M	10	20	15,15,10
M	10	21	16,16,11
M	10	22	17,17,11
M	10	23	17,17,12
M	10	24	18,18,12
M	10	25	19,19,13
M	10	26	20,20,13
M	10	27	20,20,14
M	10	28	21,21,14
M	10	29	22,22,15
M	10	30	23,23,15
R	8	Орк	4,3,4,2,1,4,3	0	1,2,4,5
M	8	0	0,0,0
M	8	1	1,1,0
M	8	2	2,2,0
M	8	3	3,3,0
M	8	4	5,5,0
M	8	5	6,6,0
M	8	6	7,7,0
M	8	7	8,8,0
M	8	8	9,9,0
M	8	9	10,10,0
M	8	10	11,11,0
M	8	11	12,12,0
M	8	12	14,14,0
M	8	13	15,15,0
M	8	14	16,16,0
M	8	15	17,17,0
M	8	16	18,18,0
M	8	17	19,19,0
M	8	18	20,20,0
M	8	19	21,21,0
M	8	20	23,23,0
M	8	21	24,24,0
M	8	22	25,25,0
M	8	23	26,26,0
M	8	24	27,27,0
M	8	25	28,28,0
M	8	26	29,29,0
M	8	27	30,30,0
M	8	28	32,32,0
M	8	29	33,33,0
M	8	30	34,34,0
R	9	Тролль	5,2,5,1,2,3,3	1	2,3,4,5
M	9	0	0,0,0
M	9	1	1,1,1
M	9	2	2,1,1
M	9	3	3,2,2
M	9	4	4,3,2
M	9	5	4,3,3
M	9	6	5,4,3
M	9	7	6,4,4
M	9	8	7,5,4
M	9	9	8,6,5
M	9	10	9,6,5
M	9	11	10,7,6
M	9	12	11,8,6
M	9	13	11,8,7
M	9	14	12,9,7
M	9	15	13,9,8
M	9	16	14,10,8
M	9	17	15,11,9
M	9	18	16,11,9
M	9	19	17,12,10
M	9	20	18,13,10
M	9	21	18,13,11
M	9	22	19,14,11
M	9	23	20,14,12
M	9	24	21,15,12
M	9	25	22,16,13
M	9	26	23,16,13
M	9	27	24,17,14
M	9	28	25,18,14
M	9	29	25,18,15
M	9	30	26,19,15
C	1	Рейнджер
C	2	Варвар
C	3	Мастер щита
C	4	Джаггернаут
C	5	Жрец
C	6	Маг
S	1	1	Стрелок	8	11,27,0,0,0,22,0	4,0,4,0,0,0,2	0,0,0,0,0	0,0,0
S	1	2	Лучник	11	18,41,0,0,0,32,0	9,0,6,0,0,0,4	3,0,0,0,0	0,0,0
S	1	3	Егерь	14	25,55,0,0,0,45,0	20,0,14,0,0,0,9	8,10,0,0,0	0,0,0
S	1	4	Снайпер	17	39,69,0,0,0,59,0	29,0,20,0,0,6,15	8,10,0,0,0	0,0,0
S	1	5	Древний	20	50,80,43,0,0,71,0	32,0,23,0,0,9,18	10,10,0,0,7	0,0,0
S	1	6	Завоеватель	23	65,98,51,0,0,88,0	35,0,25,0,0,10,20	11,11,0,0,8	0,0,0
S	2	1	Рубака	8	27,0,14,0,0,18,0	0,4,4,0,0,2,0	0,0,0,0,0	1,1,0
S	2	2	Гладиатор	11	41,0,22,0,0,30,0	0,6,9,0,0,6,0	0,3,0,0,0	2,2,0
S	2	3	Берсерк	14	55,0,36,0,0,45,0	0,13,13,0,0,10,0	5,13,0,0,0	6,5,0
S	2	4	Вождь	17	71,0,55,0,0,62,0	0,21,21,0,0,16,0	5,13,0,0,0	10,9,0
S	2	5	Жнец	20	86,0,81,0,0,76,0	0,25,25,0,0,20,0	10,15,0,0,0	10,10,0
S	2	6	Атаман	23	106,0,94,0,0,102,0	0,27,27,0,0,22,0	11,16,0,0,0	11,11,0
S	3	1	Щитоносец	8	0,0,27,0,0,12,22	5,0,0,2,0,3,0	0,0,0,0,0	0,0,0
S	3	2	Легионер	11	0,0,41,0,0,24,32	11,0,2,4,0,6,0	0,0,0,0,0	2,2,0
S	3	3	Центурион	14	0,0,55,0,0,42,45	17,0,4,7,0,11,0	0,0,0,0,0	8,8,0
S	3	4	Чемпион	17	20,0,61,0,0,51,53	23,0,16,11,0,16,0	0,0,0,0,0	8,8,0
S	3	5	Монолит	20	20,0,78,0,0,77,75	26,0,19,14,0,19,0	0,0,0,0,0	10,10,0
S	3	6	Полководец	23	20,0,95,0,0,95,92	29,0,21,15,0,21,0	0,0,0,0,0	11,11,0
S	4	1	Защитник	8	16,0,29,0,0,0,12	0,0,4,0,2,4,0	0,0,0,0,0	0,0,0
S	4	2	Гвардеец	11	27,0,44,0,0,0,18	0,0,9,0,4,8,0	0,0,0,0,0	0,0,2
S	4	3	Рыцарь	14	39,0,62,0,0,0,28	0,0,16,0,7,15,0	0,0,0,0,0	0,0,7
S	4	4	Кавалер	17	51,0,86,0,0,20,35	0,7,23,0,11,22,0	0,0,0,0,0	0,0,7
S	4	5	Титан	20	60,0,100,0,0,42,43	0,10,26,0,14,25,0	0,0,0,0,0	0,0,8
S	4	6	Исполин	23	75,0,115,0,0,57,58	0,11,29,0,15,27,0	0,0,0,0,0	0,0,0
S	5	1	Священник	8	21,0,17,22,0,0,0	0,0,0,0,4,3,3	0,0,0,0,0	0,0,0
S	5	2	Клирик	11	31,0,30,35,0,0,0	0,1,0,2,8,7,7	0,0,0,0,0	0,0,0
S	5	3	Крестоносец	14	45,0,45,50,0,0,0	0,6,0,4,14,12,13	0,0,0,0,0	0,0,0
S	5	4	Паладин	17	54,0,55,56,0,0,0	0,12,0,6,21,18,19	0,0,0,0,0	0,0,0
S	5	5	Епископ	20	78,0,72,76,0,20,0	0,15,0,9,24,21,22	1,0,0,0,0	0,0,0
S	5	6	Кардинал	23	97,0,91,94,0,20,0	0,16,0,10,26,23,24	1,0,0,0,0	0,0,0
S	6	1	Посвящённый	8	0,0,12,22,27,0,0	0,1,4,0,5,0,0	0,0,0,0,0	0,0,0
S	6	2	Аколит	11	0,0,21,35,41,0,0	0,2,9,1,11,0,0	1,1,1,1,1	0,0,0
S	6	3	Адепт	14	0,0,25,55,62,0,0	0,4,15,2,19,0,0	5,5,5,5,5	0,0,0
S	6	4	Магистр	17	0,0,37,76,83,0,0	0,7,22,3,28,0,0	10,10,10,10,10	0,0,0
S	6	5	Патриарх	20	0,0,51,91,98,0,0	0,10,25,6,31,0,0	12,12,12,12,12	0,0,0
S	6	6	Властелин	23	0,0,71,111,120,0,0	0,11,27,7,34,0,0	13,13,13,13,13	0,0,0
T	1	Шлем	image_helm102
T	3	Доспех	image_armor106
T	4	Перчатки	image_glovse82
T	5	Нарукавники	image_naruchi82
T	10	Наколенники	image_nakoleniki77
T	11	Сапоги	image_bots81
T	12	Меч	image_sword42
T	15	Щит	image_shield23
T	31	Молот	image_hammer17
T	33	Топор	image_axe28
T	37	Жезл	image_wand7
T	38	Кастет	image_castet18
T	39	Метательный нож	image_dagger7
T	8	Копье	image_spear24
T	9	Двуручный топор	image_axe29
T	14	Лук	image_bow61
T	30	Посох	image_staff15
T	32	Двуручный молот	image_hammer18
T	35	Двуручный меч	image_sword43
T	2	Ожерелье	image_kolie74
T	6	Пояс	image_belt68
T	7	Кольцо	image_ring91
T	40	Реликвия	art_charm
T	55	Серьга	image_ear9
A	1	6	135	17	46	23	0	0-0	0	125
A	1	7	145	19	57	28	0	0-0	0	130
A	1	8	165	23	69	34	0	0-0	0	140
A	1	9	205	28	80	40	0	0-0	0	160
A	1	10	245	34	103	46	0	0-0	0	175
A	1	11	315	40	126	51	0	0-0	0	215
A	1	12	385	51	149	57	0	0-0	0	245
A	1	13	455	63	172	63	0	0-0	0	280
A	1	14	545	74	201	69	0	0-0	0	325
A	1	15	655	86	230	74	0	0-0	0	380
A	1	16	785	103	258	80	0	0-0	0	450
A	1	17	940	126	299	86	0	0-0	0	525
A	1	18	1130	149	345	92	0	0-0	0	630
A	1	19	1350	184	391	97	0	0-0	0	760
A	1	20	1620	212	442	103	0	0-0	0	900
A	1	21	1945	258	494	109	0	0-0	0	1080
A	1	22	2335	304	552	115	0	0-0	0	1300
A	1	23	2800	356	632	120	0	0-0	0	1560
A	1	24	3360	414	851	1144	0	0-0	0	1875
A	3	6	195	22	60	30	0	0-0	0	185
A	3	7	220	25	75	37	0	0-0	0	195
A	3	8	255	30	90	45	0	0-0	0	210
A	3	9	320	37	105	52	0	0-0	0	245
A	3	10	390	45	135	60	0	0-0	0	280
A	3	11	445	52	165	67	0	0-0	0	310
A	3	12	600	67	195	75	0	0-0	0	385
A	3	13	720	82	225	82	0	0-0	0	445
A	3	14	865	97	262	90	0	0-0	0	515
A	3	15	1040	112	300	97	0	0-0	0	600
A	3	16	1250	135	337	105	0	0-0	0	710
A	3	17	1500	165	390	112	0	0-0	0	835
A	3	18	1800	195	450	120	0	0-0	0	995
A	3	19	2160	240	510	127	0	0-0	0	1215
A	3	20	2600	277	577	135	0	0-0	0	1440
A	3	21	3120	337	645	142	0	0-0	0	1765
A	3	22	3745	397	720	150	0	0-0	0	2080
A	3	23	4500	465	825	157	0	0-0	0	2500
A	3	24	5400	540	1110	1492	0	0-0	0	3000
A	4	6	135	17	46	23	0	0-0	0	125
A	4	7	145	19	57	28	0	0-0	0	130
A	4	8	165	23	69	34	0	0-0	0	140
A	4	9	205	28	80	40	0	0-0	0	160
A	4	10	245	34	103	46	0	0-0	0	175
A	4	11	315	40	126	51	0	0-0	0	215
A	4	12	385	51	149	57	0	0-0	0	245
A	4	13	455	63	172	63	0	0-0	0	280
A	4	14	545	74	201	69	0	0-0	0	325
A	4	15	655	86	230	74	0	0-0	0	380
A	4	16	785	103	258	80	0	0-0	0	450
A	4	17	940	126	299	86	0	0-0	0	525
A	4	18	1130	149	345	92	0	0-0	0	630
A	4	19	1350	184	391	97	0	0-0	0	760
A	4	20	1620	212	442	103	0	0-0	0	900
A	4	21	1945	258	494	109	0	0-0	0	1080
A	4	22	2335	304	552	115	0	0-0	0	1300
A	4	23	2800	356	632	120	0	0-0	0	1560
A	4	24	3360	414	851	1144	0	0-0	0	1875
A	5	6	135	17	46	23	0	0-0	0	125
A	5	7	145	19	57	28	0	0-0	0	130
A	5	8	165	23	69	34	0	0-0	0	140
A	5	9	205	28	80	40	0	0-0	0	160
A	5	10	245	34	103	46	0	0-0	0	175
A	5	11	315	40	126	51	0	0-0	0	215
A	5	12	385	51	149	57	0	0-0	0	245
A	5	13	455	63	172	63	0	0-0	0	280
A	5	14	545	74	201	69	0	0-0	0	325
A	5	15	655	86	230	74	0	0-0	0	380
A	5	16	785	103	258	80	0	0-0	0	450
A	5	17	940	126	299	86	0	0-0	0	525
A	5	18	1130	149	345	92	0	0-0	0	630
A	5	19	1350	184	391	97	0	0-0	0	760
A	5	20	1620	212	442	103	0	0-0	0	900
A	5	21	1945	258	494	109	0	0-0	0	1080
A	5	22	2335	304	552	115	0	0-0	0	1300
A	5	23	2800	356	632	120	0	0-0	0	1560
A	5	24	3360	414	851	1144	0	0-0	0	1875
A	10	6	135	17	46	23	0	0-0	0	125
A	10	7	145	19	57	28	0	0-0	0	130
A	10	8	165	23	69	34	0	0-0	0	140
A	10	9	205	28	80	40	0	0-0	0	160
A	10	10	245	34	103	46	0	0-0	0	175
A	10	11	315	40	126	51	0	0-0	0	215
A	10	12	385	51	149	57	0	0-0	0	245
A	10	13	455	63	172	63	0	0-0	0	280
A	10	14	545	74	201	69	0	0-0	0	325
A	10	15	655	86	230	74	0	0-0	0	380
A	10	16	785	103	258	80	0	0-0	0	450
A	10	17	940	126	299	86	0	0-0	0	525
A	10	18	1130	149	345	92	0	0-0	0	630
A	10	19	1350	184	391	97	0	0-0	0	760
A	10	20	1620	212	442	103	0	0-0	0	900
A	10	21	1945	258	494	109	0	0-0	0	1080
A	10	22	2335	304	552	115	0	0-0	0	1300
A	10	23	2800	356	632	120	0	0-0	0	1560
A	10	24	3360	414	851	1144	0	0-0	0	1875
A	11	6	135	17	46	23	0	0-0	0	125
A	11	7	145	19	57	28	0	0-0	0	130
A	11	8	165	23	69	34	0	0-0	0	140
A	11	9	205	28	80	40	0	0-0	0	160
A	11	10	245	34	103	46	0	0-0	0	175
A	11	11	315	40	126	51	0	0-0	0	215
A	11	12	385	51	149	57	0	0-0	0	245
A	11	13	455	63	172	63	0	0-0	0	280
A	11	14	545	74	201	69	0	0-0	0	325
A	11	15	655	86	230	74	0	0-0	0	380
A	11	16	785	103	258	80	0	0-0	0	450
A	11	17	940	126	299	86	0	0-0	0	525
A	11	18	1130	149	345	92	0	0-0	0	630
A	11	19	1350	184	391	97	0	0-0	0	760
A	11	20	1620	212	442	103	0	0-0	0	900
A	11	21	1945	258	494	109	0	0-0	0	1080
A	11	22	2335	304	552	115	0	0-0	0	1300
A	11	23	2800	356	632	120	0	0-0	0	1560
A	11	24	3360	414	851	1144	0	0-0	0	1875
A	12	6	145	19	52	26	0	40-50	1	140
A	12	7	160	22	65	32	0	47-59	1	150
A	12	8	180	26	78	39	0	43-61	1	160
A	12	9	230	32	91	45	0	57-71	1	185
A	12	10	285	39	117	52	0	69-85	1	210
A	12	11	360	45	143	58	0	84-102	1	250
A	12	12	435	58	169	65	0	116-152	1	290
A	12	13	520	71	195	71	0	142-182	1	330
A	12	14	625	84	227	78	0	172-216	1	380
A	12	15	750	97	260	84	0	192-256	1	445
A	12	16	900	117	292	91	0	250-306	1	520
A	12	17	1080	143	338	97	0	300-366	1	610
A	12	18	1300	169	390	104	0	360-440	1	725
A	12	19	1560	208	442	110	0	420-540	1	875
A	12	20	1850	240	500	117	0	440-710	2	1000
A	12	21	2220	292	559	123	0	530-850	2	1235
A	12	22	2665	344	624	130	0	695-960	2	1480
A	12	23	3200	403	715	136	0	835-1150	2	1780
A	12	24	3840	468	962	1293	0	910-1180	2	2140
A	15	6	145	19	52	26	0	30-30	1	140
A	15	7	160	22	65	32	0	35-35	1	150
A	15	8	180	26	78	39	0	42-42	1	160
A	15	9	230	32	91	45	0	50-50	1	185
A	15	10	285	39	117	52	0	60-60	1	210
A	15	11	360	45	143	58	0	74-74	1	250
A	15	12	435	58	169	65	0	88-88	1	290
A	15	13	520	71	195	71	0	107-107	1	330
A	15	14	625	84	227	78	0	128-128	1	380
A	15	15	750	97	260	84	0	150-150	1	445
A	15	16	900	117	292	91	0	180-180	1	520
A	15	17	1080	143	338	97	0	220-220	1	610
A	15	18	1300	169	390	104	0	265-265	1	725
A	15	19	1560	208	442	110	0	315-315	1	875
A	15	20	1850	240	500	117	0	380-380	1	1000
A	15	21	2220	292	559	123	0	455-455	1	1235
A	15	22	2665	344	624	130	0	545-545	1	1480
A	15	23	3200	403	715	136	0	655-656	1	1780
A	15	24	3840	468	962	1293	0	720-720	1	2140
A	31	6	145	19	52	26	0	40-50	1	140
A	31	7	160	22	65	32	0	47-59	1	150
A	31	8	180	26	78	39	0	43-61	1	160
A	31	9	230	32	91	45	0	57-71	1	185
A	31	10	285	39	117	52	0	69-85	1	210
A	31	11	360	45	143	58	0	84-102	1	250
A	31	12	435	58	169	65	0	116-152	1	290
A	31	13	520	71	195	71	0	142-182	1	330
A	31	14	625	84	227	78	0	172-216	1	380
A	31	15	750	97	260	84	0	192-256	1	445
A	31	16	900	117	292	91	0	250-306	1	520
A	31	17	1080	143	338	97	0	300-366	1	610
A	31	18	1300	169	390	104	0	360-440	1	725
A	31	19	1560	208	442	110	0	420-540	1	875
A	31	20	1850	240	500	117	0	440-710	2	1000
A	31	21	2220	292	559	123	0	530-850	2	1235
A	31	22	2665	344	624	130	0	695-960	2	1480
A	31	23	3200	403	715	136	0	835-1150	2	1780
A	31	24	3840	468	962	1293	0	910-1180	2	2140
A	33	6	145	19	52	26	0	40-50	1	140
A	33	7	160	22	65	32	0	47-59	1	150
A	33	8	180	26	78	39	0	43-61	1	160
A	33	9	230	32	91	45	0	57-71	1	185
A	33	10	285	39	117	52	0	69-85	1	210
A	33	11	360	45	143	58	0	84-102	1	250
A	33	12	435	58	169	65	0	116-152	1	290
A	33	13	520	71	195	71	0	142-182	1	330
A	33	14	625	84	227	78	0	172-216	1	380
A	33	15	750	97	260	84	0	192-256	1	445
A	33	16	900	117	292	91	0	250-306	1	520
A	33	17	1080	143	338	97	0	300-366	1	610
A	33	18	1300	169	390	104	0	360-440	1	725
A	33	19	1560	208	442	110	0	420-540	1	875
A	33	20	1850	240	500	117	0	440-710	2	1000
A	33	21	2220	292	559	123	0	530-850	2	1235
A	33	22	2665	344	624	130	0	695-960	2	1480
A	33	23	3200	403	715	136	0	835-1150	2	1780
A	33	24	3840	468	962	1293	0	910-1180	2	2140
A	37	6	145	19	52	26	0	5-25	1	140
A	37	7	160	22	65	32	0	8-26	1	150
A	37	8	180	26	78	39	0	10-32	1	160
A	37	9	230	32	91	45	0	13-39	1	185
A	37	10	285	39	117	52	0	16-47	1	210
A	37	11	360	45	143	58	0	22-52	1	250
A	37	12	435	58	169	65	0	30-60	1	290
A	37	13	520	71	195	71	0	30-78	1	330
A	37	14	625	84	227	78	0	40-90	1	380
A	37	15	750	97	260	84	0	54-100	1	445
A	37	16	900	117	292	91	0	110-142	1	520
A	37	17	1080	143	338	97	0	138-172	1	610
A	37	18	1300	169	390	104	0	182-218	1	725
A	37	19	1560	208	442	110	0	221-259	1	875
A	37	20	1850	240	500	117	0	280-320	2	1000
A	37	21	2220	292	559	123	0	364-406	2	1235
A	37	22	2665	344	624	130	0	450-470	2	1480
A	37	23	3200	403	715	136	0	540-565	2	1780
A	37	24	3840	468	962	1293	0	600-620	2	2140
A	38	6	145	19	52	26	0	40-50	1	140
A	38	7	160	22	65	32	0	47-59	1	150
A	38	8	180	26	78	39	0	43-61	1	160
A	38	9	230	32	91	45	0	57-71	1	185
A	38	10	285	39	117	52	0	69-85	1	210
A	38	11	360	45	143	58	0	84-102	1	250
A	38	12	435	58	169	65	0	116-152	1	290
A	38	13	520	71	195	71	0	142-182	1	330
A	38	14	625	84	227	78	0	172-216	1	380
A	38	15	750	97	260	84	0	192-256	1	445
A	38	16	900	117	292	91	0	250-306	1	520
A	38	17	1080	143	338	97	0	300-366	1	610
A	38	18	1300	169	390	104	0	360-440	1	725
A	38	19	1560	208	442	110	0	420-540	1	875
A	38	20	1850	240	500	117	0	440-710	2	1000
A	38	21	2220	292	559	123	0	530-850	2	1235
A	38	22	2665	344	624	130	0	695-960	2	1480
A	38	23	3200	403	715	136	0	835-1150	2	1780
A	38	24	3840	468	962	1293	0	910-1180	2	2140
A	39	6	135	17	46	23	0	26-30	4	125
A	39	7	145	19	57	28	0	30-36	4	130
A	39	8	165	23	69	34	0	35-45	4	140
A	39	9	205	28	80	40	0	42-54	4	160
A	39	10	245	34	103	46	0	50-70	4	175
A	39	11	315	40	126	51	0	65-95	4	215
A	39	12	385	51	149	57	0	67-101	4	245
A	39	13	455	63	172	63	0	80-120	4	280
A	39	14	545	74	201	69	0	100-140	4	325
A	39	15	655	86	230	74	0	120-170	4	380
A	39	16	785	103	258	80	0	140-210	4	450
A	39	17	940	126	299	86	0	170-245	5	525
A	39	18	1130	149	345	92	0	210-290	5	630
A	39	19	1350	184	391	97	0	250-350	5	760
A	39	20	1620	212	442	103	0	300-420	6	900
A	39	21	1945	258	494	109	0	360-500	6	1080
A	39	22	2335	304	552	115	0	430-590	6	1300
A	39	23	2800	356	632	120	0	520-720	6	1560
A	39	24	3360	414	851	1144	0	550-930	6	1875
A	8	6	195	22	60	30	0	93-123	3	185
A	8	7	220	25	75	37	0	109-149	3	195
A	8	8	255	30	90	45	0	129-179	3	210
A	8	9	320	37	105	52	0	152-232	3	245
A	8	10	390	45	135	60	0	190-270	3	280
A	8	11	445	52	165	67	0	230-330	3	310
A	8	12	600	67	195	75	0	280-400	3	385
A	8	13	720	82	225	82	0	335-475	3	445
A	8	14	865	97	262	90	0	410-570	3	515
A	8	15	1040	112	300	97	0	500-670	3	600
A	8	16	1250	135	337	105	0	620-780	3	710
A	8	17	1500	165	390	112	0	740-940	3	835
A	8	18	1800	195	450	120	0	900-1120	3	995
A	8	19	2160	240	510	127	0	1100-1320	3	1215
A	8	20	2600	277	577	135	0	1320-1580	3	1440
A	8	21	3120	337	645	142	0	1590-1890	3	1765
A	8	22	3745	397	720	150	0	1995-2170	3	2080
A	8	23	4500	465	825	157	0	2395-2605	3	2500
A	8	24	5400	540	1110	1492	0	2620-2880	3	3000
A	9	6	195	22	60	30	0	93-123	3	185
A	9	7	220	25	75	37	0	109-149	3	195
A	9	8	255	30	90	45	0	129-179	3	210
A	9	9	320	37	105	52	0	152-232	3	245
A	9	10	390	45	135	60	0	190-270	3	280
A	9	11	445	52	165	67	0	230-330	3	310
A	9	12	600	67	195	75	0	280-400	3	385
A	9	13	720	82	225	82	0	335-475	3	445
A	9	14	865	97	262	90	0	410-570	3	515
A	9	15	1040	112	300	97	0	500-670	3	600
A	9	16	1250	135	337	105	0	620-780	3	710
A	9	17	1500	165	390	112	0	740-940	3	835
A	9	18	1800	195	450	120	0	900-1120	3	995
A	9	19	2160	240	510	127	0	1100-1320	3	1215
A	9	20	2600	277	577	135	0	1320-1580	3	1440
A	9	21	3120	337	645	142	0	1590-1890	3	1765
A	9	22	3745	397	720	150	0	1995-2170	3	2080
A	9	23	4500	465	825	157	0	2395-2605	3	2500
A	9	24	5400	540	1110	1492	0	2620-2880	3	3000
A	14	6	195	22	60	30	0	57-79	7	185
A	14	7	220	25	75	37	0	70-94	8	195
A	14	8	255	30	90	45	0	79-115	8	210
A	14	9	320	37	105	52	0	98-134	8	245
A	14	10	390	45	135	60	0	116-162	9	280
A	14	11	445	52	165	67	0	140-196	9	310
A	14	12	600	67	195	75	0	160-242	10	385
A	14	13	720	82	225	82	0	208-274	10	445
A	14	14	865	97	262	90	0	249-329	11	515
A	14	15	1040	112	300	97	0	298-398	11	600
A	14	16	1250	135	337	105	0	357-475	12	710
A	14	17	1500	165	390	112	0	434-572	12	835
A	14	18	1800	195	450	120	0	500-700	12	995
A	14	19	2160	240	510	127	0	617-819	13	1215
A	14	20	2600	277	577	135	0	691-933	13	1440
A	14	21	3120	337	645	142	0	729-1337	13	1765
A	14	22	3745	397	720	150	0	1000-1480	13	2080
A	14	23	4500	465	825	157	0	1200-1775	13	2500
A	14	24	5400	540	1110	1492	0	1320-1940	13	3000
A	30	6	195	22	60	30	0	54-54	2	185
A	30	7	220	25	75	37	0	65-65	2	195
A	30	8	255	30	90	45	0	77-77	2	210
A	30	9	320	37	105	52	0	96-96	2	245
A	30	10	390	45	135	60	0	115-115	2	280
A	30	11	445	52	165	67	0	140-140	2	310
A	30	12	600	67	195	75	0	195-195	2	385
A	30	13	720	82	225	82	0	205-205	2	445
A	30	14	865	97	262	90	0	245-245	2	515
A	30	15	1040	112	300	97	0	292-292	2	600
A	30	16	1250	135	337	105	0	350-350	2	710
A	30	17	1500	165	390	112	0	420-420	2	835
A	30	18	1800	195	450	120	0	505-505	2	995
A	30	19	2160	240	510	127	0	605-605	3	1215
A	30	20	2600	277	577	135	0	725-725	3	1440
A	30	21	3120	337	645	142	0	870-870	3	1765
A	30	22	3745	397	720	150	0	1045-1045	3	2080
A	30	23	4500	465	825	157	0	1250-1250	3	2500
A	30	24	5400	540	1110	1492	0	1275-1375	3	3000
A	32	6	195	22	60	30	0	93-123	3	185
A	32	7	220	25	75	37	0	109-149	3	195
A	32	8	255	30	90	45	0	129-179	3	210
A	32	9	320	37	105	52	0	152-232	3	245
A	32	10	390	45	135	60	0	190-270	3	280
A	32	11	445	52	165	67	0	230-330	3	310
A	32	12	600	67	195	75	0	280-400	3	385
A	32	13	720	82	225	82	0	335-475	3	445
A	32	14	865	97	262	90	0	410-570	3	515
A	32	15	1040	112	300	97	0	500-670	3	600
A	32	16	1250	135	337	105	0	620-780	3	710
A	32	17	1500	165	390	112	0	740-940	3	835
A	32	18	1800	195	450	120	0	900-1120	3	995
A	32	19	2160	240	510	127	0	1100-1320	3	1215
A	32	20	2600	277	577	135	0	1320-1580	3	1440
A	32	21	3120	337	645	142	0	1590-1890	3	1765
A	32	22	3745	397	720	150	0	1995-2170	3	2080
A	32	23	4500	465	825	157	0	2395-2605	3	2500
A	32	24	5400	540	1110	1492	0	2620-2880	3	3000
A	35	6	195	22	60	30	0	93-123	3	185
A	35	7	220	25	75	37	0	109-149	3	195
A	35	8	255	30	90	45	0	129-179	3	210
A	35	9	320	37	105	52	0	152-232	3	245
A	35	10	390	45	135	60	0	190-270	3	280
A	35	11	445	52	165	67	0	230-330	3	310
A	35	12	600	67	195	75	0	280-400	3	385
A	35	13	720	82	225	82	0	335-475	3	445
A	35	14	865	97	262	90	0	410-570	3	515
A	35	15	1040	112	300	97	0	500-670	3	600
A	35	16	1250	135	337	105	0	620-780	3	710
A	35	17	1500	165	390	112	0	740-940	3	835
A	35	18	1800	195	450	120	0	900-1120	3	995
A	35	19	2160	240	510	127	0	1100-1320	3	1215
A	35	20	2600	277	577	135	0	1320-1580	3	1440
A	35	21	3120	337	645	142	0	1590-1890	3	1765
A	35	22	3745	397	720	150	0	1995-2170	3	2080
A	35	23	4500	465	825	157	0	2395-2605	3	2500
A	35	24	5400	540	1110	1492	0	2620-2880	3	3000
A	2	6	105	15	40	20	0	0-0	0	90
A	2	7	120	17	50	25	0	0-0	0	100
A	2	8	135	20	60	30	0	0-0	0	105
A	2	9	170	25	70	35	0	0-0	0	125
A	2	10	210	30	90	40	0	0-0	0	145
A	2	11	265	35	110	45	0	0-0	0	175
A	2	12	315	45	130	50	0	0-0	0	200
A	2	13	380	55	150	55	0	0-0	0	230
A	2	14	455	65	175	60	0	0-0	0	265
A	2	15	515	75	200	65	0	0-0	0	300
A	2	16	620	90	225	70	0	0-0	0	350
A	2	17	745	110	260	75	0	0-0	0	415
A	2	18	895	130	300	80	0	0-0	0	495
A	2	19	1075	160	340	85	0	0-0	0	600
A	2	20	1290	185	385	90	0	0-0	0	715
A	2	21	1550	225	430	95	0	0-0	0	860
A	2	22	1860	265	480	100	0	0-0	0	1035
A	2	23	2235	310	550	105	0	0-0	0	1245
A	2	24	2680	360	740	995	0	0-0	0	1495
A	6	6	105	15	40	20	0	0-0	0	90
A	6	7	120	17	50	25	0	0-0	0	100
A	6	8	135	20	60	30	0	0-0	0	105
A	6	9	170	25	70	35	0	0-0	0	125
A	6	10	210	30	90	40	0	0-0	0	145
A	6	11	265	35	110	45	0	0-0	0	175
A	6	12	315	45	130	50	0	0-0	0	200
A	6	13	380	55	150	55	0	0-0	0	230
A	6	14	455	65	175	60	0	0-0	0	265
A	6	15	515	75	200	65	0	0-0	0	300
A	6	16	620	90	225	70	0	0-0	0	350
A	6	17	745	110	260	75	0	0-0	0	415
A	6	18	895	130	300	80	0	0-0	0	495
A	6	19	1075	160	340	85	0	0-0	0	600
A	6	20	1290	185	385	90	0	0-0	0	715
A	6	21	1550	225	430	95	0	0-0	0	860
A	6	22	1860	265	480	100	0	0-0	0	1035
A	6	23	2235	310	550	105	0	0-0	0	1245
A	6	24	2680	360	740	995	0	0-0	0	1495
A	7	6	105	15	40	20	0	0-0	0	90
A	7	7	120	17	50	25	0	0-0	0	100
A	7	8	135	20	60	30	0	0-0	0	105
A	7	9	170	25	70	35	0	0-0	0	125
A	7	10	210	30	90	40	0	0-0	0	145
A	7	11	265	35	110	45	0	0-0	0	175
A	7	12	315	45	130	50	0	0-0	0	200
A	7	13	380	55	150	55	0	0-0	0	230
A	7	14	455	65	175	60	0	0-0	0	265
A	7	15	515	75	200	65	0	0-0	0	300
A	7	16	620	90	225	70	0	0-0	0	350
A	7	17	745	110	260	75	0	0-0	0	415
A	7	18	895	130	300	80	0	0-0	0	495
A	7	19	1075	160	340	85	0	0-0	0	600
A	7	20	1290	185	385	90	0	0-0	0	715
A	7	21	1550	225	430	95	0	0-0	0	860
A	7	22	1860	265	480	100	0	0-0	0	1035
A	7	23	2235	310	550	105	0	0-0	0	1245
A	7	24	2680	360	740	995	0	0-0	0	1495
A	40	6	6	0	0	0	5	0-0	0	5
A	40	7	12	0	0	0	5	0-0	0	10
A	40	8	18	0	0	0	5	0-0	0	15
A	40	9	36	0	0	0	5	0-0	0	25
A	40	10	72	0	0	0	5	0-0	0	50
A	40	11	108	0	0	0	5	0-0	0	70
A	40	12	144	0	0	0	5	0-0	0	90
A	40	13	153	0	0	0	5	0-0	0	95
A	40	14	180	0	0	0	5	0-0	0	105
A	40	15	216	0	0	0	5	0-0	0	125
A	40	16	288	0	0	0	5	0-0	0	165
A	40	17	306	0	0	0	5	0-0	0	170
A	40	18	360	0	0	0	5	0-0	0	200
A	40	19	435	0	0	0	5	0-0	0	245
A	40	20	525	0	0	0	10	0-0	0	300
A	40	21	630	0	0	0	10	0-0	0	360
A	40	22	750	0	0	0	10	0-0	0	430
A	40	23	930	0	0	0	10	0-0	0	535
A	40	24	1110	0	0	0	10	0-0	0	645
A	55	6	6	0	0	0	5	0-0	0	5
A	55	7	12	0	0	0	5	0-0	0	10
A	55	8	18	0	0	0	5	0-0	0	15
A	55	9	36	0	0	0	5	0-0	0	25
A	55	10	72	0	0	0	5	0-0	0	50
A	55	11	108	0	0	0	5	0-0	0	70
A	55	12	144	0	0	0	5	0-0	0	90
A	55	13	153	0	0	0	5	0-0	0	95
A	55	14	180	0	0	0	5	0-0	0	105
A	55	15	216	0	0	0	5	0-0	0	125
A	55	16	288	0	0	0	5	0-0	0	165
A	55	17	306	0	0	0	5	0-0	0	170
A	55	18	360	0	0	0	5	0-0	0	200
A	55	19	435	0	0	0	5	0-0	0	245
A	55	20	525	0	0	0	10	0-0	0	300
A	55	21	630	0	0	0	10	0-0	0	360
A	55	22	750	0	0	0	10	0-0	0	430
A	55	23	930	0	0	0	10	0-0	0	535
A	55	24	1110	0	0	0	10	0-0	0	645
I	10546	1	1	0	0	63	Льняная повязка	image_helm206	0,0,0,0,0,0,0	0,0,0,1,0,0,0	0	2,0,0,0,0	0,0,0	0-0	0
I	9004	1	1	1	1	8	Войлочный шлем	image_hlm5	0,0,3,0,0,0,0	0,0,1,0,0,0,1	0	4,0,0,0,0	1,1,0	0-0	0
I	2407	1	1	1	1	16	Обруч ученика	image_hlm1lvl	0,0,0,2,0,0,0	0,0,1,1,0,0,0	0	4,0,0,0,0	1,1,0	0-0	0
I	9003	1	1	1	1	1	Простой кожаный шлем	image_helmvar	3,0,0,0,0,0,0	1,0,0,0,0,1,0	0	4,0,0,0,0	1,1,0	0-0	0
I	46	1	1	2	2	1	Лёгкий кожаный шлем	image_helm1	4,0,0,0,0,0,0	1,1,1,0,0,0,0	0	5,0,0,0,0	0,0,0	0-0	0
I	47	1	1	2	2	16	Треуголка ученика	image_helm7	0,0,0,4,0,0,0	0,0,0,1,2,0,0	0	3,0,0,0,0	1,0,0	0-0	0
I	2408	1	1	2	2	8	Тяжелый кожаный шлем	image_hlm2lvl	0,0,3,0,0,0,0	1,0,1,0,0,0,1	0	5,0,0,0,0	0,0,0	0-0	0
I	2409	1	1	3	3	1	Легкий клёпанный шлем	image_helm15	5,0,0,0,0,0,0	2,1,0,0,0,1,0	0	5,0,0,0,0	0,0,0	0-0	0
I	2410	1	1	3	3	16	Шапочка ученика	image_hlm3lvl2	0,0,0,5,0,0,0	0,0,2,1,1,0,0	0	3,0,0,0,0	1,0,0	0-0	0
I	48	1	1	3	3	4	Шлем кожаный с заклёпками	image_hlm3lvl	0,0,5,0,0,0,0	1,0,2,0,0,1,0	0	5,0,0,0,0	0,0,0	0-0	0
I	2411	1	1	4	4	8	Легкий железный саллет	image_hlm4lvl	0,0,8,0,0,0,0	2,0,2,0,0,0,1	0	9,0,0,0,0	0,0,0	0-0	0
I	11473	1	1	4	4	63	Маска бандита	image_hlm_b1	0,0,0,0,0,0,0	2,2,2,0,0,0,0	0	6,0,0,0,0	1,1,0	0-0	0
I	11470	1	1	4	4	63	Повязка бандита	image_hlm_b	0,0,0,0,0,0,0	2,0,2,0,0,2,0	0	6,0,0,0,0	1,1,0	0-0	0
I	9005	1	1	4	4	16	Шелковая бандана	image_hlm0001	0,0,4,8,0,0,0	0,0,1,2,2,0,0	0	5,0,0,0,0	1,1,0	0-0	0
I	49	1	1	4	4	2	Шлем дикаря	image_helm4	8,0,0,0,0,0,0	2,0,2,0,0,1,0	0	9,0,0,0,0	0,0,0	0-0	0
I	11941	1	1	5	5	16	Железный шишак	image_hlm5jrec	9,0,7,8,0,0,0	1,0,1,2,2,0,0	0	7,0,0,0,0	1,1,0	0-0	0
I	11625	1	1	5	5	63	Капюшон костелуча	image_hlm_scelluch	0,0,0,0,0,0,0	1,1,1,0,0,2,1	0	6,4,0,0,0	0,5,0	0-0	0
I	51	1	1	5	5	4	Открытый бронзовый шлем	image_helm6	0,0,8,0,0,0,8	0,0,1,0,0,2,3	0	11,0,0,0,0	0,0,0	0-0	0
I	52	1	1	5	5	8	Открытый саллет	image_helm2	0,0,10,0,0,0,0	2,0,2,0,0,2,0	0	11,0,0,0,0	0,0,0	0-0	0
I	2412	1	1	5	5	32	Шапка заклинателя	image_hlm5lvl	0,0,4,13,0,0,0	0,0,1,3,2,0,0	0	4,0,0,0,0	1,1,1	0-0	0
I	11627	1	1	5	5	63	Шапочка скеломага	image_hlm_scelmag	0,0,0,0,0,0,0	1,0,1,2,2,0,0	0	3,0,0,0,0	2,2,0	0-0	0
I	2413	1	1	5	5	2	Шлем копейщика	image_hlm5lvl2	8,0,0,0,0,7,0	3,0,1,0,0,2,0	0	9,0,0,0,0	1,0,0	0-0	0
I	50	1	1	5	5	1	Шлем разведчика	image_helm16	0,8,0,0,0,5,0	2,1,2,0,0,1,0	0	7,0,0,0,0	1,1,0	0-0	0
I	13027	1	6	5	5	4	Шлем заступника	image_helm76	0,0,8,0,0,0,8	1,0,3,0,0,3,3	0	9,0,0,0,0	1,1,0	0-0	0
I	13000	1	6	5	5	1	Шлем молодого охотника	image_helm70	0,8,0,0,0,4,0	3,2,1,0,0,3,1	0	5,0,0,0,0	2,2,0	0-0	0
I	2459	1	1	6	6	63	Бандана лидера	image_hlm_bandit	0,0,0,0,0,0,0	2,2,2,0,0,2,2	0	5,0,0,0,0	2,2,0	0-0	0
I	2414	1	1	6	6	8	Железная каска-маска	image_hlm6lvl	6,0,12,0,0,0,6	2,0,3,0,0,1,2	0	12,0,0,0,0	2,2,0	0-0	0
I	11965	1	1	6	6	4	Закрытый железный шлем	image_helm10_2	0,0,12,0,0,8,8	1,0,3,0,0,2,2	0	15,0,0,0,0	0,1,1	0-0	0
I	54	1	1	6	6	16	Легкий железный шлем	image_helm22	12,0,0,12,0,0,0	1,0,1,2,4,0,0	0	8,0,0,0,0	3,3,0	0-0	0
I	10635	1	1	6	6	2	Простая железная каска	image_helmvar6	14,0,0,0,0,8,0	3,0,2,0,0,2,1	0	12,0,0,0,0	2,2,0	0-0	0
I	53	1	1	6	6	32	Чалма заклинателя	image_helm18	0,0,0,15,20,0,0	0,0,2,3,3,0,0	0	5,0,0,0,0	3,3,1	0-0	0
I	11969	1	1	6	6	1	Шишак стрелка	image_helm32_2	0,12,0,0,0,4,0	2,3,1,0,0,2,0	0	10,0,0,0,0	2,3,0	0-0	0
I	901	1	2	6	6	1	Первобытный шлем	image_helm32	5,3,0,0,0,10,0	2,3,2,0,0,3,1	0	11,0,0,0,0	3,3,1	0-0	0
I	100101	1	5	6	6	63	Шапка Деда Мороза	image_helm86	0,0,0,0,0,0,0	0,0,0,0,0,0,0	0	50,50,50,50,50	10,10,10	0-0	0
I	100102	1	5	6	6	63	Шапка Снегурочки	image_helm82	0,0,0,0,0,0,0	0,0,0,0,0,0,0	0	50,50,50,50,50	10,10,10	0-0	0
I	13012	1	6	6	6	2	Маска злодея	image_helm72	14,0,0,0,0,9,0	3,0,3,0,0,3,1	0	12,0,0,0,0	2,2,0	0-0	0
I	2415	1	1	7	7	32	Колпак заклинателя	image_hlm7lvl	0,0,0,18,23,0,0	0,0,3,3,3,0,0	0	8,0,0,0,0	3,3,2	0-0	0
I	10119	1	1	7	7	1	Легкий кольчужный шлем охотника	image_helm67	8,18,0,0,0,14,0	2,3,2,0,0,2,0	0	11,0,0,0,0	3,3,1	0-0	0
I	10127	1	1	7	7	8	Маска защитника	image_helm69	13,0,20,0,0,0,8	2,0,4,0,0,1,2	0	18,0,0,0,0	2,2,0	0-0	0
I	11962	1	1	7	7	2	Простая стальная каска	image_helmvar6_2	16,0,0,0,0,8,0	2,0,3,0,0,3,1	0	14,0,0,0,0	1,2,2	0-0	0
I	55	1	1	7	7	4	Стальной шлем	image_helm10	0,0,15,0,0,0,13	2,0,1,0,0,3,3	0	20,0,0,0,0	1,2,0	0-0	0
I	11950	1	1	7	7	16	Стальной шлем послушника	image_hlm7jrec	14,0,0,18,0,0,0	1,0,2,3,3,0,0	0	14,0,0,0,0	3,3,0	0-0	0
I	13026	1	6	7	7	32	Повязка фокусника	image_helm71	0,0,0,18,23,0,0	0,0,2,4,5,0,0	0	10,0,0,0,0	4,3,1	0-0	0
I	13042	1	6	7	7	8	Шлем борца	image_helm75	13,0,20,0,0,0,7	3,3,3,0,0,0,2	0	19,0,0,0,0	2,2,0	0-0	0
I	13051	1	6	7	7	16	Шлем диакона	image_helm74	14,0,0,18,0,0,0	2,0,3,3,3,0,0	0	15,0,0,0,0	3,3,0	0-0	0
I	10986	1	1	8	8	8	Боевой шлем защитника	image_hlm8_djag	16,0,29,0,0,0,12	3,2,3,0,0,0,3	0	24,0,0,0,0	2,2,0	0-0	0
I	10637	1	1	8	8	32	Капюшон посвященного	image_hlm6	0,0,12,22,27,0,0	0,0,3,4,4,0,0	0	6,0,0,0,0	5,5,2	0-0	0
I	10123	1	1	8	8	16	Легкий шлем жреца	image_helm68	21,0,17,22,0,0,0	2,0,3,3,3,0,0	0	17,0,0,0,0	3,3,1	0-0	0
I	10778	1	1	8	8	0	Шлем Сокрушителя	image_helm206	0,0,0,0,0,0,0	1,1,1,1,1,1,1	0	1,1,1,1,1	1,1,1	0-0	0
I	56	1	1	8	8	2	Шлем затмения	image_helm9	27,0,14,0,0,18,0	3,0,2,0,1,3,2	0	20,0,0,0,0	3,3,0	0-0	0
I	10636	1	1	8	8	1	Шлем следопыта	image_helmluch8	11,27,0,0,0,22,0	3,3,2,0,0,3,0	0	12,0,0,0,0	5,5,0	0-0	0
I	13763	1	1	8	8	4	Шлем щитоносца	image_hlm8_shield	0,0,27,0,0,12,22	1,0,4,0,0,3,3	0	24,0,0,0,0	2,2,0	0-0	0
I	916	1	2	8	8	32	Золотая маска	image_helm33	0,0,12,22,27,0,0	0,0,5,5,5,0,0	0	13,0,0,0,0	6,6,2	0-0	0
I	10176	1	3	8	8	4	Шлем покровителя	image_helm76	0,0,27,0,0,12,22	4,0,5,0,0,4,4	0	17,0,0,0,0	3,3,0	0-0	0
I	10131	1	3	8	8	1	Шлем старого охотника	image_helm70	11,27,0,0,0,22,0	4,3,3,0,0,3,4	0	9,0,0,0,0	5,5,0	0-0	0
I	11366	1	5	8	8	63	Колпак ведьмы	image_hlm_hall	0,0,0,0,0,0,0	0,0,15,0,0,0,0	4	25,25,25,25,25	33,33,33	0-0	0
I	11751	1	5	8	8	63	Фата	image_hlm_8marth	0,0,0,0,0,0,0	0,0,0,0,0,0,0	8	88,0,0,0,0	8,8,8	0-0	0
I	299997	1	5	8	8	63	Хэллоуинская маска	image_helm201	0,0,0,0,0,0,0	0,0,0,0,0,0,0	2	44,44,44,44,44	20,20,20	0-0	0
I	57	1	1	9	9	8	Закрытый шлем	image_helm3	19,0,34,0,0,0,14	3,2,4,0,0,2,2	0	28,0,0,0,0	3,3,0	0-0	0
I	11966	1	1	9	9	4	Имперский железный шлем	image_helm19_2	0,0,31,0,0,16,25	1,0,4,0,0,4,4	0	22,0,0,0,0	3,3,2	0-0	0
I	58	1	1	9	9	32	Колдовской колпак	image_hlm10_mag	0,0,14,26,31,0,0	0,0,3,5,5,0,0	0	7,0,0,0,0	6,6,3	0-0	0
I	10984	1	1	9	9	2	Маска интеллекта	image_hlm9_var	30,0,17,0,0,20,0	0,3,0,4,4,0,2	0	30,0,0,0,0	1,1,2	0-0	0
I	59	1	1	9	9	16	Шлем культиста	image_helm5	25,0,20,26,0,0,0	3,0,3,3,4,0,0	0	21,0,0,0,0	4,4,1	0-0	0
I	13254	1	1	9	9	1	Шлем ренегата	image_hlm9_rang	12,30,0,0,0,24,0	3,4,0,0,0,4,2	0	26,0,0,0,0	2,2,2	0-0	0
I	928	1	2	9	9	1	Шлем зверобоя	image_helm35	12,30,0,0,0,24,0	3,3,4,0,2,3,3	0	21,0,0,0,0	5,5,4	0-0	0
I	10152	1	3	9	9	2	Маска душегуба	image_helm72	30,0,17,0,0,20,0	6,2,5,0,1,6,3	0	32,0,0,0,0	8,8,3	0-0	0
I	411	1	3	9	9	4	Шлем Восточного Императора	image_helm24	0,0,31,0,0,16,25	5,0,8,0,0,5,5	0	45,0,0,0,0	4,4,4	0-0	0
I	60	1	1	10	10	1	Закрытый кольчужный шлем	image_helm21	15,34,0,0,0,28,0	5,4,3,0,0,3,0	0	20,0,0,0,0	6,6,2	0-0	0
I	61	1	1	10	10	4	Имперский шлем	image_helm19	0,0,36,0,0,20,28	1,0,3,0,0,5,6	0	27,0,0,0,0	5,5,1	0-0	0
I	13264	1	1	10	10	32	Колдовская шляпа	image_helm8	0,0,17,30,36,0,0	0,0,4,5,6,0,0	0	10,0,0,0,0	7,7,4	0-0	0
I	13260	1	1	10	10	16	Позолоченный шлем священника	image_hlm10_jrec	26,0,25,29,0,0,0	3,0,3,5,4,0,0	0	27,0,0,0,0	5,5,1	0-0	0
I	10985	1	1	10	10	2	Шлем гномовержца	image_hlm10_var	24,0,0,0,0,18,0	4,2,4,0,0,4,1	0	25,0,0,0,0	6,5,1	0-0	0
I	11919	1	1	10	10	8	Шлем телохранителя	image_hlm10djag	21,0,39,0,0,0,16	4,2,5,0,0,0,4	0	27,0,0,0,0	5,5,1	0-0	0
I	10148	1	3	10	10	32	Повязка иллюзиониста	image_helm71	0,0,17,30,36,0,0	0,0,8,10,9,0,0	0	24,0,0,0,0	8,8,11	0-0	0
I	10173	1	3	10	10	8	Шлем воителя	image_helm75	21,0,39,0,0,0,16	6,3,8,0,2,2,6	0	41,0,0,0,0	6,6,8	0-0	0
I	10164	1	3	10	10	16	Шлем капеллана	image_helm74	26,0,25,29,0,0,0	5,1,6,7,8,0,0	0	26,0,0,0,0	9,9,9	0-0	0
I	13261	1	1	11	11	16	Армет храмовника	image_hlm11_jrec	31,0,30,35,0,0,0	4,0,4,5,5,0,0	0	35,0,0,0,0	6,6,0	0-0	0
I	62	1	1	11	11	8	Тяжелый полный шлем	image_helm13	27,0,44,0,0,0,18	5,3,5,0,0,2,3	0	43,0,0,0,0	4,4,0	0-0	0
I	13255	1	1	11	11	1	Шлем лесного разведчика	image_hlm11_rang	18,41,0,0,0,32,0	5,5,1,0,0,5,2	0	30,0,0,0,0	5,5,3	0-0	0
I	63	1	1	11	11	2	Шлем темных богов	image_helm12	41,0,22,0,0,30,0	4,0,5,0,0,5,4	0	33,0,0,0,0	5,5,2	0-0	0
I	13583	1	1	11	11	32	Шляпа аколита	image_hlm11_mag	0,0,21,35,41,0,0	0,0,4,7,7,0,0	0	16,0,0,0,0	7,7,5	0-0	0
I	10638	1	1	11	11	4	Штурмовой имперский шлем	image_hlm7	0,0,41,0,0,24,32	1,0,5,0,0,6,6	0	35,0,0,0,0	6,6,0	0-0	0
I	951	1	2	11	11	8	Гвардейская каска	image_helm34	27,0,44,0,0,0,18	5,4,5,0,2,3,5	0	50,0,0,0,0	7,7,1	0-0	0
I	950	1	2	11	11	32	Ритуальная маска	image_helm36	0,0,21,35,41,0,0	0,0,6,9,9,0,0	0	20,0,0,0,0	10,10,7	0-0	0
I	10858	1	3	11	11	1	Легкий шлем лучника	image_hlm11_ranger	18,41,0,0,0,32,0	7,6,5,2,2,7,3	0	41,0,0,0,0	12,12,6	0-0	0
I	2497	1	3	11	11	16	Маскарадный шлем	image_hlm_hall	0,0,0,0,0,0,0	10,10,10,10,10,10,10	4	20,20,20,20,20	13,13,10	0-0	0
I	416	1	3	11	11	32	Темный мудрец	image_helm25	0,0,21,35,41,0,0	0,0,14,9,9,0,0	0	19,19,19,19,19	3,3,0	0-0	0
I	276	1	3	11	11	16	Шлем Братства Огня	image_helm23	31,0,30,35,0,0,0	4,0,9,9,10,0,0	0	62,0,0,0,0	0,0,15	0-0	0
I	10993	1	9	11	11	0	Калушка	image_hlm_kalush	0,0,0,0,0,0,0	10,10,10,10,10,10,10	0	16,16,16,16,16	15,15,15	0-0	0
I	375	1	9	11	11	0	Простая защитная маска	image_helm1227	0,0,0,0,0,0,0	10,10,10,10,10,10,10	0	30,10,10,10,10	10,10,10	0-0	0
I	10865	1	1	12	12	8	Армет телохранителя	image_hlm12_djag	31,0,48,0,0,0,18	5,4,6,0,2,2,6	0	49,0,0,0,0	3,3,0	0-0	0
I	10862	1	1	12	12	4	Каркасный шлем легионера	image_hlm12_shield	0,0,43,0,0,30,36	4,0,7,0,2,6,6	0	41,0,0,0,0	5,5,0	0-0	0
I	64	1	1	12	12	32	Корона архимага	image_helm20	0,0,22,41,46,0,0	0,0,6,10,9,0,0	0	16,0,0,0,0	9,9,3	0-0	0
I	65	1	1	12	12	16	Парадный шлем храмовника	image_helm11	35,0,34,40,0,0,0	4,2,7,4,8,0,0	0	36,0,0,0,0	4,4,3	0-0	0
I	10860	1	1	12	12	2	Шлем гладиатора	image_hlm10	44,0,24,0,0,32,0	6,2,5,0,2,6,4	0	41,0,0,0,0	5,5,0	0-0	0
I	66	1	1	12	12	1	Шлем эльфийского следопыта	image_helm17	19,42,0,0,0,34,0	5,6,6,2,2,4,0	0	37,0,0,0,0	6,6,0	0-0	0
I	13587	1	1	13	13	16	Барбют паладина	image_hlm13_jrec2	40,0,39,45,0,0,0	5,0,8,9,9,0,0	0	45,0,0,0,0	4,4,3	0-0	0
I	13586	1	1	13	13	8	Латный бикокет	image_hlm13_djag	34,0,54,0,0,0,22	7,4,10,0,0,0,10	0	58,0,0,0,0	3,3,0	0-0	0
I	547	1	1	13	13	4	Латунный шлем центуриона	image_hlm14_shield	0,0,48,0,0,36,40	0,0,11,0,0,10,10	0	48,0,0,0,0	4,4,2	0-0	0
I	13584	1	1	13	13	1	Маска проводника духов	image_hlm13_rang	22,48,10,0,0,36,0	6,10,5,0,0,10,0	0	44,0,0,0,0	5,5,2	0-0	0
I	446	1	1	13	13	32	Чалма хранителя легенд	image_helm26	0,0,23,45,52,0,0	0,0,7,11,13,0,0	0	22,0,0,0,0	12,12,0	0-0	0
I	13585	1	1	13	13	2	Шлем берсерка	image_hlm13_var	48,0,27,0,0,38,0	10,0,7,0,0,10,4	0	54,0,0,0,0	4,4,0	0-0	0
I	13455	1	2	13	13	4	Бандана Максимиллиана I	image_hlm_AB	0,0,0,0,0,0,0	6,0,18,2,2,20,14	4	84,0,0,0,0	8,8,8	0-0	0
I	13461	1	2	13	13	16	Башлык Адольфа I	image_hlm_AM	0,0,0,0,0,0,0	8,0,16,20,18,0,0	4	73,0,0,0,0	7,7,13	0-0	0
I	958	1	2	13	13	8	Гвардейский боевой шлем	image_helm38	34,0,54,0,0,0,22	8,7,8,1,3,7,8	0	69,0,0,0,0	7,7,0	0-0	0
I	13449	1	2	13	13	1	Капюшон Ингрид I	image_hlm_AR	0,0,0,0,0,0,0	10,10,10,2,2,20,8	4	70,0,0,0,0	10,10,10	0-0	0
I	957	1	2	13	13	2	Маска скорби	image_helm37	48,0,27,0,0,38,0	12,5,9,0,0,10,6	0	54,0,0,0,0	10,10,1	0-0	0
I	13262	1	2	13	13	16	Парадный шлем благочестивости	image_hlm13_jrec	40,0,39,45,0,0,0	10,0,12,10,10,0,0	0	60,0,0,0,0	7,7,3	0-0	0
I	200334	1	2	13	13	1	Шлем лесных теней	image_helm129	22,48,10,0,0,36,0	8,8,7,1,1,10,7	0	61,0,0,0,0	9,9,0	0-0	0
I	10098	1	3	13	13	2	Бацинет красной звезды	image_helm59	48,0,27,0,0,38,0	15,0,15,0,0,16,10	0	73,0,0,0,0	10,10,4	0-0	0
I	10099	1	3	13	13	4	Позолоченный пилос	image_helm61	0,0,48,0,0,36,40	0,0,17,3,3,16,17	0	70,0,0,0,0	10,10,5	0-0	0
I	10097	1	3	13	13	8	Шлем рыцарей чести	image_helm60	34,0,54,0,0,0,22	14,8,14,0,0,6,14	0	93,0,0,0,0	8,8,0	0-0	0
I	285	1	3	13	13	32	Шляпа магистра	image_helm44	0,0,23,45,52,0,0	0,0,16,20,20,0,0	0	50,0,0,0,0	12,12,9	0-0	0
I	10868	1	3	13	13	16	Штурмовой шлем благочестивости	image_hlm13_priest	40,0,39,45,0,0,0	13,8,8,14,13,0,0	0	85,0,0,0,0	10,10,0	0-0	0
I	13350	1	6	13	13	63	Бандана Максимиллиана I	image_hlm_AB	0,0,0,0,0,0,0	6,0,18,2,2,20,14	4	84,0,0,0,0	8,8,8	0-0	0
I	13356	1	6	13	13	63	Башлык Адольфа I	image_hlm_AM	0,0,0,0,0,0,0	8,0,16,20,18,0,0	4	73,0,0,0,0	7,7,13	0-0	0
I	13344	1	6	13	13	63	Капюшон Ингрид I	image_hlm_AR	0,0,0,0,0,0,0	10,10,10,2,2,20,8	4	70,0,0,0,0	10,10,10	0-0	0
I	11559	1	7	13	13	8	Барбют стойкости	image_hlm23	34,0,54,0,0,0,22	10,5,20,1,1,5,10	0	78,21,0,0,0	10,10,10	0-0	0
I	11561	1	7	13	13	32	Капюшон прорицателя	image_hlm26	0,0,23,45,52,0,0	0,0,16,18,18,0,0	0	78,21,0,0,0	10,10,10	0-0	0
I	11558	1	7	13	13	4	Салад славы	image_hlm24	0,0,48,0,0,36,40	2,0,18,0,3,14,15	0	78,21,0,0,0	10,10,10	0-0	0
I	11560	1	7	13	13	16	Тиара шамана	image_hlm25	40,0,39,45,0,0,0	10,0,15,12,15,0,0	0	78,21,0,0,0	10,10,10	0-0	0
I	10290	1	7	13	13	1	Шлем захватчика	image_helm112	22,48,10,0,0,36,0	9,17,13,0,0,13,0	0	78,21,0,0,0	10,10,10	0-0	0
I	11557	1	7	13	13	2	Шлем мучителя	image_hlm22	48,0,27,0,0,38,0	15,0,14,0,2,15,6	0	78,21,0,0,0	10,10,10	0-0	0
I	13256	1	1	14	14	2	Каска берсерка	image_hlm14_var	55,0,36,0,0,45,0	8,6,7,0,0,9,5	0	42,0,0,0,0	10,10,3	0-0	0
I	10867	1	1	14	14	32	Маска адепта	image_hlm14_mage	0,0,25,55,62,0,0	0,0,8,12,15,0,0	0	28,0,0,0,0	9,9,9	0-0	0
I	10866	1	1	14	14	8	Стальная маска	image_hlm14_djag	39,0,62,0,0,0,28	6,5,8,3,2,3,8	0	51,0,0,0,0	10,10,0	0-0	0
I	549	1	1	14	14	16	Шлем паладина	image_helm29	45,0,45,50,0,0,0	9,5,8,5,8,0,0	0	45,0,0,0,0	7,7,6	0-0	0
I	10863	1	1	14	14	4	Шлем патрициев	image_helm31	0,0,55,0,0,42,45	4,0,9,3,3,8,8	0	54,0,0,0,0	7,7,3	0-0	0
I	548	1	1	14	14	1	Шлем проводника духов	image_helm28	25,55,14,0,0,45,0	6,10,6,0,1,4,8	0	35,0,0,0,0	11,11,4	0-0	0
I	13244	1	2	14	14	4	Латный шлем Восточного Императора	image_hlm14_shield1	0,0,48,0,0,36,40	5,0,12,3,4,11,12	0	59,0,0,0,0	10,10,7	0-0	0
I	10241	1	2	14	14	1	Шлем эльфийского принца	image_helm89	25,55,14,0,0,45,0	9,11,8,0,0,11,8	0	41,0,0,0,0	16,16,5	0-0	0
I	10386	1	3	14	14	2	Маска боли	image_helm134	55,0,36,0,0,45,0	16,10,13,0,0,16,8	0	47,0,0,0,0	20,20,10	0-0	0
I	10516	1	3	14	14	1	Серебряный триумфальный шлем	image_hlm241	25,55,14,0,0,45,0	12,16,10,0,0,16,9	0	49,0,0,0,0	21,21,8	0-0	0
I	326	1	5	14	14	63	Зеленый цилиндр	image_Patrik_helm	0,0,0,0,0,0,0	4,4,4,4,4,4,4	3	44,0,0,0,0	44,44,44	0-0	0
I	11395	1	5	14	14	63	Ледяной шлем	image_hlm_i	0,0,0,0,0,0,0	15,15,15,15,15,15,15	4	0,0,0,0,0	0,0,0	0-0	0
I	50507	1	6	14	14	63	Маска Айлефель	image_helm_water_mask	0,0,0,0,0,0,0	0,0,25,15,0,0,0	1	0,0,0,0,0	0,0,0	0-0	0
I	50501	1	6	14	14	63	Маска Дарина	image_helm_creation_mask	0,0,0,0,0,0,0	0,0,25,0,15,0,0	1	0,0,0,0,0	0,0,0	0-0	0
I	50503	1	6	14	14	63	Маска Паландура	image_helm_destruction_mask	0,0,0,0,0,0,0	15,0,25,0,0,0,0	1	0,0,0,0,0	0,0,0	0-0	0
I	50504	1	6	14	14	63	Маска Плодиса	image_helm_earth_mask	0,0,0,0,0,0,0	0,0,25,0,0,0,15	1	0,0,0,0,0	0,0,0	0-0	0
I	50502	1	6	14	14	63	Маска Сарагарда	image_helm_death_mask	0,0,0,0,0,0,0	10,0,25,0,0,5,0	1	0,0,0,0,0	0,0,0	0-0	0
I	50500	1	6	14	14	63	Маска Сутара	image_helm_wind_mask	0,0,0,0,0,0,0	0,15,25,0,0,0,0	1	0,0,0,0,0	0,0,0	0-0	0
I	50505	1	6	14	14	63	Маска Файрига	image_helm_fire_mask	0,0,0,0,0,0,0	0,0,25,0,0,15,0	1	0,0,0,0,0	0,0,0	0-0	0
I	50506	1	6	14	14	63	Маска Эйтерии	image_helm_life_mask	0,0,0,0,0,0,0	0,0,40,0,0,0,0	1	0,0,0,0,0	0,0,0	0-0	0
I	11638	1	8	14	14	63	Черный цилиндр	image_hallowhelm1	0,0,0,0,0,0,0	6,6,6,6,6,6,6	6	65,0,0,0,0	6,6,6	0-0	0
I	13588	1	1	15	15	4	Армет центуриона	image_hlm15_shield2	0,0,57,0,0,45,47	4,0,12,2,2,12,12	0	92,0,0,0,0	3,3,0	0-0	0
I	551	1	1	15	15	8	Каска доминирования	image_helm30	42,0,67,0,0,9,29	10,5,15,0,0,6,8	0	68,0,0,0,0	9,9,0	0-0	0
I	13263	1	1	15	15	16	Шапка миротворца	image_helm135	47,0,47,52,0,0,0	5,0,12,15,12,0,0	0	20,0,0,0,0	12,12,12	0-0	0
I	13589	1	1	15	15	32	Шапка могущества	image_hlm16_mage	0,0,27,60,69,0,0	0,0,13,15,16,0,0	0	40,0,0,0,0	10,10,8	0-0	0
I	550	1	1	15	15	2	Шлем кровавого зова	image_helm27	58,0,42,0,0,49,0	11,3,9,0,5,10,6	0	51,0,0,0,0	11,11,3	0-0	0
I	10859	1	1	15	15	1	Шлем лесного дозора	image_hlm15_ranger	27,57,16,0,0,47,0	7,11,8,0,2,9,7	0	37,0,0,0,0	13,13,5	0-0	0
I	13200	1	2	15	15	63	Ледяной шлем МК1	image_hlm_i	0,0,0,0,0,0,0	17,17,17,17,17,17,17	4	15,15,15,15,15	9,9,9	0-0	0
I	50515	1	2	15	15	63	Маска Айлефель I	image_helm_water_mask	0,0,0,0,0,0,0	0,0,30,15,5,0,0	1	5,5,5,5,5	5,5,5	0-0	0
I	50509	1	2	15	15	63	Маска Дарина I	image_helm_creation_mask	0,0,0,0,0,0,0	0,0,30,0,20,0,0	1	5,5,5,5,5	5,5,5	0-0	0
I	50511	1	2	15	15	63	Маска Паландура I	image_helm_destruction_mask	0,0,0,0,0,0,0	10,0,30,0,0,10,0	1	5,5,5,5,5	5,5,5	0-0	0
I	50512	1	2	15	15	63	Маска Плодиса I	image_helm_earth_mask	0,0,0,0,0,0,0	0,0,30,0,0,0,20	1	5,5,5,5,5	5,5,5	0-0	0
I	50510	1	2	15	15	63	Маска Сарагарда I	image_helm_death_mask	0,0,0,0,0,0,0	10,0,30,0,0,10,0	1	5,5,5,5,5	5,5,5	0-0	0
I	50508	1	2	15	15	63	Маска Сутара I	image_helm_wind_mask	0,0,0,0,0,0,0	5,15,30,0,0,0,0	1	5,5,5,5,5	5,5,5	0-0	0
I	50513	1	2	15	15	63	Маска Файрига I	image_helm_fire_mask	0,0,0,0,0,0,0	5,0,30,0,0,15,0	1	5,5,5,5,5	5,5,5	0-0	0
I	50514	1	2	15	15	63	Маска Эйтерии I	image_helm_life_mask	0,0,0,0,0,0,0	0,0,50,0,0,0,0	1	5,5,5,5,5	5,5,5	0-0	0
I	985	1	2	15	15	32	Маска великого чернокнижника	image_helm64	0,0,27,60,69,0,0	0,0,15,21,23,0,0	0	49,0,0,0,0	15,15,11	0-0	0
I	200338	1	2	15	15	16	Шлем верховного жреца	image_helm130	47,0,47,52,0,0,0	7,0,17,15,13,0,7	0	80,0,0,0,0	11,11,6	0-0	0
I	10864	1	3	15	15	4	Бронзовый шлем Победы	image_hlm15_shield	0,0,57,0,0,45,47	14,0,19,4,4,19,19	0	117,0,0,0,0	10,10,10	0-0	0
I	2498	1	3	15	15	16	Маскарадный шлем	image_hlm_hall	0,0,0,0,0,0,0	25,25,25,25,25,25,25	4	40,40,40,40,40	40,40,40	0-0	0
I	10385	1	3	15	15	16	Шлем прозрения	image_hlm15_jrec	47,0,47,52,0,0,0	14,7,19,14,18,0,7	0	67,0,25,25,0	10,10,10	0-0	0
I	9038	1	5	15	15	63	Шапка-ушанка	image_hlm_winter15	0,0,0,0,0,0,0	0,0,50,0,0,0,0	8	25,25,25,25,25	25,25,50	0-0	0
I	10301	1	7	15	15	1	Шапка мстителя	image_helm109	27,57,16,0,0,47,0	15,25,10,0,0,25,5	0	60,0,0,0,0	25,25,20	0-0	0
I	10304	1	7	15	15	32	Шапка пророка	image_helm108	0,0,27,60,69,0,0	0,0,20,30,30,0,0	0	55,0,0,0,0	30,30,15	0-0	0
I	10300	1	7	15	15	4	Шлем гордости	image_helm111	0,0,57,0,0,45,47	10,0,15,0,5,25,25	0	80,0,15,15,0	20,20,10	0-0	0
I	10299	1	7	15	15	8	Шлем непреклонного	image_helm107	42,0,67,0,0,9,29	20,10,25,0,0,10,15	0	90,0,10,10,0	20,20,10	0-0	0
I	10303	1	7	15	15	16	Шлем оракула	image_helm106	47,0,47,52,0,0,0	15,0,20,25,20,0,0	0	65,0,0,0,0	25,15,25	0-0	0
I	10302	1	7	15	15	2	Шлем палача	image_helm110	58,0,42,0,0,49,0	25,5,15,0,0,25,10	0	60,0,0,0,0	25,25,20	0-0	0
I	10198	1	1	16	16	1	Боевой шлем лесного дозора	image_helm80	29,60,20,0,0,49,0	7,12,8,0,2,11,8	0	40,0,0,0,0	14,14,6	0-0	0
I	10560	1	1	16	16	8	Боевой шлем непреклонной силы	image_helm501	45,0,76,0,0,15,31	10,10,16,0,0,0,12	0	64,0,0,0,0	16,9,0	0-0	0
I	10111	1	1	16	16	4	Каска патрициев	image_helm65	0,0,59,0,0,48,50	0,0,16,0,0,16,16	0	64,0,0,0,0	11,11,2	0-0	0
I	13235	1	1	16	16	32	Митра могущества	image_hlm15_mag	0,0,30,68,73,0,0	0,0,13,17,18,0,0	0	33,0,0,0,0	12,12,11	0-0	0
I	10861	1	1	16	16	2	Рогатый шлем вождя	image_hlm16_var	61,0,48,0,0,55,0	12,0,10,0,0,16,10	0	61,0,0,0,0	8,8,7	0-0	0
I	10869	1	1	16	16	16	Шлем крестоносца	image_hlm16_priest	51,0,52,54,0,0,0	10,2,12,12,12,0,0	0	54,0,0,0,0	9,9,8	0-0	0
I	13473	1	2	16	16	4	Бандана Максимиллиана II	image_hlm_AB	0,0,0,0,0,0,0	12,0,24,3,3,30,24	4	130,0,0,0,0	14,14,14	0-0	0
I	13479	1	2	16	16	16	Башлык Адольфа II	image_hlm_AM	0,0,0,0,0,0,0	12,0,26,30,28,0,0	4	74,0,0,0,0	16,16,30	0-0	0
I	13467	1	2	16	16	1	Капюшон Ингрид II	image_hlm_AR	0,0,0,0,0,0,0	16,16,16,3,3,30,12	4	88,0,0,0,0	20,20,20	0-0	0
I	13257	1	2	16	16	4	Легкий шлем воинской доблести	image_hlm16_shield	0,0,59,0,0,48,50	5,0,20,2,2,20,20	0	78,0,0,0,0	12,12,5	0-0	0
I	50523	1	2	16	16	63	Маска Айлефель II	image_helm_water_mask	0,0,0,0,0,0,0	0,0,30,20,20,0,0	2	10,10,10,10,10	10,10,10	0-0	0
I	50517	1	2	16	16	63	Маска Дарина II	image_helm_creation_mask	0,0,0,0,0,0,0	10,0,30,10,20,0,0	2	10,10,10,10,10	10,10,10	0-0	0
I	50519	1	2	16	16	63	Маска Паландура II	image_helm_destruction_mask	0,0,0,0,0,0,0	10,0,30,0,0,15,15	2	10,10,10,10,10	10,10,10	0-0	0
I	50520	1	2	16	16	63	Маска Плодиса II	image_helm_earth_mask	0,0,0,0,0,0,0	0,0,30,0,0,15,25	2	10,10,10,10,10	10,10,10	0-0	0
I	50518	1	2	16	16	63	Маска Сарагарда II	image_helm_death_mask	0,0,0,0,0,0,0	15,0,35,0,0,20,0	2	10,10,10,10,10	10,10,10	0-0	0
I	50516	1	2	16	16	63	Маска Сутара II	image_helm_wind_mask	0,0,0,0,0,0,0	10,20,30,0,0,10,0	2	10,10,10,10,10	10,10,10	0-0	0
I	50521	1	2	16	16	63	Маска Файрига II	image_helm_fire_mask	0,0,0,0,0,0,0	10,0,30,0,0,20,10	2	10,10,10,10,10	10,10,10	0-0	0
I	50522	1	2	16	16	63	Маска Эйтерии II	image_helm_life_mask	0,0,0,0,0,0,0	0,0,60,10,0,0,0	2	10,10,10,10,10	10,10,10	0-0	0
I	11990	1	3	16	16	8	Закрытый шлем Титана	image_hlmdjag16	45,0,76,0,0,15,31	16,14,24,1,1,16,14	0	99,0,0,0,0	20,20,9	0-0	0
I	10551	1	3	16	16	32	Корона патриарха	image_hlm242	0,0,30,68,73,0,0	0,0,25,29,32,0,0	0	66,0,0,0,0	20,20,20	0-0	0
I	13151	1	3	16	16	2	Маска рыцарей ночи	image_hlm16lvl_var	61,0,48,0,0,55,0	19,14,16,2,2,19,14	0	87,0,0,0,0	20,20,13	0-0	0
I	13148	1	3	16	16	1	Шлем глубокой тени	image_hlm16lvl_rang	29,60,20,0,0,49,0	16,19,14,2,2,19,14	0	72,0,0,0,0	20,20,18	0-0	0
I	11159	1	5	16	16	63	Голова дракона	image_helm_drack	0,0,0,0,0,0,0	0,0,50,0,0,0,0	4	33,33,33,33,33	22,22,22	0-0	0
I	11425	1	5	16	16	63	Шлем Коэнфорра	image_hlm_reward	0,0,0,0,0,0,0	90,0,50,0,0,90,0	0	35,0,0,0,0	30,0,0	0-0	0
I	13368	1	6	16	16	63	Бандана Максимиллиана II	image_hlm_AB	0,0,0,0,0,0,0	12,0,24,3,3,30,24	4	130,0,0,0,0	14,14,14	0-0	0
I	13374	1	6	16	16	63	Башлык Адольфа II	image_hlm_AM	0,0,0,0,0,0,0	12,0,26,30,28,0,0	4	74,0,0,0,0	16,16,30	0-0	0
I	13362	1	6	16	16	63	Капюшон Ингрид II	image_hlm_AR	0,0,0,0,0,0,0	16,16,16,3,3,30,12	4	88,0,0,0,0	20,20,20	0-0	0
I	13523	1	6	16	16	63	Ледяной шлем МК2	image_hlm_i	0,0,0,0,0,0,0	20,20,20,20,20,20,20	4	20,20,20,20,20	12,12,12	0-0	0
I	13590	1	1	17	17	8	Армет древнего колосса	image_hlm17_djag	51,0,86,0,0,20,35	14,0,18,0,0,10,16	0	103,0,0,0,0	5,5,4	0-0	0
I	10007	1	1	17	17	1	Каска золотого Феникса	image_hlm18_rang	39,69,24,0,0,59,0	12,14,9,0,3,12,8	0	60,0,0,0,0	15,15,5	0-0	0
I	13171	1	1	17	17	4	Открытый шлем античного витязя	image_hlm17shield	20,0,61,0,0,51,53	6,0,22,2,2,13,13	0	89,0,0,0,0	7,7,6	0-0	0
I	10009	1	1	17	17	2	Шлем ночного хищника	image_helm47	71,0,55,0,0,62,0	13,6,11,0,4,13,11	0	70,12,0,0,0	8,8,7	0-0	0
I	10008	1	1	17	17	16	Шлем святого слова	image_helm52	54,0,55,56,0,0,0	12,9,12,13,12,0,0	0	57,0,0,0,0	12,12,10	0-0	0
I	10006	1	1	17	17	32	Шляпа равновесия элементов	image_helm46	0,0,37,76,83,0,0	0,0,15,21,22,0,0	0	38,0,0,0,0	16,16,11	0-0	0
I	50531	1	2	17	17	63	Маска Айлефель III	image_helm_water_mask	0,0,0,0,0,0,0	0,0,30,30,30,0,0	2	15,15,15,15,15	15,15,15	0-0	0
I	50525	1	2	17	17	63	Маска Дарина III	image_helm_creation_mask	0,0,0,0,0,0,0	15,0,30,15,30,0,0	2	15,15,15,15,15	15,15,15	0-0	0
I	50527	1	2	17	17	63	Маска Паландура III	image_helm_destruction_mask	0,0,0,0,0,0,0	10,0,35,0,0,25,20	2	15,15,15,15,15	15,15,15	0-0	0
I	50528	1	2	17	17	63	Маска Плодиса III	image_helm_earth_mask	0,0,0,0,0,0,0	0,0,35,0,0,20,35	2	15,15,15,15,15	15,15,15	0-0	0
I	50526	1	2	17	17	63	Маска Сарагарда III	image_helm_death_mask	0,0,0,0,0,0,0	25,0,40,0,0,25,0	2	15,15,15,15,15	15,15,15	0-0	0
I	50524	1	2	17	17	63	Маска Сутара III	image_helm_wind_mask	0,0,0,0,0,0,0	15,30,30,0,0,15,0	2	15,15,15,15,15	15,15,15	0-0	0
I	50529	1	2	17	17	63	Маска Файрига III	image_helm_fire_mask	0,0,0,0,0,0,0	15,0,30,0,0,25,20	2	15,15,15,15,15	15,15,15	0-0	0
I	50530	1	2	17	17	63	Маска Эйтерии III	image_helm_life_mask	0,0,0,0,0,0,0	0,0,70,20,0,0,0	2	15,15,15,15,15	15,15,15	0-0	0
I	988	1	2	17	17	8	Обсидиановый шлем колосса	image_helm63	51,0,86,0,0,20,35	16,12,23,0,0,12,15	0	107,0,0,0,0	16,16,4	0-0	0
I	10559	1	2	17	17	16	Шлем святой Инквизиции	image_helm500	54,0,55,55,0,0,0	12,12,15,12,15,0,12	0	94,0,0,0,0	17,17,7	0-0	0
I	10530	1	3	17	17	1	Боевой шлем лесных теней	image_hlm250	39,69,24,0,0,59,0	25,30,15,0,0,20,10	0	70,0,0,0,0	30,30,22	0-0	0
I	10513	1	3	17	17	8	Священный шлем Титана	image_hlm240	51,0,86,0,0,20,35	25,15,30,0,0,15,15	0	118,0,0,0,0	24,24,14	0-0	0
I	10531	1	3	17	17	2	Шлем рыцарей ночи	image_hlm251	71,0,55,0,0,62,0	30,0,25,0,0,30,15	0	106,0,0,0,0	30,30,10	0-0	0
I	10379	1	3	17	17	4	Шлем чемпиона	image_helm128	20,0,61,0,0,51,53	20,0,25,0,0,25,30	0	125,0,0,0,0	20,20,17	0-0	0
I	11165	1	5	17	17	63	Голова Дракона 2024	image_hlm_dracon	0,0,0,0,0,0,0	0,0,60,0,0,0,0	4	40,40,40,40,40	28,28,28	0-0	0
I	13194	1	5	17	17	2	Шантеклер варвара	image_hlm_cock2	0,0,0,0,0,0,0	65,0,50,5,5,75,25	4	190,0,0,0,0	45,45,45	0-0	0
I	13196	1	5	17	17	8	Шантеклер джаггернаута	image_hlm_cock3	0,0,0,0,0,0,0	55,0,70,0,0,55,45	4	265,0,0,0,0	45,45,20	0-0	0
I	13197	1	5	17	17	16	Шантеклер жреца	image_hlm_cock1	0,0,0,0,0,0,0	55,0,55,55,60,0,0	4	190,0,0,0,0	45,45,45	0-0	0
I	13198	1	5	17	17	32	Шантеклер мага	image_hlm_cock5	0,0,0,0,0,0,0	0,0,55,85,85,0,0	4	132,0,0,0,0	55,55,51	0-0	0
I	13195	1	5	17	17	4	Шантеклер мастера щита	image_hlm_cock6	0,0,0,0,0,0,0	15,0,70,0,0,75,65	4	265,0,0,0,0	45,45,20	0-0	0
I	13193	1	5	17	17	1	Шантеклер рейнджера	image_hlm_cock4	0,0,0,0,0,0,0	45,55,30,0,0,75,20	4	205,0,0,0,0	45,45,40	0-0	0
I	13560	1	6	17	17	63	Ледяной шлем МК3	image_hlm_i	0,0,0,0,0,0,0	24,24,24,24,24,24,24	4	30,30,30,30,30	20,20,20	0-0	0
I	140	1	9	17	17	0	Защитная маска	image_helm1227	0,0,0,0,0,0,0	45,45,45,45,45,45,45	0	140,45,45,45,45	45,45,45	0-0	0
I	10994	1	9	17	17	0	Калушка 2.0	image_hlm_kalush	0,0,0,0,0,0,0	45,45,45,45,45,45,45	0	69,69,69,69,69	45,50,50	0-0	0
I	13592	1	1	18	18	16	Армет святого слова	image_hlm18_jrec	63,0,57,62,0,0,0	17,0,17,18,16,0,0	0	71,0,0,0,0	15,15,12	0-0	0
I	10371	1	1	18	18	2	Боевой шлем ночного хищника	image_helm127	74,0,62,0,0,66,0	16,10,13,0,0,16,13	0	80,20,0,0,0	10,10,9	0-0	0
I	11092	1	1	18	18	8	Рогатый шлем древнего колосса	image_hlm18_djag	53,0,88,0,0,27,35	18,10,23,2,0,0,15	0	122,0,0,0,0	9,9,3	0-0	0
I	13593	1	1	18	18	32	Шапка равновесия элементов	image_hlm18_mag	0,0,41,80,83,0,0	0,0,20,24,24,0,0	0	50,0,0,0,0	18,18,15	0-0	0
I	13258	1	1	18	18	4	Шлем античного витязя	image_hlm18_shield	20,0,63,0,0,60,60	0,0,24,0,0,20,24	0	84,20,0,0,0	12,12,5	0-0	0
I	13591	1	1	18	18	1	Шлем золотого Феникса	image_helm49	40,71,31,0,0,62,0	16,16,14,0,0,16,6	0	92,0,0,0,0	12,12,9	0-0	0
I	13234	1	2	18	18	2	Латный шлем смертельных мук	image_hlm18_var	74,0,62,0,0,66,0	20,13,16,0,0,27,16	0	101,0,0,0,0	19,19,16	0-0	0
I	50539	1	2	18	18	63	Маска Айлефель IV	image_helm_water_mask	0,0,0,0,0,0,0	0,0,40,50,40,0,0	3	20,20,20,20,20	25,25,25	0-0	0
I	50533	1	2	18	18	63	Маска Дарина IV	image_helm_creation_mask	0,0,0,0,0,0,0	25,0,40,30,35,0,0	3	20,20,20,20,20	25,25,25	0-0	0
I	50535	1	2	18	18	63	Маска Паландура IV	image_helm_destruction_mask	0,0,0,0,0,0,0	15,0,45,0,0,35,35	3	20,20,20,20,20	25,25,25	0-0	0
I	50536	1	2	18	18	63	Маска Плодиса IV	image_helm_earth_mask	0,0,0,0,0,0,0	0,0,50,0,0,35,45	3	20,20,20,20,20	25,25,25	0-0	0
I	50534	1	2	18	18	63	Маска Сарагарда IV	image_helm_death_mask	0,0,0,0,0,0,0	35,0,60,0,0,35,0	3	20,20,20,20,20	25,25,25	0-0	0
I	50532	1	2	18	18	63	Маска Сутара IV	image_helm_wind_mask	0,0,0,0,0,0,0	20,40,40,0,0,30,0	3	20,20,20,20,20	25,25,25	0-0	0
I	50537	1	2	18	18	63	Маска Файрига IV	image_helm_fire_mask	0,0,0,0,0,0,0	25,0,40,0,0,35,30	3	20,20,20,20,20	25,25,25	0-0	0
I	50538	1	2	18	18	63	Маска Эйтерии IV	image_helm_life_mask	0,0,0,0,0,0,0	0,0,90,40,0,0,0	3	20,20,20,20,20	25,25,25	0-0	0
I	11084	1	2	18	18	1	Шлем Соколиной Охоты	image_hlm11	40,71,31,0,0,62,0	22,22,16,0,5,22,5	0	96,0,0,0,0	21,21,15	0-0	0
I	11086	1	2	18	18	4	Шлем воинской доблести	image_hlm13	20,0,63,0,0,60,60	8,0,27,0,3,27,27	0	140,0,0,0,0	16,16,7	0-0	0
I	13236	1	2	18	18	32	Шляпа небесной энергии	image_hlm18_mage	0,0,41,80,83,0,0	0,0,22,35,35,0,0	0	50,0,0,0,0	25,25,25	0-0	0
I	11089	1	3	18	18	16	Шлем абсолютного познания	image_hlm18_priest	63,0,57,62,0,0,0	27,5,25,30,30,0,5	0	101,0,0,0,0	30,30,27	0-0	0
I	11087	1	3	18	18	32	Шляпа повелителя бурь	image_hlm14	0,0,41,80,83,0,0	0,0,35,42,45,0,0	0	87,0,0,0,0	35,35,25	0-0	0
I	13620	1	6	18	18	63	Ледяной шлем МК4	image_hlm_i	0,0,0,0,0,0,0	29,29,29,29,29,29,29	5	40,40,40,40,40	30,30,30	0-0	0
I	11091	1	1	19	19	2	Боевой шлем атамана	image_hlm19_var	78,0,71,0,0,69,0	25,10,20,0,0,25,5	0	98,0,0,0,0	15,15,11	0-0	0
I	11090	1	1	19	19	16	Закрытый шлем великомученика	image_hlm19_priest	70,0,62,69,0,0,0	22,0,20,20,23,0,0	0	75,0,0,0,0	20,20,12	0-0	0
I	11085	1	1	19	19	1	Крылатый шлем Древних	image_hlm12	44,73,36,0,0,64,0	20,20,15,0,0,20,10	0	57,0,0,0,0	20,20,18	0-0	0
I	10010	1	1	19	19	4	Шлем броненосца	image_helm50	20,0,69,0,0,68,67	4,0,22,2,4,23,30	0	98,20,0,0,0	13,13,7	0-0	0
I	10011	1	1	19	19	8	Шлем кавалериста	image_helm45	55,0,94,0,0,35,38	17,9,27,1,1,8,22	0	100,0,11,11,0	12,12,7	0-0	0
I	11088	1	1	19	19	32	Шляпа великого волшебника	image_hlm15	0,0,46,85,90,0,0	0,0,25,30,30,0,0	0	51,0,0,0,0	20,20,20	0-0	0
I	13491	1	2	19	19	4	Бандана Максимиллиана III	image_hlm_AB	0,0,0,0,0,0,0	24,0,46,4,4,50,42	4	172,0,0,0,0	30,30,30	0-0	0
I	13497	1	2	19	19	16	Башлык Адольфа III	image_hlm_AM	0,0,0,0,0,0,0	20,0,50,52,48,0,0	4	136,0,0,0,0	24,24,50	0-0	0
I	13485	1	2	19	19	1	Капюшон Ингрид III	image_hlm_AR	0,0,0,0,0,0,0	30,30,30,4,4,50,22	4	137,0,0,0,0	35,35,35	0-0	0
I	50547	1	2	19	19	63	Маска Айлефель V	image_helm_water_mask	0,0,0,0,0,0,0	0,0,50,50,50,0,0	4	30,30,30,30,30	35,35,35	0-0	0
I	50541	1	2	19	19	63	Маска Дарина V	image_helm_creation_mask	0,0,0,0,0,0,0	30,0,45,35,40,0,0	4	30,30,30,30,30	35,35,35	0-0	0
I	50543	1	2	19	19	63	Маска Паландура V	image_helm_destruction_mask	0,0,0,0,0,0,0	20,0,50,0,0,40,40	4	30,30,30,30,30	35,35,35	0-0	0
I	50544	1	2	19	19	63	Маска Плодиса V	image_helm_earth_mask	0,0,0,0,0,0,0	0,0,60,0,0,40,50	4	30,30,30,30,30	35,35,35	0-0	0
I	50542	1	2	19	19	63	Маска Сарагарда V	image_helm_death_mask	0,0,0,0,0,0,0	40,0,70,0,0,40,0	4	30,30,30,30,30	35,35,35	0-0	0
I	50540	1	2	19	19	63	Маска Сутара V	image_helm_wind_mask	0,0,0,0,0,0,0	25,45,45,0,0,35,0	4	30,30,30,30,30	35,35,35	0-0	0
I	50545	1	2	19	19	63	Маска Файрига V	image_helm_fire_mask	0,0,0,0,0,0,0	30,0,45,0,0,40,35	4	30,30,30,30,30	35,35,35	0-0	0
I	50546	1	2	19	19	63	Маска Эйтерии V	image_helm_life_mask	0,0,0,0,0,0,0	0,0,100,50,0,0,0	4	30,30,30,30,30	35,35,35	0-0	0
I	13259	1	3	19	19	8	Закрытый священный шлем Титана	image_hlm19_djag	55,0,94,0,0,35,38	32,20,45,5,5,15,31	0	122,30,30,30,30	18,18,10	0-0	0
I	304429	1	5	19	19	63	Бувигер	image_hlm4538	0,0,0,0,0,0,0	179,50,50,80,0,30,25	0	108,0,0,0,0	0,0,0	0-0	0
I	2574	1	5	19	19	63	Пасть Секача	image_hlm_pig	0,0,0,0,0,0,0	50,50,50,50,50,50,0	9	220,0,0,0,0	40,40,40	0-0	0
I	13386	1	6	19	19	63	Бандана Максимиллиана III	image_hlm_AB	0,0,0,0,0,0,0	24,0,46,4,4,50,42	4	172,0,0,0,0	30,30,30	0-0	0
I	13392	1	6	19	19	63	Башлык Адольфа III	image_hlm_AM	0,0,0,0,0,0,0	20,0,50,52,48,0,0	4	136,0,0,0,0	24,24,50	0-0	0
I	13380	1	6	19	19	63	Капюшон Ингрид III	image_hlm_AR	0,0,0,0,0,0,0	30,30,30,4,4,50,22	4	137,0,0,0,0	35,35,35	0-0	0
I	13799	1	6	19	19	63	Ледяной шлем МК5	image_hlm_i	0,0,0,0,0,0,0	35,35,35,35,35,35,35	6	50,50,50,50,50	40,40,40	0-0	0
I	11764	1	7	19	19	8	Бургонет Лиловых Теней	image_hlm19rat_djag	55,0,94,0,0,35,38	35,15,45,5,5,15,36	0	162,30,30,30,0	30,30,20	0-0	0
I	11770	1	7	19	19	2	Демонический армет кровожадности	image_hlm19rat_var	78,0,71,0,0,69,0	41,20,25,0,5,40,25	0	130,0,0,0,42	50,50,20	0-0	0
I	11794	1	7	19	19	32	Легкий бацинет Чудотворца	image_hlm19rat_mage	0,0,46,85,90,0,0	0,0,36,60,60,0,0	0	127,0,0,0,50	36,36,37	0-0	0
I	11788	1	7	19	19	16	Платиновый барбют Апостола	image_hlm19rat_priest	70,0,62,69,0,0,0	35,11,30,35,35,0,10	0	125,0,0,0,50	35,35,39	0-0	0
I	11782	1	7	19	19	4	Сияющий саллет полудня	image_hlm19rat_shield	20,0,69,0,0,68,67	20,0,40,5,5,41,45	0	150,0,25,25,0	40,40,24	0-0	0
I	11776	1	7	19	19	1	Шлем Лесного Сумрака	image_hlm19rat_rang	44,73,36,0,0,64,0	31,45,20,0,5,30,25	0	122,0,0,0,30	55,55,20	0-0	0
I	11665	1	1	20	20	1	Барбют Древних лесных владык	image_hlm20rang	50,80,43,0,0,71,0	20,27,15,0,5,25,10	0	70,0,0,0,0	25,25,20	0-0	0
I	11668	1	1	20	20	8	Вороненый армет Неуязвимости	image_hlm20djag	60,0,100,0,0,42,43	25,10,33,4,0,10,20	0	100,0,20,20,0	15,15,10	0-0	0
I	11670	1	1	20	20	32	Лик Патриарха Тьмы	image_hlm20mage	0,0,51,91,98,0,0	0,0,26,38,38,0,0	0	75,0,0,0,0	23,23,21	0-0	0
I	11669	1	1	20	20	16	Литой Капюшон Архиепископа	image_hlm20priest	78,0,72,76,0,20,0	25,0,25,25,27,0,0	0	90,0,0,0,0	20,20,20	0-0	0
I	11666	1	1	20	20	2	Маска Красной Орды	image_hlm20var	86,0,81,0,0,76,0	30,9,20,0,3,30,10	0	102,0,0,0,0	20,20,16	0-0	0
I	2531	1	1	20	20	63	Подводный шлем	image_hlm_aqua	0,0,0,0,0,0,0	0,0,0,0,0,0,0	0	0,0,0,0,0	0,0,0	0-0	0
I	11667	1	1	20	20	4	Штурмовой бургонет Победоносца	image_hlm20shield	20,0,78,0,0,77,75	5,0,30,3,5,30,29	0	100,25,0,0,0	15,15,15	0-0	0
I	50555	1	2	20	20	63	Маска Айлефель VI	image_helm_water_mask	0,0,0,0,0,0,0	0,0,60,60,60,0,0	4	40,40,40,40,40	40,40,40	0-0	0
I	50549	1	2	20	20	63	Маска Дарина VI	image_helm_creation_mask	0,0,0,0,0,0,0	35,0,55,40,50,0,0	4	40,40,40,40,40	40,40,40	0-0	0
I	50551	1	2	20	20	63	Маска Паландура VI	image_helm_destruction_mask	0,0,0,0,0,0,0	30,0,55,0,0,50,45	4	40,40,40,40,40	40,40,40	0-0	0
I	50552	1	2	20	20	63	Маска Плодиса VI	image_helm_earth_mask	0,0,0,0,0,0,0	0,0,70,0,0,50,60	4	40,40,40,40,40	40,40,40	0-0	0
I	50550	1	2	20	20	63	Маска Сарагарда VI	image_helm_death_mask	0,0,0,0,0,0,0	50,0,80,0,0,50,0	4	40,40,40,40,40	40,40,40	0-0	0
I	50548	1	2	20	20	63	Маска Сутара VI	image_helm_wind_mask	0,0,0,0,0,0,0	30,55,55,0,0,40,0	4	40,40,40,40,40	40,40,40	0-0	0
I	50553	1	2	20	20	63	Маска Файрига VI	image_helm_fire_mask	0,0,0,0,0,0,0	35,0,55,0,0,50,40	4	40,40,40,40,40	40,40,40	0-0	0
I	50554	1	2	20	20	63	Маска Эйтерии VI	image_helm_life_mask	0,0,0,0,0,0,0	0,0,120,60,0,0,0	4	40,40,40,40,40	40,40,40	0-0	0
I	2513	1	2	20	20	63	Подводный шлем Атакующих	image_hlm_aqua	50,0,43,0,0,71,0	55,32,34,5,5,48,16	0	163,0,0,0,0	37,44,20	0-0	0
I	2519	1	2	20	20	63	Подводный шлем Защитников	image_hlm_aqua	20,0,78,0,0,42,43	36,13,51,7,7,32,49	0	226,0,0,0,0	27,27,17	0-0	0
I	2525	1	2	20	20	63	Подводный шлем Поддержки	image_hlm_aqua	0,0,51,76,0,0,0	21,10,43,49,58,0,14	0	125,0,0,0,0	41,41,32	0-0	0
I	10708	1	3	20	20	2	Маска Адского Сатаны	image_hlm_megavar	86,0,81,0,0,76,0	58,16,47,4,4,48,16	0	100,0,33,33,0	30,45,25	0-0	0
I	2499	1	3	20	20	16	Маскарадный шлем	image_hlm_hall	0,0,0,0,0,0,0	40,40,40,40,40,40,40	4	62,62,62,62,62	50,50,50	0-0	0
I	10754	1	3	20	20	32	Митра Алого Феникса	image_hlm0003	0,0,51,91,98,0,0	0,0,47,67,79,0,0	0	80,41,0,0,0	45,45,30	0-0	0
I	10731	1	3	20	20	4	Шлем Золотой Черепахи	image_hlm8	20,0,78,0,0,77,75	27,0,50,7,7,47,55	0	176,0,0,0,0	35,35,25	0-0	0
I	10697	1	3	20	20	1	Шлем Лазурного Дракона	image_hlm9	50,80,43,0,0,71,0	52,47,21,5,5,48,15	0	90,0,35,35,0	45,45,17	0-0	0
I	10743	1	3	20	20	16	Шлем Лунного Грифона	image_hlm0002	78,0,72,76,0,20,0	42,20,37,30,37,0,27	0	132,0,0,0,0	37,37,37	0-0	0
I	10720	1	3	20	20	8	Шлем Черного Единорога	image_hlm_megadjag	60,0,100,0,0,42,43	45,25,52,6,6,17,42	0	166,0,55,55,0	20,21,11	0-0	0
I	2319	1	5	20	20	16	Аметистовая корона Нуармара	image_hlm_nuarmore5	83,0,77,81,0,20,0	80,0,85,105,80,0,0	5	66,66,66,66,66	45,45,63	0-0	0
I	2315	1	5	20	20	1	Изумрудная корона Нуармара	image_hlm_nuarmore1	55,85,45,0,0,76,0	75,90,55,0,0,105,25	5	56,56,56,56,56	70,70,38	0-0	0
I	2543	1	5	20	20	63	Личина оборотня	image_hlm_wolf	0,0,0,0,0,0,0	67,58,63,58,58,58,58	9	273,0,0,0,0	50,50,50	0-0	0
I	13833	1	5	20	20	2	Новогодняя шапка Атакующих	image_helm86	50,0,43,0,0,71,0	31,28,25,3,5,31,13	2	112,0,0,0,0	25,25,20	0-0	0
I	13838	1	5	20	20	8	Новогодняя шапка Защитников	image_helm86	20,0,78,0,0,42,43	25,10,33,4,5,30,29	2	102,25,20,20,0	15,15,15	0-0	0
I	13844	1	5	20	20	16	Новогодняя шапка Поддержки	image_helm86	0,0,51,76,0,0,0	28,0,28,40,40,0,0	2	103,0,0,0,0	25,25,23	0-0	0
I	2318	1	5	20	20	8	Обсидиановая корона Нуармара	image_hlm_nuarmore4	65,0,105,0,0,47,48	100,0,115,0,30,0,105	5	74,74,74,74,74	55,55,23	0-0	0
I	348	1	5	20	20	0	Розовые очки	image_hlm_valentine	0,0,0,0,0,0,0	50,50,50,50,50,50,50	5	80,80,80,80,80	70,70,50	0-0	0
I	2316	1	5	20	20	2	Рубиновая корона Нуармара	image_hlm_nuarmore2	91,0,86,0,0,87,0	105,0,65,0,0,105,75	5	66,66,66,66,66	60,60,33	0-0	0
I	2320	1	5	20	20	32	Сапфировая корона Нуармара	image_hlm_nuarmore6	0,0,56,96,103,0,0	0,0,105,135,115,0,0	5	55,55,55,55,55	50,50,73	0-0	0
I	2317	1	5	20	20	4	Топазовая корона Нуармара	image_hlm_nuarmore3	20,0,83,0,0,82,80	55,0,85,0,0,105,105	5	72,72,72,72,72	55,55,28	0-0	0
I	527	1	5	20	20	63	Шлем Змеееда	image_hlm_snake2025	0,0,0,0,0,0,0	70,50,70,50,60,50,70	7	345,0,0,0,0	50,50,50	0-0	0
I	521	1	5	20	20	63	Шлем Кролика	image_hlm_bunny	0,0,0,0,0,0,0	50,70,50,50,60,70,70	7	275,0,0,0,0	60,60,60	0-0	0
I	515	1	5	20	20	63	Шлем Тигромана	image_hlm_tiger	0,0,0,0,0,0,0	60,60,60,60,60,60,60	7	240,0,0,0,0	65,65,65	0-0	0
I	13819	1	6	20	20	63	Ледяной шлем МК6	image_hlm_i	0,0,0,0,0,0,0	45,45,45,45,45,45,45	6	65,65,65,65,65	50,50,50	0-0	0
I	10995	1	9	20	20	0	Калушка 3.0	image_hlm_kalush	0,0,0,0,0,0,0	80,80,80,80,80,80,80	0	120,120,120,120,120	95,95,95	0-0	0
I	374	1	9	20	20	0	Улучшенная защитная маска	image_helm1228	0,0,0,0,0,0,0	80,80,80,80,80,80,80	0	250,80,80,80,80	80,80,80	0-0	0
I	13078	1	1	21	21	8	Гран-бацинет Бесстрашия	image_hlm21gos_djag	65,0,105,0,0,47,48	30,11,40,5,0,15,23	0	115,0,20,20,0	18,18,15	0-0	0
I	13079	1	1	21	21	16	Корона Гармонии духа	image_hlm21gos_priest	83,0,77,81,0,20,0	29,0,30,33,32,0,0	0	103,0,0,0,0	25,25,23	0-0	0
I	13076	1	1	21	21	2	Личина Бесконечной Битвы	image_hlm21gos_var	91,0,86,0,0,87,0	35,12,23,0,5,37,12	0	112,0,0,0,0	25,25,20	0-0	0
I	13075	1	1	21	21	1	Полумаска из Рощи вурдалаков	image_hlm21gos_rang	55,85,45,0,0,76,0	24,32,18,0,6,32,12	0	77,0,0,0,0	30,30,25	0-0	0
I	13077	1	1	21	21	4	Шлем яркого Восхода	image_hlm21gos_shield	20,0,83,0,0,82,80	5,0,36,5,5,37,36	0	118,28,0,0,0	18,18,18	0-0	0
I	13080	1	1	21	21	32	Элегантный клобук Безмятежности	image_hlm21gos_mage	0,0,56,96,103,0,0	0,0,40,41,43,0,0	0	80,0,0,0,0	30,30,24	0-0	0
I	11422	1	2	21	21	8	Армет Черного Единорога	image_hlm18	65,0,105,0,0,47,48	52,25,65,7,7,25,50	0	171,0,70,70,0	25,25,20	0-0	0
I	13509	1	2	21	21	4	Бандана Максимиллиана IV	image_hlm_AB	0,0,0,0,0,0,0	40,0,70,5,5,64,64	4	222,0,0,0,0	46,46,46	0-0	0
I	13515	1	2	21	21	16	Башлык Адольфа IV	image_hlm_AM	0,0,0,0,0,0,0	30,0,60,80,78,0,0	4	166,0,0,0,0	36,36,78	0-0	0
I	11423	1	2	21	21	16	Бургонет Лунного Грифона	image_hlm20	83,0,77,81,0,20,0	45,24,50,40,45,0,27	0	150,41,0,0,0	40,40,40	0-0	0
I	11421	1	2	21	21	4	Кабассет Золотой Черепахи	image_hlm16	20,0,83,0,0,82,80	30,0,60,8,8,60,65	0	181,0,30,30,0	35,35,30	0-0	0
I	13503	1	2	21	21	1	Капюшон Ингрид IV	image_hlm_AR	0,0,0,0,0,0,0	54,54,40,5,5,64,26	4	166,0,0,0,0	54,54,54	0-0	0
I	50564	1	2	21	21	63	Маска Айлефель VII	image_helm_water_mask	0,0,0,0,0,0,0	0,0,75,70,70,0,0	4	50,50,50,50,50	50,50,50	0-0	0
I	50558	1	2	21	21	63	Маска Дарина VII	image_helm_creation_mask	0,0,0,0,0,0,0	40,0,65,50,60,0,0	4	50,50,50,50,50	50,50,50	0-0	0
I	11419	1	2	21	21	1	Маска Изумрудного Дракона	image_hlm17	55,85,45,0,0,76,0	52,55,32,5,5,52,30	0	100,0,48,48,0	50,50,25	0-0	0
I	50560	1	2	21	21	63	Маска Паландура VII	image_helm_destruction_mask	0,0,0,0,0,0,0	35,0,65,0,0,60,55	4	50,50,50,50,50	50,50,50	0-0	0
I	50561	1	2	21	21	63	Маска Плодиса VII	image_helm_earth_mask	0,0,0,0,0,0,0	0,0,90,0,0,60,65	4	50,50,50,50,50	50,50,50	0-0	0
I	50559	1	2	21	21	63	Маска Сарагарда VII	image_helm_death_mask	0,0,0,0,0,0,0	55,0,100,0,0,60,0	4	50,50,50,50,50	50,50,50	0-0	0
I	50557	1	2	21	21	63	Маска Сутара VII	image_helm_wind_mask	0,0,0,0,0,0,0	35,60,60,0,0,60,0	4	50,50,50,50,50	50,50,50	0-0	0
I	50562	1	2	21	21	63	Маска Файрига VII	image_helm_fire_mask	0,0,0,0,0,0,0	45,0,60,0,0,60,50	4	50,50,50,50,50	50,50,50	0-0	0
I	50563	1	2	21	21	63	Маска Эйтерии VII	image_helm_life_mask	0,0,0,0,0,0,0	0,0,140,75,0,0,0	4	50,50,50,50,50	50,50,50	0-0	0
I	11424	1	2	21	21	32	Чалма Алого Феникса	image_hlm21	0,0,56,96,103,0,0	0,0,55,88,88,0,0	0	116,70,0,0,0	45,45,35	0-0	0
I	11420	1	2	21	21	2	Шлем Адского Сатаны	image_hlm19	91,0,86,0,0,87,0	60,25,48,4,4,60,30	0	116,0,50,50,0	45,45,25	0-0	0
I	367	1	5	21	21	63	Ковбойская шляпа Аквиллиона	image_hlm_NY2020	0,0,0,0,0,0,0	0,0,221,0,21,0,0	10	210,201,201,201,201	21,21,21	0-0	0
I	30155	1	5	21	21	0	Шлем Nec Vampirov	image_helm119	0,0,0,0,0,0,0	213,214,0,0,0,224,213	0	1,0,0,0,0	0,0,0	0-0	0
I	13404	1	6	21	21	63	Бандана Максимиллиана IV	image_hlm_AB	0,0,0,0,0,0,0	40,0,70,5,5,64,64	4	222,0,0,0,0	46,46,46	0-0	0
I	13410	1	6	21	21	63	Башлык Адольфа IV	image_hlm_AM	0,0,0,0,0,0,0	30,0,60,80,78,0,0	4	166,0,0,0,0	36,36,78	0-0	0
I	13398	1	6	21	21	63	Капюшон Ингрид IV	image_hlm_AR	0,0,0,0,0,0,0	54,54,40,5,5,64,26	4	166,0,0,0,0	54,54,54	0-0	0
I	13874	1	6	21	21	63	Ледяной шлем MK7	image_hlm_i	0,0,0,0,0,0,0	54,54,54,54,54,54,54	7	80,80,80,80,80	65,65,65	0-0	0
I	2715	1	1	22	22	4	Армет Мечелома	image_hlm_22shield	20,0,89,0,0,88,88	0,0,47,6,6,45,45	0	256,0,0,0,0	21,21,21	0-0	0
I	2714	1	1	22	22	2	Барбют Избранника Хаоса	image_hlm_22var	98,0,90,0,0,94,0	40,13,30,0,5,46,15	0	212,0,0,0,0	29,29,25	0-0	0
I	2713	1	1	22	22	1	Каска Сумеречного Леса	image_hlm_22luch	60,90,48,0,0,82,0	30,39,20,0,6,39,15	0	187,0,0,0,0	33,33,28	0-0	0
I	2718	1	1	22	22	32	Колпак Наставника	image_hlm_22mage	0,0,63,103,111,0,0	0,0,45,52,52,0,0	0	177,0,0,0,0	34,34,30	0-0	0
I	2716	1	1	22	22	8	Топфхельм Командора	image_hlm_22djag	70,0,110,0,0,52,53	40,22,50,5,0,0,32	0	261,0,0,0,0	22,22,18	0-0	0
I	2717	1	1	22	22	16	Шлем Праведника	image_hlm_22priest	90,0,84,87,0,20,0	34,0,35,40,40,0,0	0	208,0,0,0,0	30,30,25	0-0	0
I	2470	1	2	22	22	2	Лик Падшего Варвара MK1	image_hlm_spawn	98,0,90,0,0,94,0	75,30,55,0,10,65,33	0	238,0,0,0,0	55,55,43	0-0	0
I	2485	1	2	22	22	8	Лик Падшего Джаггернаута MK1	image_hlm_spawn	70,0,110,0,0,52,53	50,18,85,10,0,65,40	0	317,0,0,0,0	45,45,30	0-0	0
I	2491	1	2	22	22	16	Лик Падшего Жреца MK1	image_hlm_spawn	90,0,84,87,0,20,0	45,0,70,75,68,0,10	0	236,0,0,0,0	54,54,45	0-0	0
I	2507	1	2	22	22	32	Лик Падшего Мага MK1	image_hlm_spawn	0,0,63,103,111,0,0	0,0,86,89,93,0,0	0	111,0,30,30,0	65,65,52	0-0	0
I	2479	1	2	22	22	4	Лик Падшего Мастера щита MK1	image_hlm_spawn	20,0,89,0,0,88,88	23,0,80,10,10,65,80	0	300,0,0,0,0	41,41,41	0-0	0
I	2464	1	2	22	22	1	Лик Падшего Рейнджера MK1	image_hlm_spawn	60,90,48,0,0,82,0	50,70,40,5,10,65,28	0	195,0,0,0,0	65,65,44	0-0	0
I	50572	1	2	22	22	63	Маска Айлефель VIII	image_helm_water_mask	0,0,0,0,0,0,0	0,0,90,85,85,0,0	4	60,60,60,60,60	60,60,60	0-0	0
I	50566	1	2	22	22	63	Маска Дарина VIII	image_helm_creation_mask	0,0,0,0,0,0,0	50,0,80,60,70,0,0	4	60,60,60,60,60	60,60,60	0-0	0
I	50568	1	2	22	22	63	Маска Паландура VIII	image_helm_destruction_mask	0,0,0,0,0,0,0	40,0,80,0,0,70,70	4	60,60,60,60,60	60,60,60	0-0	0
I	50569	1	2	22	22	63	Маска Плодиса VIII	image_helm_earth_mask	0,0,0,0,0,0,0	0,0,110,0,0,70,80	4	60,60,60,60,60	60,60,60	0-0	0
I	50567	1	2	22	22	63	Маска Сарагарда VIII	image_helm_death_mask	0,0,0,0,0,0,0	70,0,120,0,0,70,0	4	60,60,60,60,60	60,60,60	0-0	0
I	50565	1	2	22	22	63	Маска Сутара VIII	image_helm_wind_mask	0,0,0,0,0,0,0	40,70,70,0,0,80,0	4	60,60,60,60,60	60,60,60	0-0	0
I	50570	1	2	22	22	63	Маска Файрига VIII	image_helm_fire_mask	0,0,0,0,0,0,0	55,0,75,0,0,70,60	4	60,60,60,60,60	60,60,60	0-0	0
I	50571	1	2	22	22	63	Маска Эйтерии VIII	image_helm_life_mask	0,0,0,0,0,0,0	0,0,170,90,0,0,0	4	60,60,60,60,60	60,60,60	0-0	0
I	50573	1	5	22	22	63	Маска Палача	image_hlm_executioner	0,0,0,0,0,0,0	65,60,60,65,65,65,55	4	250,40,40,40,40	86,86,76	0-0	0
I	2322	1	5	22	22	63	Хронокапюшон	image_hlm_chrono	0,0,0,0,0,0,0	85,80,100,95,110,90,95	3	90,90,90,90,70	60,60,45	0-0	0
I	11850	1	7	22	22	8	Армет Серебряного Зубра	image_hlm20+djag	70,0,110,0,0,52,53	60,32,77,5,5,25,66	0	202,50,50,50,50	45,45,36	0-0	0
I	11856	1	7	22	22	16	Бацинет Кровавого Прелата	image_hlm20+priest	90,0,84,87,0,20,0	60,0,60,60,60,10,20	0	170,50,0,0,79	55,55,57	0-0	0
I	11844	1	7	22	22	4	Золотой барбют Воеводы	image_hlm20+shield	20,0,89,0,0,88,88	40,0,75,5,5,70,75	0	181,45,40,40,45	51,51,45	0-0	0
I	11862	1	7	22	22	32	Лунный Лик Волхва	image_hlm20+mage	0,0,63,103,111,0,0	0,0,70,100,100,0,0	0	150,0,30,30,60	60,60,60	0-0	0
I	11832	1	7	22	22	1	Парадная треуголка Конкистадора	image_hlm20+rang	60,90,48,0,0,82,0	50,66,40,5,5,60,44	0	150,0,20,20,60	77,77,44	0-0	0
I	11838	1	7	22	22	2	Рогатый шлем Вандала	image_hlm20+var	98,0,90,0,0,94,0	70,25,50,0,5,70,50	0	175,52,0,0,75	70,70,36	0-0	0
I	2587	1	2	23	23	2	Лик Падшего Варвара MK2	image_hlm_spawn2	106,0,94,0,0,102,0	90,35,65,0,10,78,42	0	300,0,0,0,0	65,65,50	0-0	0
I	2599	1	2	23	23	8	Лик Падшего Джаггернаута MK2	image_hlm_spawn2	75,0,115,0,0,57,58	60,25,100,10,0,78,47	0	405,0,0,0,0	50,50,35	0-0	0
I	2605	1	2	23	23	16	Лик Падшего Жреца MK2	image_hlm_spawn2	97,0,91,94,0,20,0	50,0,85,90,80,0,15	0	280,0,0,0,0	70,70,50	0-0	0
I	2611	1	2	23	23	32	Лик Падшего Мага MK2	image_hlm_spawn2	0,0,71,111,120,0,0	0,0,95,110,115,0,0	0	160,0,24,24,0	82,82,58	0-0	0
I	2593	1	2	23	23	4	Лик Падшего Мастера щита MK2	image_hlm_spawn2	20,0,95,0,0,95,92	25,0,95,10,10,78,102	0	360,0,0,0,0	50,50,50	0-0	0
I	2581	1	2	23	23	1	Лик Падшего Рейнджера MK2	image_hlm_spawn2	65,98,51,0,0,88,0	60,85,50,5,10,78,32	0	230,0,0,0,0	75,75,60	0-0	0
I	50581	1	2	23	23	63	Маска Айлефель IX	image_helm_water_mask	0,0,0,0,0,0,0	0,0,110,105,105,0,0	4	60,60,60,60,60	60,60,60	0-0	0
I	50575	1	2	23	23	63	Маска Дарина IX	image_helm_creation_mask	0,0,0,0,0,0,0	65,0,95,75,85,0,0	4	60,60,60,60,60	60,60,60	0-0	0
I	50577	1	2	23	23	63	Маска Паландура IX	image_helm_destruction_mask	0,0,0,0,0,0,0	55,0,95,0,0,85,85	4	60,60,60,60,60	60,60,60	0-0	0
I	50578	1	2	23	23	63	Маска Плодиса IX	image_helm_earth_mask	0,0,0,0,0,0,0	0,0,130,0,0,90,100	4	60,60,60,60,60	60,60,60	0-0	0
I	50576	1	2	23	23	63	Маска Сарагарда IX	image_helm_death_mask	0,0,0,0,0,0,0	90,0,140,0,0,90,0	4	60,60,60,60,60	60,60,60	0-0	0
I	50574	1	2	23	23	63	Маска Сутара IX	image_helm_wind_mask	0,0,0,0,0,0,0	55,85,85,0,0,95,0	4	60,60,60,60,60	60,60,60	0-0	0
I	50579	1	2	23	23	63	Маска Файрига IX	image_helm_fire_mask	0,0,0,0,0,0,0	70,0,90,0,0,85,75	4	60,60,60,60,60	60,60,60	0-0	0
I	50580	1	2	23	23	63	Маска Эйтерии IX	image_helm_life_mask	0,0,0,0,0,0,0	0,0,200,120,0,0,0	4	60,60,60,60,60	60,60,60	0-0	0
I	2785	1	2	23	23	2	Призрачный шлем Атамана	image_hlm_ghost4	65,0,51,0,0,88,0	95,37,80,9,9,110,70	4	345,0,0,0,0	110,110,60	0-0	0
I	2797	1	2	23	23	32	Призрачный шлем Властелина	image_hlm_ghost6	0,0,71,94,0,0,0	0,0,125,142,143,0,0	4	390,0,0,0,0	95,95,65	0-0	0
I	2761	1	2	23	23	1	Призрачный шлем Завоевателя	image_hlm_ghost1	65,0,51,0,0,88,0	72,90,55,9,9,110,65	4	345,0,0,0,0	110,110,60	0-0	0
I	2791	1	2	23	23	8	Призрачный шлем Исполина	image_hlm_ghost5	20,0,95,0,0,57,58	73,36,130,6,6,55,104	4	485,0,0,0,0	75,75,60	0-0	0
I	2773	1	2	23	23	16	Призрачный шлем Кардинала	image_hlm_ghost3	0,0,71,94,0,0,0	96,0,102,85,79,0,48	4	390,0,0,0,0	95,95,65	0-0	0
I	2767	1	2	23	23	4	Призрачный шлем Полководца	image_hlm_ghost2	20,0,95,0,0,57,58	60,0,115,12,12,110,101	4	485,0,0,0,0	75,75,60	0-0	0
I	2541	1	5	23	23	16	Золоченый барбют Еретика	image_hlm_priestprise	97,0,91,94,0,20,0	80,0,85,70,65,0,40	3	286,0,0,0,0	81,81,40	0-0	0
I	2538	1	5	23	23	2	Обличье Экспансии	image_hlm_varprise	106,0,94,0,0,102,0	80,30,65,7,8,90,60	3	286,0,0,0,0	81,81,40	0-0	0
I	2539	1	5	23	23	4	Саллет Болотных огней	image_hlm_shieldprise	20,0,95,0,0,95,92	50,0,95,10,10,90,85	3	340,0,0,0,0	60,65,50	0-0	0
I	2542	1	5	23	23	32	Светоносная диадема Провидца	image_hlm_mageprise	0,0,71,111,120,0,0	0,0,104,118,118,0,0	3	210,0,0,0,0	90,90,60	0-0	0
I	2537	1	5	23	23	1	Тиара Небесной Армады	image_hlm_rangeprise	65,98,51,0,0,88,0	60,75,45,8,7,90,55	3	230,0,0,0,0	90,90,50	0-0	0
I	2540	1	5	23	23	8	Шлем Лазоревого Тура	image_hlm_djagprise	75,0,115,0,0,57,58	60,30,110,5,5,45,85	3	390,0,0,0,0	60,60,30	0-0	0
I	2635	1	6	24	24	2	Лик Падшего Варвара MK3	image_hlm_spawn3	114,0,100,0,0,111,0	106,42,78,0,12,96,50	0	360,0,0,0,0	78,78,60	0-0	0
I	2647	1	6	24	24	8	Лик Падшего Джаггернаута MK3	image_hlm_spawn3	80,0,120,0,0,63,63	72,30,120,12,0,96,54	0	486,0,0,0,0	60,60,42	0-0	0
I	2653	1	6	24	24	16	Лик Падшего Жреца MK3	image_hlm_spawn3	100,0,102,100,0,20,0	60,0,102,108,96,0,18	0	336,0,0,0,0	84,84,60	0-0	0
I	2659	1	6	24	24	32	Лик Падшего Мага MK3	image_hlm_spawn3	0,0,79,120,126,0,0	0,0,114,132,138,0,0	0	192,0,30,30,0	96,96,72	0-0	0
I	2641	1	6	24	24	4	Лик Падшего Мастера щита MK3	image_hlm_spawn3	20,0,100,0,0,107,98	30,0,108,12,12,96,126	0	432,0,0,0,0	60,60,60	0-0	0
I	2629	1	6	24	24	1	Лик Падшего Рейнджера MK3	image_hlm_spawn3	70,106,55,0,0,94,0	72,100,60,6,12,96,38	0	276,0,0,0,0	90,90,72	0-0	0
I	10571	2	1	0	0	63	Простой амулет	image_koliestone	0,0,0,0,0,0,0	0,0,0,1,1,0,0	0	1,0,0,0,0	4,4,0	0-0	0
I	590	2	5	0	0	63	Медаль "Юбилей Новой Эры"	image_kolie22	0,0,0,0,0,0,0	0,0,0,0,0,0,0	0	5,5,5,5,5	10,10,10	0-0	0
I	9022	2	1	2	2	63	Войлочный амулет	image_ncl5	0,0,0,0,0,0,0	0,0,1,0,0,1,1	0	2,0,0,0,0	0,0,0	0-0	0
I	9021	2	1	2	2	63	Простой кожаный амулет	image_koliestone	0,0,0,0,0,0,0	1,1,1,0,0,0,0	0	2,0,0,0,0	0,0,0	0-0	0
I	9023	2	1	2	2	63	Шелковый амулет	image_ncl0001	0,0,0,0,0,0,0	0,0,1,1,1,0,0	0	2,0,0,0,0	0,0,0	0-0	0
I	10213	2	5	2	2	2	Амулет начинающего варвара	image_kolie68	0,0,0,0,0,0,0	2,0,2,0,0,1,0	0	2,0,0,0,0	0,0,0	0-0	0
I	2445	2	1	4	4	16	Амулет послушания	image_ncl4lvl4	0,0,4,8,0,0,0	1,0,1,2,1,0,0	0	1,0,0,0,0	1,0,0	0-0	0
I	160	2	1	4	4	2	Боевой ошейник	image_kolie7	8,0,0,0,0,0,0	2,0,0,0,0,3,0	0	3,0,0,0,0	0,0,0	0-0	0
I	2434	2	1	4	4	4	Бронзовая подвеска	image_ncl4lvl2	0,0,0,0,0,0,6	0,0,1,0,0,2,2	0	1,0,0,0,0	1,0,0	0-0	0
I	2440	2	1	4	4	8	Железный амулет меча	image_ncl4lvl3	0,0,0,0,0,0,0	1,0,2,0,0,0,2	0	3,0,0,0,0	0,0,0	0-0	0
I	2425	2	1	4	4	1	Ожерелье листвы	image_ncl4lvl	0,0,0,0,0,0,0	1,2,0,0,0,2,0	0	1,0,0,0,0	1,0,0	0-0	0
I	2451	2	1	4	4	32	Ожерелье ученика	image_ncl4lvl5	0,0,4,8,0,0,0	0,0,0,2,3,0,0	0	1,0,0,0,0	0,1,0	0-0	0
I	11970	2	1	5	5	1	Амулет клыков	image_kolie25_2	0,8,0,0,0,5,0	2,2,0,0,0,2,0	0	4,0,0,0,0	0,0,0	0-0	0
I	11963	2	1	5	5	2	Амулет мясника	image_kolie24_2	8,0,0,0,0,7,0	2,0,2,0,0,2,0	0	4,0,0,0,0	0,0,0	0-0	0
I	11975	2	1	5	5	8	Базальтовый амулет	image_ncl19_djag_2	8,0,8,0,0,0,0	2,1,2,0,0,0,1	0	4,0,0,0,0	0,0,0	0-0	0
I	11968	2	1	5	5	4	Бронзовый амулет	image_ncl4562	0,0,10,0,0,0,8	0,0,2,0,0,2,2	0	4,0,0,0,0	0,0,0	0-0	0
I	161	2	1	5	5	32	Обруч заклинателя	image_kolie10	0,0,0,10,16,0,0	0,0,0,3,3,0,0	0	1,0,0,0,0	1,1,0	0-0	0
I	162	2	1	5	5	16	Обруч мистики	image_kolie11	0,0,7,8,0,0,0	2,0,1,2,1,0,0	0	2,0,0,0,0	1,0,0	0-0	0
I	13002	2	6	5	5	1	Амулет молодого охотника	image_kolie58	0,8,0,0,0,4,0	2,2,1,0,0,3,0	0	6,0,0,0,0	2,2,0	0-0	0
I	13021	2	6	5	5	32	Амулет фокусника	image_kolie59	0,0,0,13,10,0,0	0,0,3,2,3,0,0	0	6,0,0,0,0	2,2,0	0-0	0
I	13038	2	6	5	5	8	Ожерелье борца	image_kolie63	5,0,8,0,0,0,0	2,1,3,0,0,0,2	0	10,0,0,0,0	1,1,0	0-0	0
I	2432	2	1	6	6	2	Амулет дикости	image_ncl6lvl	14,0,0,0,0,8,0	3,0,2,0,0,3,0	0	5,0,0,0,0	1,1,0	0-0	0
I	2452	2	1	6	6	32	Амулет заклинателя	image_ncl6lvl3	0,0,0,15,20,0,0	0,0,1,3,4,0,0	0	1,0,0,0,0	2,2,0	0-0	0
I	164	2	1	6	6	8	Колье живучести	image_kolie1	6,0,12,0,0,0,6	3,2,3,0,0,0,0	0	5,0,0,0,0	1,1,0	0-0	0
I	163	2	1	6	6	4	Коралловое колье	image_kolie4	0,0,12,0,0,8,8	0,0,2,0,0,3,3	0	5,0,0,0,0	1,1,0	0-0	0
I	165	2	1	6	6	1	Ожерелье озера	image_kolie6	0,12,0,0,0,4,0	2,3,2,0,0,1,0	0	1,0,0,0,0	2,2,0	0-0	0
I	2446	2	1	6	6	16	Подвеска послушника	image_ncl6lvl2	12,0,0,12,0,0,0	1,0,2,3,2,0,0	0	5,0,0,0,0	1,1,0	0-0	0
I	13031	2	6	6	6	4	Колье заступника	image_kolie64	0,0,12,0,0,8,8	0,0,3,0,0,3,3	0	10,0,0,0,0	3,2,0	0-0	0
I	13049	2	6	6	6	16	Ожерелье диакона	image_kolie61	12,0,0,12,0,0,0	1,0,2,3,3,0,0	0	12,0,0,0,0	2,2,0	0-0	0
I	2447	2	1	7	7	16	Амулет священника	image_ncl7lvl4	14,0,0,18,0,0,0	1,0,2,3,3,0,0	0	5,0,0,0,0	2,2,0	0-0	0
I	2436	2	1	7	7	4	Бронзовый амулет блокирования	image_ncl7lvl2	0,0,15,0,0,0,13	0,0,3,0,0,3,3	0	5,0,0,0,0	2,2,0	0-0	0
I	166	2	1	7	7	2	Звериный амулет	image_kolie2	16,0,0,0,0,0,0	3,0,2,0,0,4,0	0	5,0,0,0,0	2,2,0	0-0	0
I	10693	2	1	7	7	32	Колье заклинателя	image_ncl13	0,0,0,18,23,0,0	0,0,0,5,4,0,0	0	3,0,0,0,0	2,3,0	0-0	0
I	2442	2	1	7	7	8	Стальная подвеска защитника	image_ncl7lvl3	13,0,20,0,0,0,8	2,0,4,0,0,0,3	0	5,0,0,0,0	2,2,0	0-0	0
I	2427	2	1	7	7	1	Яшмовое ожерелье	image_ncl7lvl	0,17,0,0,0,0,0	2,3,1,0,0,3,0	0	5,0,0,0,0	2,2,0	0-0	0
I	920	2	2	7	7	1	Колье дикаря	image_kolie25	0,17,0,0,0,13,0	2,2,2,0,0,4,2	0	2,0,0,0,0	4,4,0	0-0	0
I	907	2	2	7	7	16	Темный талисман	image_kolie24	14,0,0,18,0,0,0	3,0,2,3,4,0,0	0	6,0,0,0,0	3,3,0	0-0	0
I	13017	2	6	7	7	2	Талисман злодея	image_kolie60	16,0,0,0,0,12,0	3,1,2,0,0,3,2	0	9,0,0,0,0	4,4,0	0-0	0
I	2454	2	1	8	8	32	Амулет посвященного	image_ncl8lvl	0,0,12,22,27,0,0	0,0,2,3,5,0,0	0	2,0,0,0,0	4,4,0	0-0	0
I	10692	2	1	8	8	4	Бронзовый амулет щитоносца	image_ncl12	0,0,27,0,0,12,22	0,0,5,0,0,2,3	0	10,0,0,0,0	2,2,0	0-0	0
I	10694	2	1	8	8	16	Колье жреца	image_ncl14	21,0,17,22,0,0,0	3,0,3,1,3,0,0	0	4,0,0,0,0	2,2,2	0-0	0
I	10688	2	1	8	8	1	Колье следопыта	image_ncl8	11,27,0,0,0,22,0	3,4,3,0,0,0,0	0	6,0,0,0,0	3,3,0	0-0	0
I	10980	2	1	8	8	2	Ожерелье гномовержца	image_ncl16	27,0,14,0,0,18,0	4,0,3,0,0,3,0	0	8,0,0,0,0	3,2,0	0-0	0
I	10690	2	1	8	8	8	Ожерелье защитника	image_ncl10	0,0,29,0,0,0,0	3,3,3,0,0,0,1	0	10,0,0,0,0	2,2,0	0-0	0
I	635	2	2	8	8	63	Око заката	image_kolie28	0,0,0,0,0,0,0	0,0,0,0,0,0,0	0	0,0,0,0,0	0,0,40	0-0	0
I	10143	2	3	8	8	32	Амулет иллюзиониста	image_kolie59	0,0,12,22,27,0,0	0,0,3,5,5,0,0	0	3,0,0,0,0	4,4,2	0-0	0
I	10133	2	3	8	8	1	Амулет старого охотника	image_kolie58	11,27,0,0,0,22,0	3,4,2,0,0,4,0	0	6,0,0,0,0	4,4,1	0-0	0
I	10169	2	3	8	8	8	Ожерелье воителя	image_kolie63	16,0,29,0,0,0,12	3,2,4,0,0,1,3	0	8,0,0,0,0	2,2,3	0-0	0
I	628	2	5	8	8	63	Медаль "Победитель турнира Лиги Юниоров"	image_kolie27	0,0,0,0,0,0,0	5,5,5,5,5,5,5	5	5,5,5,5,55	10,10,10	0-0	0
I	6015	2	6	8	8	63	Сияющий кристаллический амулет	image_ncl_art	0,0,0,0,0,0,0	60,60,60,60,60,60,60	5	40,40,40,40,40	45,45,40	0-0	0
I	167	2	1	9	9	32	Амулет колдовства	image_kolie5	0,0,14,26,31,0,0	0,0,2,4,5,0,0	0	5,0,0,0,0	5,5,0	0-0	0
I	13666	2	1	9	9	16	Амулет культиста	image_ncl9jrec	25,0,20,26,0,0,0	3,0,2,3,3,0,0	0	9,0,0,0,0	4,4,0	0-0	0
I	13665	2	1	9	9	4	Амулет щитоносца	image_ncl9shield	0,0,31,0,0,16,25	0,0,4,0,1,3,3	0	10,0,0,0,0	3,3,1	0-0	0
I	10982	2	1	9	9	1	Колье с секретом	image_ncl18	12,30,0,0,0,24,0	2,3,2,1,0,3,0	0	6,0,0,0,0	4,4,1	0-0	0
I	10983	2	1	9	9	8	Талисман Меча	image_ncl17	19,0,34,0,0,0,14	3,2,3,0,0,0,3	0	13,0,0,0,0	3,3,0	0-0	0
I	10981	2	1	9	9	2	Талисман ветров	image_ncl19	30,0,17,0,0,20,0	4,0,3,0,0,4,0	0	9,0,0,0,0	4,4,0	0-0	0
I	10180	2	3	9	9	4	Колье покровителя	image_kolie64	0,0,31,0,0,16,25	0,0,4,0,3,4,4	0	16,0,0,0,0	4,4,1	0-0	0
I	10162	2	3	9	9	16	Ожерелье капеллана	image_kolie61	25,0,20,26,0,0,0	3,0,4,4,4,0,0	0	10,0,0,0,0	4,4,3	0-0	0
I	13667	2	1	10	10	2	Амулет гномовержца	image_ncl10var	35,0,21,0,0,25,0	4,0,3,0,0,4,2	0	8,0,0,0,0	6,6,0	0-0	0
I	13668	2	1	10	10	8	Амулет стражника	image_ncl10djag	0,0,39,0,0,0,16	4,0,5,0,0,0,4	0	16,0,0,0,0	4,4,0	0-0	0
I	10695	2	1	10	10	16	Амулет шамана	image_ncl15	26,0,25,29,0,0,0	2,0,4,3,4,0,0	0	14,0,0,0,0	3,3,2	0-0	0
I	13298	2	1	10	10	4	Имперский амулет	image_ncl10shield	0,0,36,0,0,20,28	0,0,5,0,0,4,4	0	16,0,0,0,0	4,4,0	0-0	0
I	10689	2	1	10	10	1	Колье эльфийского следопыта	image_ncl9	15,34,0,0,0,28,0	3,4,3,0,0,3,0	0	10,0,0,0,0	4,4,2	0-0	0
I	13307	2	1	10	10	32	Талисман аколита	image_ncl10mage	0,0,17,30,36,0,0	0,0,3,5,5,0,0	0	7,0,0,0,0	4,4,3	0-0	0
I	936	2	2	10	10	8	Адамантовый амулет	image_kolie26	0,0,39,0,0,0,16	4,0,5,0,0,4,5	0	15,0,0,0,0	6,6,1	0-0	0
I	417	2	3	10	10	16	Гордость Храма	image_kolie15	26,0,25,29,0,0,0	4,2,6,6,5,0,0	0	12,0,0,0,0	8,8,5	0-0	0
I	10083	2	3	10	10	4	Медная гривна	image_kolie52	0,0,36,0,0,20,28	2,0,6,0,3,6,6	0	15,0,0,0,0	8,8,4	0-0	0
I	10082	2	3	10	10	1	Ожерелье лесных жителей	image_kolie51	15,34,0,0,0,28,0	5,6,4,0,0,6,2	0	6,0,0,0,0	8,8,7	0-0	0
I	10085	2	3	10	10	32	Опаловое ожерелье мудрости	image_kolie49	0,0,17,30,36,0,0	0,0,7,8,8,0,0	0	10,0,0,0,0	10,10,3	0-0	0
I	10087	2	3	10	10	8	Серебряный ошейник	image_kolie53	21,0,39,0,0,0,16	5,3,6,0,0,3,6	0	18,0,0,0,0	8,8,3	0-0	0
I	10157	2	3	10	10	2	Талисман душегуба	image_kolie60	35,0,21,0,0,25,0	7,0,6,0,0,6,4	0	8,0,0,0,0	9,9,5	0-0	0
I	13670	2	1	11	11	32	Амулет аколита	image_ncl11mage	0,0,21,35,41,0,0	0,0,5,6,6,0,0	0	9,0,0,0,0	5,5,2	0-0	0
I	13669	2	1	11	11	1	Амулет лесного разведчика	image_ncl11rang	18,41,0,0,0,32,0	3,5,2,0,0,5,2	0	12,0,0,0,0	5,5,1	0-0	0
I	169	2	1	11	11	2	Обруч темных богов	image_kolie12	41,0,22,0,0,30,0	5,0,4,0,0,5,3	0	11,0,0,0,0	6,6,0	0-0	0
I	10942	2	1	11	11	16	Позолоченный крест клирика	image_ncl11_priest	31,0,30,35,0,0,0	4,0,5,4,4,0,0	0	10,0,0,0,0	4,4,3	0-0	0
I	168	2	1	11	11	4	Рубиновая подвеска	image_kolie9	0,0,0,0,0,0,32	0,0,5,0,2,5,5	0	12,0,0,0,0	5,5,1	0-0	0
I	10691	2	1	11	11	8	Талисман мужества	image_ncl11	27,0,44,0,0,0,18	4,4,5,0,0,0,4	0	16,0,0,0,0	4,4,1	0-0	0
I	10940	2	2	11	11	32	Талисман из лунного топаза	image_ncl11_mage	0,0,21,35,41,0,0	0,0,7,8,8,0,0	0	11,0,0,0,0	6,6,4	0-0	0
I	10079	2	3	11	11	2	Амулет красной звезды	image_kolie50	41,0,22,0,0,30,0	9,3,7,0,0,9,3	0	14,0,0,0,0	9,9,4	0-0	0
I	10117	2	6	11	11	1	Талисман лича	image_kolie56	18,41,0,0,0,32,0	4,12,0,0,0,4,0	0	6,0,0,0,0	5,5,0	0-0	0
I	13673	2	1	12	12	4	Амулет легионера	image_ncl12shield	0,0,43,0,0,30,36	2,0,7,1,1,6,6	0	20,0,0,0,0	3,3,1	0-0	0
I	173	2	1	12	12	16	Амулет храмовника	image_kolie14	35,0,34,40,0,0,0	5,1,5,5,7,0,0	0	10,0,0,0,0	4,4,3	0-0	0
I	170	2	1	12	12	1	Изумрудное колье	image_kolie13	19,42,0,0,0,34,0	4,6,4,0,0,6,3	0	11,0,0,0,0	6,6,0	0-0	0
I	10931	2	1	12	12	2	Кровь гладиатора	image_ncl12_var	44,0,24,0,0,32,0	7,2,6,0,0,7,1	0	13,0,0,0,0	6,5,0	0-0	0
I	172	2	1	12	12	32	Ожерелье архимага	image_kolie8	0,0,22,41,46,0,0	0,0,5,9,9,0,0	0	6,0,0,0,0	5,5,3	0-0	0
I	171	2	1	12	12	8	Турмалиновое колье	image_kolie3	0,0,48,0,0,0,0	6,4,6,0,1,3,3	0	19,0,0,0,0	4,4,0	0-0	0
I	10937	2	3	12	12	4	Талисман стража башни	image_ncl12_shield	0,0,43,0,0,30,36	6,0,12,1,2,9,11	0	39,0,0,0,0	4,4,3	0-0	0
I	13671	2	1	13	13	1	Амулет проводника духов	image_ncl13rang	22,48,10,0,0,36,0	4,7,4,0,0,7,3	0	16,0,0,0,0	7,7,2	0-0	0
I	484	2	1	13	13	4	Амулет центуриона	image_kolie16	0,0,48,0,0,36,40	0,0,8,0,3,7,7	0	24,0,0,0,0	5,5,2	0-0	0
I	13672	2	1	13	13	2	Ожерелье берсерка	image_ncl13var	48,0,27,0,0,38,0	7,4,4,0,0,7,3	0	20,0,0,0,0	6,6,2	0-0	0
I	483	2	1	13	13	8	Ожерелье доминирования	image_kolie17	34,0,54,0,0,0,22	6,6,7,0,1,1,4	0	21,0,0,0,0	5,5,3	0-0	0
I	13303	2	1	13	13	16	Талисман паладина	image_ncl13jrec	40,0,39,45,0,0,0	4,0,7,7,7,0,0	0	30,0,0,0,0	5,5,0	0-0	0
I	13308	2	1	13	13	32	Талисман хранителя легенд	image_ncl13mage	0,0,23,45,52,0,0	0,0,8,10,7,0,0	0	15,0,0,0,0	5,5,5	0-0	0
I	960	2	2	13	13	2	Амулет факела	image_kolie31	48,0,27,0,0,38,0	8,4,8,0,0,8,6	0	20,0,0,0,0	8,8,5	0-0	0
I	10934	2	3	13	13	1	Берилловый талисман егеря	image_ncl13_ranger	22,48,10,0,0,36,0	9,9,8,2,3,9,5	0	29,0,0,0,0	10,10,7	0-0	0
I	10943	2	3	13	13	16	Золотой талисман прозрения	image_ncl13_priest	40,0,39,45,0,0,0	10,4,8,10,9,2,2	0	31,0,0,0,0	11,11,5	0-0	0
I	13140	2	3	13	13	8	Платиновый талисман фехтования	image_ncl13_djag	34,0,54,0,0,0,22	8,8,9,0,2,8,10	0	35,0,0,0,0	10,10,5	0-0	0
I	10941	2	3	13	13	32	Талисман небесного Левиафана	image_ncl13_mage	0,0,23,45,52,0,0	0,0,13,16,16,0,0	0	25,0,0,0,0	11,11,7	0-0	0
I	11588	2	7	13	13	2	Колье мучителя	image_ncl26	48,0,27,0,0,38,0	15,0,8,0,2,15,5	0	40,0,0,0,0	10,10,10	0-0	0
I	11592	2	7	13	13	32	Кулон прорицателя	image_ncl30	0,0,23,45,52,0,0	0,0,15,15,15,0,0	0	40,0,0,0,0	10,10,10	0-0	0
I	11591	2	7	13	13	16	Кулон шамана	image_ncl29	40,0,39,45,0,0,0	10,0,12,11,12,0,0	0	40,0,0,0,0	10,10,10	0-0	0
I	11590	2	7	13	13	8	Ошейник стойкости	image_ncl27	34,0,54,0,0,0,22	12,5,15,1,1,0,11	0	40,0,0,0,0	10,10,10	0-0	0
I	11587	2	7	13	13	1	Талисман захватчика	image_ncl25	22,48,10,0,0,36,0	8,13,7,0,2,10,5	0	40,0,0,0,0	10,10,10	0-0	0
I	11589	2	7	13	13	4	Талисман славы	image_ncl28	0,0,48,0,0,36,40	0,0,13,0,2,15,15	0	40,0,0,0,0	10,10,10	0-0	0
I	13167	2	1	14	14	2	Амулет берсерка	image_ncl14var	55,0,36,0,0,45,0	8,0,8,0,0,8,4	0	38,0,0,0,0	7,7,0	0-0	0
I	13304	2	1	14	14	16	Амулет паладина	image_ncl14jrec	45,0,45,50,0,0,0	6,0,8,6,8,0,0	0	30,0,0,0,0	6,6,4	0-0	0
I	13299	2	1	14	14	4	Амулет патрициев	image_ncl14shield	0,0,55,0,0,42,45	0,0,8,2,2,8,8	0	42,0,0,0,0	6,6,0	0-0	0
I	13674	2	1	14	14	1	Ожерелье проводника духов	image_ncl14rang	25,55,14,0,0,45,0	8,8,4,0,0,8,0	0	30,0,0,0,0	9,9,0	0-0	0
I	13675	2	1	14	14	32	Рубиновая подвеска адепта	image_ncl16mage1	0,0,25,55,62,0,0	0,0,8,9,11,0,0	0	15,0,0,0,0	9,9,5	0-0	0
I	13301	2	1	14	14	8	Талисман доминирования	image_kolie67	39,0,62,0,0,0,28	4,0,8,0,0,8,8	0	46,0,0,0,0	5,5,0	0-0	0
I	10367	2	2	14	14	32	Амулет судьбы	image_kolie88	0,0,25,55,62,0,0	0,0,10,14,14,0,0	0	21,0,0,0,0	10,10,9	0-0	0
I	10239	2	2	14	14	8	Клык дракона	image_kolie71	39,0,62,0,0,0,28	8,9,10,0,0,4,7	0	30,0,0,0,0	10,10,6	0-0	0
I	10944	2	2	14	14	16	Талисман верховного жреца	image_ncl14_priest	45,0,45,50,0,0,0	10,3,8,10,7,0,0	0	30,0,0,0,0	10,10,6	0-0	0
I	10938	2	2	14	14	4	Талисман упавшей Звезды	image_ncl14_shield	0,0,55,0,0,42,45	0,0,11,3,2,11,11	0	33,0,0,0,0	10,10,5	0-0	0
I	10935	2	2	14	14	1	Талисман эльфийского принца	image_ncl14_ranger	25,55,14,0,0,45,0	9,9,5,2,0,9,4	0	22,0,0,0,0	12,12,6	0-0	0
I	11983	2	3	14	14	1	Амулет главного егеря	image_nclrang14	25,55,14,0,0,45,0	10,12,7,0,2,14,5	0	38,0,0,0,0	13,13,10	0-0	0
I	10932	2	3	14	14	2	Коралловый талисман боли	image_ncl14_var	55,0,36,0,0,45,0	14,6,10,2,0,12,6	0	52,0,0,0,0	11,11,8	0-0	0
I	668	2	5	14	14	63	Медаль "II место на конкурсе литераторов"	image_kolie37	0,0,0,0,0,0,0	10,40,0,0,0,35,0	5	50,0,0,0,0	12,12,12	0-0	0
I	669	2	5	14	14	63	Медаль "III место на конкурсе литераторов"	image_kolie38	0,0,0,0,0,0,0	10,0,35,40,0,0,0	5	50,0,0,0,0	11,11,11	0-0	0
I	667	2	5	14	14	63	Медаль "Победитель конкурса литераторов"	image_kolie36	0,0,0,0,0,0,0	0,0,10,40,35,0,0	5	50,0,0,0,0	13,13,13	0-0	0
I	11177	2	8	14	14	0	Реликвия инея 2012	image_ncl1848	0,0,0,0,0,0,0	0,0,0,0,0,0,0	0	50,50,50,50,50	50,50,50	0-0	0
I	586	2	1	15	15	32	Амулет адепта	image_kolie19	0,0,27,60,69,0,0	0,0,9,10,15,0,0	0	15,0,0,0,0	12,12,5	0-0	0
I	587	2	1	15	15	1	Амулет лесного дозора	image_kolie18	27,57,16,0,0,47,0	6,8,6,0,2,8,4	0	15,0,0,0,0	15,15,1	0-0	0
I	13676	2	1	15	15	8	Амулет непреклонной силы	image_ncl15djag	42,0,67,0,0,9,29	9,6,10,0,0,0,9	0	47,0,0,0,0	7,7,1	0-0	0
I	11503	2	1	15	15	4	Медальон патрициев	image_ncl15shield	0,0,57,0,0,45,47	0,0,12,0,0,10,12	0	32,0,0,0,0	10,10,2	0-0	0
I	585	2	1	15	15	16	Ожерелье паладина	image_kolie21	47,0,47,52,0,0,0	7,4,7,7,9,0,0	0	18,0,0,0,0	9,9,8	0-0	0
I	588	2	1	15	15	2	Ошейник кровавого зова	image_kolie20	58,0,0,0,0,49,0	8,3,8,0,0,10,5	0	17,0,0,0,0	13,13,3	0-0	0
I	11954	2	3	15	15	16	Амулет прозрения	image_ncl15priest	47,0,47,52,0,0,0	8,0,15,15,15,0,8	0	75,0,0,0,0	12,12,6	0-0	0
I	10939	2	3	15	15	4	Бронзовый талисман Победы	image_ncl15_shield	0,0,57,0,0,45,47	7,0,15,2,3,16,18	0	86,0,0,0,0	10,10,5	0-0	0
I	10945	2	3	15	15	8	Глаз Тигра	image_ncl15_djag	42,0,67,0,0,9,29	14,8,15,3,2,7,12	0	91,0,0,0,0	8,8,6	0-0	0
I	10306	2	7	15	15	4	Амулет гордости	image_kolie80	0,0,57,0,0,45,47	0,0,15,5,5,20,15	0	45,20,0,0,0	20,20,10	0-0	0
I	10307	2	7	15	15	1	Амулет мстителя	image_kolie77	27,57,16,0,0,47,0	15,20,0,0,5,15,5	0	40,0,0,0,0	30,30,5	0-0	0
I	10305	2	7	15	15	8	Амулет непреклонного	image_kolie81	42,0,67,0,0,9,29	15,5,20,0,5,0,15	0	45,0,0,0,0	25,25,10	0-0	0
I	10309	2	7	15	15	16	Амулет оракула	image_kolie78	47,0,47,52,0,0,0	10,5,10,20,15,0,0	0	30,0,0,0,0	25,25,15	0-0	0
I	10308	2	7	15	15	2	Амулет палача	image_kolie79	58,0,42,0,0,49,0	20,0,15,0,5,15,5	0	35,0,0,0,0	35,35,0	0-0	0
I	10310	2	7	15	15	32	Амулет пророка	image_kolie76	0,0,27,60,69,0,0	0,0,25,15,20,0,0	0	35,10,10,10,0	20,20,10	0-0	0
I	13677	2	1	16	16	4	Амулет верности	image_ncl16shield	0,0,59,0,0,48,50	3,0,11,0,0,11,12	0	45,0,0,0,0	9,9,2	0-0	0
I	13149	2	1	16	16	1	Ожерелье лесного дозора	image_ncl16lvl_rang	29,60,20,0,0,49,0	10,11,0,0,0,11,5	0	22,0,0,0,0	11,11,7	0-0	0
I	10933	2	1	16	16	2	Талисман вождя	image_ncl16_var	61,0,48,0,0,55,0	12,0,8,0,0,11,6	0	29,0,0,0,0	10,10,6	0-0	0
I	13678	2	1	16	16	16	Талисман крестоносца	image_ncl14djag2	51,0,52,54,0,0,0	9,0,9,9,10,0,0	0	24,0,0,0,0	12,12,5	0-0	0
I	13309	2	1	16	16	32	Талисман могущества	image_ncl16mage	0,0,30,68,73,0,0	0,0,11,13,13,0,0	0	20,0,0,0,0	10,10,9	0-0	0
I	10202	2	1	16	16	8	Талисман непреклонной силы	image_ncl14djag	45,0,76,0,0,15,31	10,5,11,0,0,3,8	0	35,0,0,0,0	10,10,4	0-0	0
I	10518	2	2	16	16	4	Амулет воинской доблести	image_ncl250	0,0,59,0,0,48,50	7,0,19,0,0,12,12	0	51,0,0,0,0	9,9,10	0-0	0
I	13152	2	2	16	16	2	Амулет горных владык	image_ncl16lvl_var	61,0,48,0,0,55,0	10,8,8,2,2,12,8	0	44,0,0,0,0	16,16,3	0-0	0
I	10936	2	2	16	16	1	Колокольчик Вечной Весны	image_ncl16_ranger	29,60,20,0,0,49,0	10,12,7,0,2,12,7	0	39,0,0,0,0	12,12,10	0-0	0
I	983	2	2	16	16	16	Орден святой Инквизиции	image_kolie55	51,0,52,54,0,0,0	9,3,9,13,13,0,3	0	47,0,0,0,0	10,10,10	0-0	0
I	10588	2	3	16	16	32	Амулет патриарха	image_nclmag	0,0,30,68,73,0,0	0,0,18,13,26,0,0	0	27,0,0,0,0	20,20,16	0-0	0
I	13302	2	1	17	17	8	Амулет древнего колосса	image_ncl17djag	51,0,86,0,0,20,35	9,6,9,0,0,6,9	0	45,0,0,0,0	15,15,5	0-0	0
I	10194	2	1	17	17	16	Амулет святого слова	image_kolie65	54,0,55,56,0,0,0	8,5,8,8,10,0,0	0	36,0,0,0,0	12,12,12	0-0	0
I	10043	2	1	17	17	4	Колье античного витязя	image_kolie45	20,0,61,0,0,51,53	3,0,11,0,3,11,11	0	48,0,0,0,0	12,12,8	0-0	0
I	10042	2	1	17	17	1	Ожерелье золотого Феникса	image_kolie42	39,69,24,0,0,59,0	8,9,7,0,1,9,5	0	27,0,0,0,0	18,18,7	0-0	0
I	13296	2	1	17	17	2	Талисман ночного хищника	image_ncl17var	71,0,55,0,0,62,0	9,7,9,0,0,9,5	0	30,0,0,0,0	18,18,6	0-0	0
I	10195	2	1	17	17	32	Талисман равновесия элементов	image_kolie66	0,0,37,76,83,0,0	0,0,10,12,17,0,0	0	24,0,0,0,0	15,15,12	0-0	0
I	13310	2	2	17	17	32	Амулет небесной энергии	image_ncl17mage	0,0,37,76,83,0,0	0,0,5,24,24,0,0	0	30,14,0,0,0	18,18,15	0-0	0
I	13306	2	2	17	17	16	Амулет святой Инквизиции	image_ncl17jrec	54,0,55,56,0,0,0	10,6,11,10,10,0,6	0	56,0,0,0,0	15,15,15	0-0	0
I	10557	2	3	17	17	1	Амулет лесных теней	image_ncl251	39,69,24,0,0,59,0	15,15,10,2,5,15,10	0	68,0,0,0,0	23,23,17	0-0	0
I	10535	2	3	17	17	4	Амулет чемпиона	image_ncl350	20,0,61,0,0,51,53	10,0,17,4,5,18,18	0	80,0,0,0,0	23,23,13	0-0	0
I	10227	2	3	17	17	2	Ошейник рыцарей ночи	image_kolie70	71,0,55,0,0,62,0	17,8,13,4,4,17,9	0	55,0,0,0,0	30,30,12	0-0	0
I	10381	2	3	17	17	8	Священный амулет Титана	image_kolie90	51,0,86,0,0,20,35	15,10,18,3,3,8,15	0	69,10,10,10,10	18,18,10	0-0	0
I	2665	2	5	17	17	1	Амулет Гексаграммы	image_ncl_hex	0,0,0,0,0,0,0	120,280,55,0,5,280,160	0	34,34,34,34,34	70,70,70	0-0	0
I	2666	2	5	17	17	2	Амулет Гексаграммы	image_ncl_hex	0,0,0,0,0,0,0	280,55,160,0,5,280,120	0	48,48,48,48,48	60,60,60	0-0	0
I	2667	2	5	17	17	4	Амулет Гексаграммы	image_ncl_hex	0,0,0,0,0,0,0	120,0,215,0,5,280,280	0	90,90,90,90,90	30,30,30	0-0	0
I	2668	2	5	17	17	8	Амулет Гексаграммы	image_ncl_hex	0,0,0,0,0,0,0	280,120,280,0,5,55,160	0	118,118,118,118,118	10,10,10	0-0	0
I	2669	2	5	17	17	16	Амулет Гексаграммы	image_ncl_hex	0,0,0,0,0,0,0	280,0,160,280,180,0,0	0	48,48,48,48,48	60,60,60	0-0	0
I	2670	2	5	17	17	32	Амулет Гексаграммы	image_ncl_hex	0,0,0,0,0,0,0	0,0,280,320,300,0,0	0	20,20,20,20,20	80,80,80	0-0	0
I	10574	2	8	17	17	2	Амулет Варвара	image_kolie142	71,0,55,0,0,62,0	40,0,40,0,0,40,30	0	50,30,0,0,0	45,25,10	0-0	0
I	10572	2	8	17	17	8	Амулет Джаггернаута	image_kolie143	51,0,86,0,0,20,35	20,30,45,0,0,20,35	0	22,22,22,22,22	20,20,20	0-0	0
I	10450	2	8	17	17	16	Амулет Жреца	image_kolie101	54,0,55,56,0,0,0	35,0,35,40,40,0,0	0	45,25,0,0,0	30,30,20	0-0	0
I	10449	2	8	17	17	32	Амулет Мага	image_kolie100	0,0,37,76,83,0,0	0,0,30,60,60,0,0	0	15,15,15,15,15	25,25,25	0-0	0
I	10573	2	8	17	17	4	Амулет Мастера щита	image_kolie141	20,0,61,0,0,51,53	10,0,40,0,10,40,50	0	40,15,10,10,0	25,25,25	0-0	0
I	10451	2	8	17	17	1	Амулет Рейнджера	image_kolie102	39,69,24,0,0,59,0	30,40,30,0,0,40,10	0	65,0,0,0,0	35,35,15	0-0	0
I	9131	2	8	17	17	1	Турнирный амулет	image_kolie104	0,0,0,0,0,0,0	49,60,35,8,8,60,40	5	42,42,42,42,42	32,32,29	0-0	0
I	13679	2	1	18	18	1	Амулет Золотого Феникса	image_ncl18rang	40,71,31,0,0,62,0	12,12,7,0,0,12,5	0	45,0,0,0,0	15,15,12	0-0	0
I	13681	2	1	18	18	32	Амулет равновесия элементов	image_ncl18mage	0,0,41,80,83,0,0	0,0,12,14,22,0,0	0	32,0,0,0,0	16,16,15	0-0	0
I	10044	2	1	18	18	2	Ошейник ночного хищника	image_kolie41	74,0,62,0,0,66,0	12,5,12,0,0,12,7	0	41,0,0,0,0	50,0,0	0-0	0
I	13300	2	1	18	18	4	Талисман античного витязя	image_ncl18shield	20,0,63,0,0,60,60	12,0,12,2,3,12,7	0	61,0,0,0,0	20,20,0	0-0	0
I	13680	2	1	18	18	8	Талисман древнего колосса	image_ncl18djag	53,0,88,0,0,27,35	12,7,12,2,3,0,12	0	69,0,0,0,0	12,12,8	0-0	0
I	13305	2	1	18	18	16	Талисман святого слова	image_ncl18jrec	63,0,57,62,0,0,0	12,0,12,7,12,0,5	0	29,0,0,0,0	25,25,4	0-0	0
I	11098	2	2	18	18	4	Зеница Щита	image_ncl22	20,0,63,0,0,60,60	5,0,19,0,3,19,19	0	81,0,0,0,0	16,16,15	0-0	0
I	11096	2	2	18	18	1	Лепесток Изумрудного леса	image_ncl20	40,71,31,0,0,62,0	13,16,9,0,3,19,5	0	62,0,0,0,0	20,20,16	0-0	0
I	11103	2	2	18	18	8	Обсидиановый амулет колосса	image_ncl19_djag	53,0,88,0,0,27,35	18,9,20,3,3,0,12	0	90,0,0,0,0	16,16,12	0-0	0
I	13297	2	2	18	18	2	Талисман смертельных мук	image_ncl18var	74,0,62,0,0,66,0	19,0,19,0,3,19,5	0	67,0,0,0,0	18,18,17	0-0	0
I	11101	2	3	18	18	16	Золотой крест епископа	image_ncl18_priest	63,0,57,62,0,0,0	16,10,17,17,20,0,6	0	85,0,0,0,0	26,26,22	0-0	0
I	11100	2	3	18	18	32	Талисман великого чернокнижника	image_ncl24	0,0,41,80,83,0,0	0,0,26,30,30,0,0	0	58,0,0,0,0	29,29,27	0-0	0
I	591	2	5	18	18	63	Медаль "Доблестный Охранник Правопорядка"	image_kolie23	0,0,0,0,0,0,0	25,25,25,25,25,25,25	10	50,50,50,50,50	30,30,30	0-0	0
I	10045	2	1	19	19	32	Амулет великого волшебника	image_kolie43	0,0,46,85,90,0,0	0,0,15,19,24,0,0	0	40,14,0,0,0	18,18,14	0-0	0
I	11099	2	1	19	19	4	Бронзовая драхма броненосца	image_ncl23	20,0,69,0,0,68,67	0,0,17,3,3,17,18	0	85,0,0,0,0	11,11,13	0-0	0
I	10047	2	1	19	19	8	Колье кавалериста	image_kolie44	55,0,94,0,0,35,38	12,10,14,0,2,8,12	0	100,0,0,0,0	17,17,0	0-0	0
I	10046	2	1	19	19	16	Колье святого слова	image_kolie46	70,0,62,69,0,0,0	10,7,10,12,10,4,5	0	65,0,0,0,0	16,16,13	0-0	0
I	11102	2	1	19	19	2	Пасть демона	image_ncl19_var	78,0,71,0,0,69,0	17,0,13,0,3,17,8	0	70,0,0,0,0	17,17,10	0-0	0
I	11097	2	1	19	19	1	Цветок Древних стихий	image_ncl21	44,73,36,0,0,64,0	12,16,10,0,4,16,0	0	52,0,0,0,0	17,17,16	0-0	0
I	11823	2	7	19	19	32	Гранатовый амулет Чудотворца	image_ncl19rat_mage	0,0,46,85,90,0,0	0,0,30,40,40,0,0	5	80,10,10,10,10	36,36,42	0-0	0
I	11819	2	7	19	19	2	Медный амулет кровожадности	image_ncl19rat_var	78,0,71,0,0,69,0	40,0,15,0,5,40,10	5	90,30,0,0,0	60,60,10	0-0	0
I	11822	2	7	19	19	16	Рубиновый крест Апостола	image_ncl19rat_priest	70,0,62,69,0,0,0	25,10,25,25,25,0,0	5	90,48,0,0,0	36,36,36	0-0	0
I	11821	2	7	19	19	4	Сияющая подвеска полудня	image_ncl19rat_shield	20,0,69,0,0,68,67	0,0,30,5,5,40,30	5	120,50,0,0,0	40,40,20	0-0	0
I	11820	2	7	19	19	1	Талисман Лесного Сумрака	image_ncl19rat_rang	44,73,36,0,0,64,0	20,35,10,0,5,30,10	5	85,20,0,0,0	60,60,15	0-0	0
I	11818	2	7	19	19	8	Талисман Лиловых Теней	image_ncl19rat_djag	55,0,94,0,0,35,38	30,10,35,0,5,10,20	5	135,65,0,0,0	40,40,10	0-0	0
I	11726	2	1	20	20	2	Бармица Красной Орды	image_ncl20var	86,0,81,0,0,76,0	25,0,15,0,0,25,10	0	75,0,0,0,0	20,20,10	0-0	0
I	11725	2	1	20	20	1	Горжет Древних лесных владык	image_ncl20rang	50,80,43,0,0,71,0	17,20,10,2,3,23,0	0	72,0,0,0,0	20,20,11	0-0	0
I	11729	2	1	20	20	16	Золотое ожерелье Архиепископа	image_ncl20priest	78,0,72,76,0,20,0	15,8,15,15,15,0,7	0	70,0,0,0,0	16,16,17	0-0	0
I	11730	2	1	20	20	32	Подвеска Патриарха Тьмы	image_ncl20mage	0,0,51,91,98,0,0	0,0,21,27,27,0,0	0	51,0,0,0,0	20,20,18	0-0	0
I	11727	2	1	20	20	4	Сапфировое колье Победоносца	image_ncl20shield	20,0,78,0,0,77,75	5,0,20,5,5,20,20	0	90,0,0,0,0	14,14,13	0-0	0
I	11728	2	1	20	20	8	Янтарная бармица Неуязвимости	image_ncl20djag	60,0,100,0,0,42,43	15,10,22,3,2,8,15	0	105,0,0,0,0	20,20,0	0-0	0
I	10749	2	3	20	20	16	Глаза Лунного Грифона	image_ncl0002	78,0,72,76,0,20,0	20,10,25,25,25,15,15	0	80,40,0,0,0	25,25,25	0-0	0
I	2506	2	3	20	20	63	Золотая цепочка	chain	0,0,0,0,0,0,0	0,0,0,0,0,100,0	0	0,0,0,0,0	16,16,16	0-0	0
I	10737	2	3	20	20	4	Колье Золотой Черепахи	image_ncl6	20,0,78,0,0,77,75	19,0,35,6,6,35,35	0	90,0,0,0,0	25,25,34	0-0	0
I	10703	2	3	20	20	1	Око Лазурного Дракона	image_ncl7	50,80,43,0,0,71,0	30,31,22,3,3,31,15	0	115,35,0,0,0	25,25,15	0-0	0
I	10760	2	3	20	20	32	Перья Алого Феникса	image_ncl0003	0,0,51,91,98,0,0	0,0,33,49,53,0,0	0	62,0,0,0,0	35,35,31	0-0	0
I	10714	2	3	20	20	2	Сердце Адского Сатаны	image_ncl_megavar	86,0,81,0,0,76,0	41,15,26,3,3,31,16	0	125,25,0,0,0	31,19,15	0-0	0
I	10726	2	3	20	20	8	Талисман Черного Единорога	image_ncl_megadjag	60,0,100,0,0,42,43	20,20,43,1,1,17,33	0	163,7,13,13,0	18,18,9	0-0	0
I	11824	2	8	20	20	63	Полыхающий амулет	image_kolie91	0,0,0,0,0,0,0	50,50,50,50,50,50,50	5	50,50,50,50,50	25,25,25	0-0	0
I	13118	2	1	21	21	2	Амулет Бесконечной Битвы	image_ncl21gos_var	91,0,86,0,0,87,0	28,0,19,0,0,28,15	0	86,0,0,0,0	25,25,12	0-0	0
I	13121	2	1	21	21	16	Амулет Гармонии духа	image_ncl21gos_priest	83,0,77,81,0,20,0	18,10,18,18,18,0,8	0	119,0,0,0,0	22,22,5	0-0	0
I	13119	2	1	21	21	4	Амулет яркого Восхода	image_ncl21gos_shield	20,0,83,0,0,82,80	6,0,24,6,6,24,24	0	105,0,0,0,0	18,18,15	0-0	0
I	13117	2	1	21	21	1	Жетон из Рощи вурдалаков	image_ncl21gos_rang	55,85,45,0,0,76,0	17,24,13,3,4,24,5	0	83,0,0,0,0	22,22,17	0-0	0
I	13120	2	1	21	21	8	Защитный талисман Бесстрашия	image_ncl21gos_djag	65,0,105,0,0,47,48	18,12,25,4,3,10,18	0	119,0,0,0,0	22,22,5	0-0	0
I	13122	2	1	21	21	32	Подвеска Безмятежности	image_ncl21gos_mage	0,0,56,96,103,0,0	0,0,24,33,33,0,0	0	85,0,0,0,0	20,20,19	0-0	0
I	11378	2	2	21	21	8	Амулет Черного Единорога	image_ncl21raksh	65,0,105,0,0,47,48	30,22,45,5,3,20,37	0	163,15,13,13,10	20,20,20	0-0	0
I	11376	2	2	21	21	1	Колье Изумрудного Дракона	image_ncl21grif	55,85,45,0,0,76,0	30,40,25,3,5,39,20	0	115,44,0,0,0	30,30,25	0-0	0
I	11375	2	2	21	21	16	Монисто Лунного Грифона	image_ncl21djin	83,0,77,81,0,20,0	25,15,35,27,30,15,15	0	80,80,0,0,39	20,20,25	0-0	0
I	11377	2	2	21	21	32	Оперенье Снежного Феникса	image_ncl21ghoul	0,0,56,96,103,0,0	0,0,36,63,63,0,0	0	74,60,0,0,60	25,25,20	0-0	0
I	11374	2	2	21	21	4	Ошейник Золотой Черепахи	image_ncl21bas	20,0,83,0,0,82,80	20,0,42,5,5,45,45	0	90,60,28,28,0	22,22,20	0-0	0
I	11379	2	2	21	21	2	Талисман Адского Сатаны	image_ncl21death	91,0,86,0,0,87,0	43,20,30,3,3,43,20	0	125,25,0,0,29	25,25,25	0-0	0
I	9114	2	5	21	21	2	Крепкий оскверненный амулет варвара	image_ncl_sea2	91,0,86,0,0,87,0	65,20,50,5,5,60,55	5	42,42,42,42,42	30,30,33	0-0	0
I	9116	2	5	21	21	8	Крепкий оскверненный амулет джаггернаута	image_ncl_sea4	65,0,105,0,0,47,48	44,30,80,5,6,45,50	5	52,52,52,52,52	22,22,24	0-0	0
I	9117	2	5	21	21	16	Крепкий оскверненный амулет жреца	image_ncl_sea5	83,0,77,71,0,20,0	40,20,60,50,50,20,20	5	46,46,46,46,46	25,25,33	0-0	0
I	9118	2	5	21	21	32	Крепкий оскверненный амулет мага	image_ncl_sea6	0,0,56,96,103,0,0	0,0,58,101,101,0,0	5	42,42,42,42,42	30,30,33	0-0	0
I	9115	2	5	21	21	4	Крепкий оскверненный амулет мастера щита	image_ncl_sea3	20,0,83,0,0,82,80	35,0,70,10,10,60,75	5	50,50,50,50,50	24,24,25	0-0	0
I	9113	2	5	21	21	1	Крепкий оскверненный амулет рейнджера	image_ncl_sea1	55,85,45,0,0,76,0	49,60,35,8,8,60,40	5	42,42,42,42,42	32,32,29	0-0	0
I	9102	2	5	21	21	2	Оскверненный амулет варвара	image_ncl_sea2	0,0,0,0,0,0,0	65,20,50,5,5,60,55	5	42,42,42,42,42	30,30,33	0-0	0
I	9104	2	5	21	21	8	Оскверненный амулет джаггернаута	image_ncl_sea4	0,0,0,0,0,0,0	44,30,80,5,6,45,50	5	52,52,52,52,52	22,22,24	0-0	0
I	9105	2	5	21	21	16	Оскверненный амулет жреца	image_ncl_sea5	0,0,0,0,0,0,0	40,20,60,50,50,20,20	5	46,46,46,46,46	25,25,33	0-0	0
I	9106	2	5	21	21	32	Оскверненный амулет мага	image_ncl_sea6	0,0,0,0,0,0,0	0,0,58,101,101,0,0	5	42,42,42,42,42	30,30,33	0-0	0
I	9103	2	5	21	21	4	Оскверненный амулет мастера щита	image_ncl_sea3	0,0,0,0,0,0,0	35,0,70,10,10,60,75	5	50,50,50,50,50	24,24,25	0-0	0
I	9101	2	5	21	21	1	Оскверненный амулет рейнджера	image_ncl_sea1	0,0,0,0,0,0,0	49,60,35,8,8,60,40	5	42,42,42,42,42	32,32,29	0-0	0
I	2750	2	1	22	22	2	Амулет Избранника Хаоса	image_ncl_22var	98,0,90,0,0,94,0	33,0,25,0,0,32,18	0	168,0,0,0,0	28,28,15	0-0	0
I	2752	2	1	22	22	8	Амулет Командора	image_ncl_22djag	70,0,110,0,0,52,53	26,15,34,4,3,0,26	0	203,0,0,0,0	26,26,6	0-0	0
I	2751	2	1	22	22	4	Амулет Мечелома	image_ncl_22shield	20,0,89,0,0,88,88	0,0,32,6,6,32,32	0	182,0,0,0,0	23,23,17	0-0	0
I	2754	2	1	22	22	32	Амулет Наставника	image_ncl_22mage	0,0,63,103,111,0,0	0,0,29,39,40,0,0	0	160,0,0,0,0	24,24,23	0-0	0
I	2753	2	1	22	22	16	Амулет Праведника	image_ncl_22priest	90,0,84,87,0,20,0	27,0,27,27,27,0,0	0	203,0,0,0,0	26,26,6	0-0	0
I	2749	2	1	22	22	1	Амулет Сумеречного Леса	image_ncl_22luch	60,90,48,0,0,82,0	20,31,13,3,4,31,6	0	169,0,0,0,0	24,24,20	0-0	0
I	11875	2	7	22	22	4	Золотой талисман Воеводы	image_ncl20+shield	20,0,89,0,0,88,88	20,0,50,5,10,50,55	5	120,80,0,0,25	60,60,55	0-0	0
I	11872	2	7	22	22	2	Костяной амулет Вандала	image_ncl20+var	98,0,90,0,0,94,0	50,20,35,2,3,50,30	5	100,87,0,0,0	77,77,45	0-0	0
I	11884	2	7	22	22	32	Лунный талисман Волхва	image_ncl20+mage	0,0,63,103,111,0,0	0,0,44,73,73,0,0	5	88,20,20,20,20	66,66,66	0-0	0
I	11869	2	7	22	22	1	Малахитовый амулет Конкистадора	image_ncl20+rang	60,90,48,0,0,82,0	36,55,25,3,5,41,25	5	100,61,0,0,0	82,82,47	0-0	0
I	11881	2	7	22	22	16	Окровавленный амулет Прелата	image_ncl20+priest	90,0,84,87,0,20,0	40,15,40,40,40,0,15	5	100,80,0,0,20	61,61,62	0-0	0
I	11878	2	7	22	22	8	Талисман Серебряного Зубра	image_ncl20+djag	70,0,110,0,0,52,53	40,25,55,5,5,20,40	5	150,100,0,0,21	56,56,45	0-0	0
I	2806	2	2	23	23	2	Призрачный амулет Атамана	image_ncl_ghost2	106,0,94,0,0,102,0	85,30,60,6,6,90,43	3	220,0,0,0,0	62,62,52	0-0	0
I	2810	2	2	23	23	32	Призрачный амулет Властелина	image_ncl_ghost6	0,0,71,111,120,20,0	0,0,75,122,123,0,0	3	200,0,0,0,0	64,64,58	0-0	0
I	2805	2	2	23	23	1	Призрачный амулет Завоевателя	image_ncl_ghost1	65,0,51,0,0,88,0	55,90,50,6,6,90,23	3	150,0,0,0,0	75,75,61	0-0	0
I	2808	2	2	23	23	8	Призрачный амулет Исполина	image_ncl_ghost4	75,0,115,0,0,57,58	75,18,90,6,6,35,90	3	302,0,0,0,0	45,45,45	0-0	0
I	2809	2	2	23	23	16	Призрачный амулет Кардинала	image_ncl_ghost5	97,0,91,94,0,0,0	72,0,80,80,65,0,23	3	236,0,0,0,0	56,56,56	0-0	0
I	2807	2	2	23	23	4	Призрачный амулет Полководца	image_ncl_ghost3	20,0,95,0,0,95,22	38,0,90,6,6,90,90	3	268,0,0,0,0	57,57,38	0-0	0
I	2619	2	5	23	23	4	Амулет Болотных огней	image_ncl23_shield	20,0,95,0,0,95,92	30,0,75,5,5,75,75	2	225,0,0,0,0	50,50,34	0-0	0
I	2621	2	5	23	23	16	Амулет Еретика	image_ncl23_priest	97,0,91,94,0,20,0	60,0,65,65,55,0,20	2	195,0,0,0,0	50,50,49	0-0	0
I	2620	2	5	23	23	8	Амулет Лазоревого Тура	image_ncl23_djag	75,0,115,0,0,57,58	60,15,75,5,5,30,75	2	255,0,0,0,0	40,40,39	0-0	0
I	2617	2	5	23	23	1	Амулет Небесной Армады	image_ncl23_rang	65,98,51,0,0,88,0	45,75,40,5,5,75,20	2	125,0,0,0,0	65,65,54	0-0	0
I	2622	2	5	23	23	32	Амулет Провидца	image_ncl23_mage	0,0,71,111,120,0,0	0,0,60,100,105,0,0	2	165,0,0,0,0	55,55,54	0-0	0
I	2618	2	5	23	23	2	Амулет Экспансии	image_ncl23_var	106,0,94,0,0,102,0	70,25,50,5,5,75,35	2	185,0,0,0,0	55,55,44	0-0	0
I	10545	3	1	0	0	63	Льняная туника	image_armor192	0,0,0,0,0,0,0	0,0,0,0,0,1,0	0	0,3,0,0,0	0,0,0	0-0	0
I	9001	3	1	1	1	8	Войлочная рубаха	image_arm5	0,0,3,0,0,0,0	1,0,1,0,0,0,1	0	0,4,0,0,0	0,0,0	0-0	0
I	9000	3	1	1	1	1	Простая кожаная рубаха	image_armorvar	3,0,0,0,0,0,0	1,0,1,0,0,1,0	0	0,4,0,0,0	0,0,0	0-0	0
I	1	3	1	1	1	16	Рубаха	image_armor1	0,0,3,0,0,0,0	1,0,1,0,1,0,0	0	0,3,0,0,0	0,0,0	0-0	0
I	2404	3	1	2	2	8	Железный нагрудник	image_arm3lvl	0,0,5,0,0,0,0	1,0,2,0,0,0,1	0	0,4,0,0,1	0,0,0	0-0	0
I	3	3	1	2	2	1	Кожаный нагрудник	image_armor4	4,0,0,0,0,0,0	1,0,2,0,0,1,0	0	0,3,0,0,0	0,0,0	0-0	0
I	2	3	1	2	2	16	Набивной доспех	image_armor13	0,0,0,4,0,0,0	1,0,2,1,0,0,0	0	1,2,0,0,0	0,0,0	0-0	0
I	4	3	1	3	3	4	Легкий кожаный клепаный доспех	image_armor14	0,0,5,0,0,0,4	0,0,1,0,0,2,2	0	0,6,0,0,2	0,0,0	0-0	0
I	10639	3	1	3	3	2	Портупея дикаря	image_armvar3	5,0,0,0,0,0,0	2,0,1,0,0,2,0	0	0,6,0,0,2	0,0,0	0-0	0
I	9002	3	1	3	3	16	Шелковая туника	image_arm0001	0,0,0,4,0,0,0	0,0,1,2,2,0,0	0	0,6,0,0,0	0,1,0	0-0	0
I	11620	3	1	4	4	63	Доспех из надкрыльев	image_arm_scarab	0,0,0,0,0,0,0	2,1,3,0,1,2,1	0	2,2,2,2,2	0,0,0	0-0	0
I	5	3	1	4	4	1	Доспех из сыромятной кожи	image_armor17	0,8,0,0,0,0,0	1,1,2,0,0,2,0	0	0,6,0,0,0	1,1,0	0-0	0
I	11469	3	1	4	4	63	Жилет бандита	image_arm_b	0,0,0,0,0,0,0	2,0,2,0,0,2,2	0	0,8,2,2,0	1,1,0	0-0	0
I	11472	3	1	4	4	63	Камзол бандита	image_arm_b1	0,0,0,0,0,0,0	2,2,2,0,0,2,0	0	0,6,1,1,0	2,2,0	0-0	0
I	7	3	1	4	4	16	Кольчатый доспех	image_armor16	0,0,6,8,0,0,0	0,0,2,1,3,0,0	0	0,8,0,0,0	1,0,0	0-0	0
I	11967	3	1	4	4	4	Простой юшман	image_armor18_2	0,0,0,0,0,0,5	0,0,2,0,0,2,2	0	0,10,0,0,0	0,0,0	0-0	0
I	6	3	1	4	4	8	Чешуйчатая броня	image_armor15	4,0,8,0,0,0,0	2,1,3,0,0,0,0	0	0,10,0,0,0	0,0,0	0-0	0
I	11971	3	1	4	4	32	Шелковая туника ученика	image_arm0001_2	0,0,0,9,12,0,0	0,0,1,2,3,0,0	0	0,6,0,0,0	1,1,0	0-0	0
I	11942	3	1	5	5	16	Жилет послушания	image_arm5jrec	9,0,7,8,0,0,0	1,0,2,2,2,0,0	0	0,9,0,0,0	1,1,0	0-0	0
I	10	3	1	5	5	2	Кольчуга	image_armor2	8,0,0,0,0,10,0	2,0,2,0,0,2,1	0	0,13,0,0,0	0,0,0	0-0	0
I	11628	3	1	5	5	63	Рванье скеломага	image_arm_scelmag	0,0,0,0,0,0,0	1,0,3,2,2,0,0	0	2,2,2,2,2	0,5,0	0-0	0
I	8	3	1	5	5	32	Роба ученика	image_armor11	0,0,4,13,0,0,0	0,0,2,2,3,0,0	0	0,6,0,0,3	1,1,0	0-0	0
I	11622	3	1	5	5	63	Тряпье костелуча	image_arm_scelluch	0,0,0,0,0,0,0	2,1,2,0,0,2,1	0	0,3,2,2,3	5,0,0	0-0	0
I	11920	3	1	5	5	8	Усиленная чешуйчатая броня	image_arm5djag	8,0,8,0,0,0,0	2,1,2,0,0,2,0	0	0,13,0,0,0	0,0,0	0-0	0
I	9	3	1	5	5	4	Усиленный юшман	image_armor18	0,0,8,0,0,0,8	0,0,3,0,0,2,2	0	0,13,0,0,0	0,0,0	0-0	0
I	13036	3	6	5	5	8	Броня борца	image_armor87	5,0,8,0,0,0,0	3,2,3,0,0,0,3	0	0,15,0,0,0	0,0,0	0-0	0
I	13009	3	6	5	5	2	Доспех злодея	image_armor82	12,0,0,0,0,8,0	3,0,2,0,0,4,2	0	0,11,0,0,0	1,1,0	0-0	0
I	13045	3	6	5	5	16	Панцирь диакона	image_armor86	8,0,0,8,0,0,0	2,0,3,3,3,0,0	0	0,11,0,0,0	1,1,0	0-0	0
I	12	3	1	6	6	2	Бахтерец	image_armor20	14,0,0,0,0,8,0	3,0,3,0,0,2,1	0	0,16,0,0,0	2,2,0	0-0	0
I	10828	3	1	6	6	16	Кольчуга послушника	image_armor_6	12,0,0,12,0,0,0	2,0,2,2,3,0,0	0	0,12,0,0,0	3,3,0	0-0	0
I	11	3	1	6	6	1	Простой клепаный доспех	image_armor19	0,12,0,0,0,4,0	2,2,3,0,0,2,0	0	0,10,1,1,0	3,3,0	0-0	0
I	10642	3	1	6	6	32	Роба заклинателя	image_arm6	0,0,0,15,20,0,0	0,0,2,3,4,0,0	0	0,8,0,0,4	3,3,0	0-0	0
I	10128	3	1	6	6	8	Стальная кираса	image_armor79	6,0,12,0,0,0,6	2,1,3,0,0,1,2	0	0,20,0,0,0	1,1,0	0-0	0
I	2405	3	1	6	6	4	Укрепленный юшман	image_arm6lvl	0,0,12,0,0,8,8	2,0,3,0,0,2,2	0	0,14,0,0,6	1,1,0	0-0	0
I	902	3	2	6	6	8	Железный жилет	image_armor36	0,0,10,0,0,0,8	3,2,3,0,0,2,2	0	0,29,0,0,0	1,1,0	0-0	0
I	911	3	2	6	6	2	Накидка из шкуры	image_armor38	10,0,5,0,0,8,0	3,0,3,0,0,4,2	0	0,23,5,5,0	0,0,0	0-0	0
I	100103	3	5	6	6	63	Плащ Деда Мороза	image_armor94	0,0,0,0,0,0,0	0,0,0,0,0,0,0	0	50,50,50,50,50	10,10,10	0-0	0
I	100104	3	5	6	6	63	Плащ Снегурочки	image_armor92	0,0,0,0,0,0,0	0,0,0,0,0,0,0	0	50,50,50,50,50	10,10,10	0-0	0
I	13005	3	6	6	6	1	Броня молодого охотника	image_armor80	6,12,0,0,0,6,0	3,4,2,0,0,3,1	0	0,18,0,0,0	3,3,2	0-0	0
I	13023	3	6	6	6	32	Костюм фокусника	image_armor81	0,0,0,15,20,0,0	0,0,3,5,5,0,0	0	0,14,0,0,0	4,4,2	0-0	0
I	2460	3	1	7	7	63	Безрукавка лидера	image_arm_bandit	0,0,0,0,0,0,0	3,0,3,0,0,3,2	0	0,16,4,4,0	5,5,0	0-0	0
I	10643	3	1	7	7	4	Бронзовая чешуйчатая броня	image_arm7	0,0,15,0,0,0,13	0,0,3,0,0,3,4	0	0,15,8,8,0	4,4,0	0-0	0
I	14	3	1	7	7	8	Железные латы	image_armor3	13,0,20,0,0,0,0	3,2,4,0,0,1,0	0	0,20,8,8,0	2,2,1	0-0	0
I	11972	3	1	7	7	32	Накидка заклинателя	image_armor12_2	0,0,0,18,23,0,0	0,0,2,4,4,0,0	0	0,14,4,4,4	3,3,3	0-0	0
I	13	3	1	7	7	16	Пластинчатая броня священника	image_armor21	14,0,0,18,0,0,0	1,0,3,2,4,0,0	0	0,18,0,0,0	5,5,3	0-0	0
I	11964	3	1	7	7	2	Укрепленный бахтерец	image_armor20_2	16,0,0,0,0,8,0	3,0,3,0,0,4,0	0	0,17,7,7,0	4,4,0	0-0	0
I	2406	3	1	7	7	1	Усиленный клепаный доспех	image_arm6lvl2	0,18,0,0,0,12,0	3,3,1,0,0,3,0	0	0,12,0,0,7	7,7,0	0-0	0
I	13033	3	6	7	7	4	Доспех заступника	image_armor88	0,0,13,0,0,0,15	0,0,5,0,1,5,4	0	0,35,0,0,0	4,4,2	0-0	0
I	10781	3	1	8	8	0	Броня Сокрушителя	image_armor192	0,0,0,0,0,0,0	1,1,1,1,1,1,1	0	1,1,1,1,1	1,1,1	0-0	0
I	13748	3	1	8	8	16	Доспех священника	image_arm8jrec	21,0,17,22,0,0,0	3,0,3,3,3,0,0	0	0,26,0,0,0	7,7,1	0-0	0
I	17	3	1	8	8	1	Доспехи следопыта	image_armor22	11,27,0,0,0,22,0	3,3,3,0,0,3,0	0	0,22,0,0,0	8,8,1	0-0	0
I	10640	3	1	8	8	2	Нагрудник затмения	image_armvar8	27,0,14,0,0,18,0	4,0,3,0,0,3,2	0	0,22,0,0,0	8,8,1	0-0	0
I	15	3	1	8	8	32	Плащ посвященного	image_armor12	0,0,12,22,27,0,0	0,0,3,4,5,0,0	0	0,11,0,0,4	9,9,2	0-0	0
I	11921	3	1	8	8	8	Стальные латы	image_arm8djag	16,0,29,0,0,0,12	3,2,4,0,0,0,3	0	0,33,0,0,0	6,6,0	0-0	0
I	16	3	1	8	8	4	Тяжелая чешуйчатая броня	image_armor23	0,0,27,0,0,12,22	0,0,4,0,0,4,4	0	0,20,0,0,10	6,6,1	0-0	0
I	10167	3	3	8	8	8	Броня воителя	image_armor87	16,0,29,0,0,0,12	5,4,5,0,0,0,4	0	0,22,0,0,0	1,1,0	0-0	0
I	10149	3	3	8	8	2	Доспех душегуба	image_armor82	27,0,14,0,0,18,0	5,0,4,0,0,5,4	0	0,16,0,0,0	3,2,0	0-0	0
I	10158	3	3	8	8	16	Панцирь капеллана	image_armor86	21,0,17,22,0,0,0	4,0,5,4,5,0,0	0	0,15,0,0,0	2,2,1	0-0	0
I	11367	3	5	8	8	63	Платье оборотня	image_arm_hall	0,0,0,0,0,0,0	0,0,18,0,0,0,0	4	36,36,36,36,36	33,33,33	0-0	0
I	11752	3	5	8	8	63	Свадебный наряд	image_arm_8marth	0,0,0,0,0,0,0	0,0,12,0,0,0,0	8	0,88,0,0,0	8,8,8	0-0	0
I	11351	3	5	8	8	63	Футболка ЕВРО2012	image_armor_f	0,0,0,0,0,0,0	0,0,0,0,0,0,0	4	40,40,40,40,40	25,25,25	0-0	0
I	299998	3	5	8	8	63	Хэллоуинский костюм	image_armor185	0,0,0,0,0,0,0	0,0,0,0,0,0,0	2	44,44,44,44,44	20,20,20	0-0	0
I	11297	3	6	8	8	63	Сказочный наряд	image_armor_1ap	0,0,0,0,0,0,0	0,0,18,0,0,0,0	0	7,7,7,7,7	5,5,50	0-0	0
I	10987	3	1	9	9	2	Броня гномовержца	image_arm9_var	30,0,17,0,0,20,0	5,1,4,0,0,4,1	0	0,31,0,0,0	8,8,1	0-0	0
I	10991	3	1	9	9	4	Кираса щитоносца	image_arm9_shield	0,0,31,0,0,16,25	0,0,5,0,0,5,5	0	0,36,0,0,0	6,6,2	0-0	0
I	10988	3	1	9	9	1	Кольчуга ренегата	image_arm11	12,30,0,0,0,24,0	2,0,4,2,3,0,4	0	0,23,0,0,0	7,7,5	0-0	0
I	18	3	1	9	9	16	Латный доспех жреца	image_armor5	25,0,20,26,0,0,0	3,0,3,3,6,0,0	0	0,23,0,0,0	7,7,5	0-0	0
I	19	3	1	9	9	8	Латы защитника	image_armor8	19,0,34,0,0,0,14	4,3,5,0,0,3,0	0	0,28,0,0,10	7,7,0	0-0	0
I	13757	3	1	9	9	32	Плащ волшебника	image_arm9mage	0,0,14,26,31,0,0	0,0,4,5,6,0,0	0	0,17,0,0,0	7,7,7	0-0	0
I	10136	3	3	9	9	1	Броня старого охотника	image_armor80	12,30,0,0,0,24,0	5,5,3,0,2,5,2	0	0,28,0,0,0	8,8,2	0-0	0
I	10145	3	3	9	9	32	Костюм иллюзиониста	image_armor81	0,0,14,26,31,0,0	0,0,4,9,9,0,0	0	0,14,0,0,0	7,7,8	0-0	0
I	13758	3	1	10	10	4	Броня щитоносца	image_arm10shield	0,0,36,0,0,20,28	0,0,7,0,0,5,6	0	0,48,0,0,0	5,5,4	0-0	0
I	13759	3	1	10	10	8	Доспех телохранителя	image_arm10djag	21,0,39,0,0,0,16	5,0,7,0,0,0,6	0	0,55,0,0,0	4,4,3	0-0	0
I	21	3	1	10	10	2	Доспехи гномовержца	image_armor6	35,0,21,0,0,25,0	5,0,5,0,0,5,3	0	0,31,0,0,0	10,10,3	0-0	0
I	10989	3	1	10	10	1	Кольчуга лесного разведчика	image_arm12	15,34,0,0,0,28,0	6,4,4,0,0,4,0	0	0,27,0,0,0	8,8,7	0-0	0
I	20	3	1	10	10	32	Одеяние колдуна	image_armor28	0,0,17,30,36,0,0	0,0,4,7,7,0,0	0	4,12,4,4,5	9,9,5	0-0	0
I	10990	3	1	10	10	16	Сутана священника	image_arm13	26,0,25,29,0,0,0	4,0,5,4,5,0,0	0	0,34,0,0,0	7,7,6	0-0	0
I	926	3	2	10	10	8	Броня уязвимости	image_arm11_djag1	21,0,39,0,0,0,16	5,3,7,3,0,3,8	0	28,62,23,23,28	-10,-10,-10	0-0	0
I	10182	3	3	10	10	4	Доспех покровителя	image_armor88	0,0,36,0,0,20,28	0,0,10,3,3,8,8	0	0,71,7,7,0	11,11,5	0-0	0
I	409	3	3	10	10	32	Мантия Павших	image_armor29	0,0,17,30,36,0,0	0,0,10,11,11,0,0	0	0,52,0,0,24	11,11,8	0-0	0
I	23	3	1	11	11	16	Доспехи храмовника	image_armor9	31,0,30,35,0,0,0	3,1,5,3,9,0,0	0	6,33,5,5,6	6,6,6	0-0	0
I	24	3	1	11	11	4	Имперский доспех	image_armor26	0,0,41,0,0,24,32	0,0,5,0,2,7,7	0	0,29,0,0,9	11,11,5	0-0	0
I	13594	3	1	11	11	2	Кольчуга темных богов	image_arm11_var	41,0,22,0,0,30,0	5,3,5,0,0,5,3	0	0,40,0,0,12	9,9,3	0-0	0
I	22	3	1	11	11	1	Кольчуга эльфийского следопыта	image_armor25	18,41,0,0,0,32,0	6,5,5,0,0,5,0	0	0,28,8,8,0	11,11,3	0-0	0
I	13279	3	1	11	11	8	Полная латная кираса	image_armor39	27,0,44,0,0,0,18	5,3,5,0,0,3,5	0	0,51,0,0,0	10,10,2	0-0	0
I	10853	3	1	11	11	32	Ряса аколита	image_arm11_mage	0,0,21,35,41,0,0	0,0,4,8,9,0,0	0	0,15,6,6,9	10,10,7	0-0	0
I	10641	3	3	11	11	2	Доспехи гладиатора	image_armvar11	41,0,22,0,0,30,0	10,3,10,0,0,10,5	0	0,60,24,24,0	12,12,6	0-0	0
I	10852	3	3	11	11	8	Латы телохранителя	image_arm11_djag	27,0,44,0,0,0,18	9,6,9,0,0,5,9	0	22,65,19,18,18	8,8,0	0-0	0
I	27	3	1	12	12	2	Броня гладиатора	image_armor7	44,0,24,0,0,32,0	9,0,7,0,0,8,4	0	6,36,0,0,13	9,9,6	0-0	0
I	13595	3	1	12	12	1	Доспех эльфийского следопыта	image_arm12_rang	19,42,0,0,0,34,0	5,8,5,0,0,8,2	0	0,54,0,0,0	10,10,5	0-0	0
I	10856	3	1	12	12	16	Кираса храмовника	image_arm12_priest	35,0,34,40,0,0,0	4,3,6,5,10,0,0	0	0,45,0,0,0	10,10,8	0-0	0
I	13277	3	1	12	12	4	Сегментная кираса легионера	image_arm12_shield	0,0,43,0,0,30,36	0,0,10,0,0,9,9	0	5,43,3,3,18	7,7,3	0-0	0
I	25	3	1	12	12	32	Тога архимага	image_armor27	0,0,22,41,46,0,0	0,0,5,11,12,0,0	0	0,23,4,4,8	13,13,6	0-0	0
I	26	3	1	12	12	8	Тяжелые латы	image_armor24	31,0,48,0,0,0,14	7,5,8,0,1,3,4	0	0,45,6,6,20	8,8,0	0-0	0
I	949	3	2	12	12	1	Доспехи Золотого Ястреба	image_armor40	19,42,0,0,0,34,0	7,7,8,0,3,9,4	0	0,40,0,0,0	17,17,13	0-0	0
I	10854	3	3	12	12	32	Кафтан верховного друида	image_arm12_mage	0,0,22,41,46,0,0	0,0,12,19,19,0,0	0	5,44,5,5,5	19,19,19	0-0	0
I	596	3	3	12	12	4	Победоносный доспех	image_armor37	0,0,43,0,0,30,36	10,0,10,0,5,15,10	0	21,50,0,0,21	15,15,15	0-0	0
I	11555	3	7	12	12	16	Броня шамана	image_arm30	35,0,34,40,0,0,0	15,0,17,16,18,0,0	0	38,47,38,38,0	20,20,10	0-0	0
I	11552	3	7	12	12	2	Доспех мучителя	image_arm27	44,0,24,0,0,32,0	18,5,15,0,2,18,8	0	38,47,38,38,0	20,20,10	0-0	0
I	11556	3	7	12	12	32	Кафтан прорицателя	image_arm31	0,0,22,41,46,0,0	0,0,18,24,24,0,0	0	37,48,38,38,0	20,20,10	0-0	0
I	11553	3	7	12	12	4	Кираса славы	image_arm29	0,0,43,0,0,30,36	1,0,20,2,3,20,20	0	38,47,38,38,0	20,20,10	0-0	0
I	11554	3	7	12	12	8	Латы стойкости	image_arm28	31,0,48,0,0,0,18	14,8,22,1,2,7,12	0	38,47,38,38,0	20,20,10	0-0	0
I	11551	3	7	12	12	1	Нагрудник захватчика	image_arm26	19,42,0,0,0,34,0	10,20,10,0,3,15,8	0	38,47,38,38,0	20,20,10	0-0	0
I	13136	3	1	13	13	2	Кольчуга берсерка	image_arm13_var	48,0,27,0,0,38,0	8,5,8,0,0,9,6	0	6,45,10,10,0	10,10,4	0-0	0
I	13135	3	1	13	13	1	Кольчуга проводника духов	image_arm13_rang	22,48,10,0,0,36,0	7,9,7,0,0,9,4	0	6,30,10,10,0	10,10,9	0-0	0
I	10850	3	1	13	13	4	Латунная кираса центуриона	image_arm13_shield	0,0,48,0,0,36,40	0,0,11,0,2,11,12	0	14,45,0,0,20	8,8,4	0-0	0
I	13280	3	1	13	13	16	Нагрудник паладина	image_arm13_jrec	40,0,39,45,0,0,0	6,0,9,8,8,0,5	0	0,65,0,0,0	10,10,6	0-0	0
I	434	3	1	13	13	32	Плащ хранителя легенд	image_armor30	0,0,23,45,52,0,0	0,0,8,14,14,0,0	0	0,20,5,5,9	15,15,8	0-0	0
I	13596	3	1	13	13	8	Тяжелая латная кираса	image_arm13_djag	34,0,54,0,0,0,22	9,6,11,0,0,0,10	0	0,60,6,6,0	9,9,5	0-0	0
I	13138	3	2	13	13	4	Доспех Восточного Императора	image_arm13_shield2	0,0,48,0,0,36,40	0,0,15,2,2,15,15	0	0,60,0,0,25	20,20,0	0-0	0
I	956	3	2	13	13	16	Доспех верховного жреца	image_armor44	40,0,39,45,0,0,0	10,4,10,10,15,0,0	0	10,60,5,5,15	10,10,10	0-0	0
I	13456	3	2	13	13	4	Куртка Максимиллиана I	image_arm_AB	0,0,0,0,0,0,0	8,0,20,0,0,22,22	4	0,162,0,0,0	12,12,12	0-0	0
I	13450	3	2	13	13	1	Курточка Ингрид I	image_arm_AR	0,0,0,0,0,0,0	14,14,12,0,0,22,10	4	0,148,0,0,0	14,14,14	0-0	0
I	13462	3	2	13	13	16	Плащ Адольфа I	image_arm_AM	0,0,0,0,0,0,0	10,0,18,22,22,0,0	4	0,144,0,0,0	12,12,18	0-0	0
I	10849	3	3	13	13	2	Нагрудник красной звезды	image_arm10	48,0,27,0,0,38,0	15,3,16,2,2,18,10	0	10,74,17,17,10	15,15,10	0-0	0
I	287	3	3	13	13	8	Панцирь рыцарей чести	image_armor55	34,0,54,0,0,0,22	10,10,18,4,4,10,10	0	10,85,10,10,10	15,15,11	0-0	0
I	283	3	3	13	13	1	Серебряный триумфальный доспех	image_armor54	22,48,10,0,0,36,0	10,15,10,0,5,18,8	0	10,65,20,20,0	19,19,9	0-0	0
I	13351	3	6	13	13	63	Куртка Максимиллиана I	image_arm_AB	0,0,0,0,0,0,0	8,0,20,0,0,22,22	4	0,162,0,0,0	12,12,12	0-0	0
I	13345	3	6	13	13	63	Курточка Ингрид I	image_arm_AR	0,0,0,0,0,0,0	14,14,12,0,0,22,10	4	0,148,0,0,0	14,14,14	0-0	0
I	13357	3	6	13	13	63	Плащ Адольфа I	image_arm_AM	0,0,0,0,0,0,0	10,0,18,22,22,0,0	4	0,144,0,0,0	12,12,18	0-0	0
I	536	3	1	14	14	8	Броня доминирования	image_armor35	39,0,62,0,0,0,28	10,8,12,0,2,4,8	0	10,56,10,10,20	10,10,0	0-0	0
I	538	3	1	14	14	1	Доспех проводника духов	image_armor34	25,55,14,0,0,45,0	8,12,8,0,0,12,4	0	0,37,15,15,0	16,16,5	0-0	0
I	13173	3	1	14	14	16	Кираса паладина	image_arm14jrec	45,0,45,50,0,0,0	10,0,10,11,10,0,3	0	36,40,5,5,10	8,8,6	0-0	0
I	535	3	1	14	14	2	Панцирь берсерка	image_armor31	55,0,36,0,0,45,0	12,3,10,0,0,12,7	0	7,47,11,11,10	9,9,8	0-0	0
I	537	3	1	14	14	4	Панцирь центуриона	image_arm15_shield	0,0,55,0,0,42,45	0,0,13,0,3,13,15	0	21,45,0,0,30	8,8,6	0-0	0
I	10188	3	1	14	14	32	Плащ повелителя бурь	image_armor89	0,0,25,55,62,0,0	0,0,10,17,17,0,0	0	10,28,6,6,10	14,14,10	0-0	0
I	10857	3	3	14	14	16	Латы прозрения	image_arm14_priest	45,0,45,50,0,0,0	12,13,14,14,16,0,10	0	23,75,15,15,23	16,16,16	0-0	0
I	11394	3	5	14	14	63	Ледяная броня	image_arm_i	0,0,0,0,0,0,0	20,20,20,20,20,20,20	4	0,0,0,0,0	0,0,0	0-0	0
I	10851	3	1	15	15	4	Броня патрициев	image_armor33	0,0,57,0,0,45,47	0,0,16,0,2,16,18	0	0,104,0,0,0	10,10,6	0-0	0
I	539	3	1	15	15	16	Доспехи паладина	image_armor32	47,0,47,52,0,0,0	8,12,10,7,15,0,0	0	15,42,10,10,15	10,10,10	0-0	0
I	13597	3	1	15	15	1	Камзол лесного дозора	image_arm15_rang	27,57,16,0,0,47,0	10,14,12,0,0,14,2	0	4,36,11,11,16	15,15,8	0-0	0
I	13599	3	1	15	15	8	Кираса доминирования	image_arm15_djag	42,0,67,0,0,9,29	14,5,14,0,0,5,14	0	0,78,8,8,32	9,9,0	0-0	0
I	642	3	1	15	15	0	Мундир немецких штурмовиков	image_armor10	0,0,0,0,0,0,0	40,40,40,40,40,40,40	0	70,70,70,70,70	35,35,35	0-0	0
I	13598	3	1	15	15	2	Нагрудник кровавого зова	image_arm15_var	58,0,42,0,0,49,0	14,0,14,0,0,16,8	0	6,70,8,8,8	11,11,6	0-0	0
I	13600	3	1	15	15	32	Роба могущества	image_arm15_mag	0,0,27,60,69,0,0	0,0,16,18,18,0,0	0	0,52,6,6,6	14,14,12	0-0	0
I	200335	3	2	15	15	2	Доспех красной звезды	image_armor131	58,0,42,0,0,49,0	15,7,15,0,5,18,10	0	40,80,19,19,19	6,6,6	0-0	0
I	979	3	2	15	15	1	Доспехи эльфийского принца	image_armor72	27,57,16,0,0,47,0	13,17,11,0,4,13,12	0	0,79,14,14,0	22,22,8	0-0	0
I	13199	3	2	15	15	63	Ледяная броня МК1	image_arm_i	0,0,0,0,0,0,0	22,22,22,22,22,22,22	4	15,15,15,15,15	12,12,12	0-0	0
I	10393	3	2	15	15	8	Обсидиановый доспех колосса	image_armor135	42,0,67,0,0,9,29	18,10,17,10,0,5,10	0	37,81,20,20,0	10,10,7	0-0	0
I	200333	3	2	15	15	32	Плащ огнепоклонника	image_armor133	0,0,27,60,69,0,0	0,0,22,24,24,0,0	0	10,39,10,10,10	20,20,20	0-0	0
I	9040	3	5	15	15	63	Дубленка	image_arm_winter15	0,0,0,0,0,0,0	0,0,100,0,0,0,0	10	33,33,33,33,33	50,50,50	0-0	0
I	10294	3	7	15	15	4	Броня гордости	image_armor116	0,0,57,0,0,45,47	20,0,25,0,5,25,30	0	10,50,5,5,30	42,42,9	0-0	0
I	10295	3	7	15	15	1	Броня мстителя	image_armor114	27,57,16,0,0,47,0	25,30,20,0,0,25,5	0	10,45,5,5,20	30,30,30	0-0	0
I	10297	3	7	15	15	16	Броня оракула	image_armor112	47,0,47,52,0,0,0	25,0,25,30,20,0,5	0	10,45,15,15,10	29,29,28	0-0	0
I	10296	3	7	15	15	2	Броня палача	image_armor115	58,0,42,0,0,49,0	30,20,25,0,0,25,5	0	10,60,10,10,10	45,45,5	0-0	0
I	100293	3	7	15	15	8	Доспех непреклонного	image_armor111	42,0,67,0,0,9,29	25,5,30,3,2,15,25	0	40,79,25,25,35	13,13,13	0-0	0
I	10298	3	7	15	15	32	Плащ пророка	image_armor113	0,0,27,60,69,0,0	0,0,35,35,35,0,0	0	20,30,5,5,10	36,36,27	0-0	0
I	13602	3	1	16	16	16	Броня крестоносца	image_arm16_jrec	51,0,52,54,0,0,0	10,0,12,14,14,0,8	0	0,89,8,8,8	16,16,10	0-0	0
I	13175	3	1	16	16	32	Кафтан могущества	image_arm16mage	0,0,30,68,73,0,0	0,0,16,21,21,0,0	0	0,50,10,10,20	18,18,15	0-0	0
I	13601	3	1	16	16	4	Кираса патрициев	image_arm16_shield	0,0,59,0,0,48,50	5,0,17,0,0,18,18	0	0,106,0,0,0	17,17,11	0-0	0
I	13276	3	1	16	16	2	Нагрудник вождя	image_arm16_var	61,0,48,0,0,55,0	18,8,10,0,0,18,4	0	0,80,0,0,30	16,16,11	0-0	0
I	13165	3	1	16	16	1	Нагрудник лесного дозора	image_arm16rang	29,60,20,0,0,49,0	11,19,10,0,0,18,0	0	0,78,13,13,13	15,15,10	0-0	0
I	10107	3	1	16	16	8	Панцирь непреклонной силы	image_armor77	45,0,76,0,0,15,31	10,6,26,0,0,6,10	0	0,103,0,0,0	17,17,12	0-0	0
I	990	3	2	16	16	4	Броня воинской доблести	image_armor74	0,0,59,0,0,48,50	10,0,20,5,5,18,20	0	15,78,15,15,30	22,22,13	0-0	0
I	13474	3	2	16	16	4	Куртка Максимиллиана II	image_arm_AB	0,0,0,0,0,0,0	18,0,36,0,0,36,26	4	0,239,0,0,0	25,25,25	0-0	0
I	13468	3	2	16	16	1	Курточка Ингрид II	image_arm_AR	0,0,0,0,0,0,0	22,22,20,0,0,36,16	4	0,204,0,0,0	30,30,30	0-0	0
I	13480	3	2	16	16	16	Плащ Адольфа II	image_arm_AM	0,0,0,0,0,0,0	14,0,30,38,34,0,0	4	0,140,0,0,0	34,34,46	0-0	0
I	684	3	3	16	16	16	Броня епископа	image_armor68	51,0,52,54,0,0,0	15,9,25,15,25,0,15	0	26,90,26,26,31	25,25,25	0-0	0
I	10555	3	3	16	16	1	Броня лесных теней	image_arm238	29,60,20,0,0,49,0	15,30,15,0,0,30,14	0	41,80,21,21,0	34,34,25	0-0	0
I	660	3	3	16	16	2	Броня рыцарей ночи	image_armor48	61,0,48,0,0,55,0	20,6,20,4,6,30,18	0	10,104,15,15,20	30,30,30	0-0	0
I	11991	3	3	16	16	8	Кираса Титана	image_armdjag16	45,0,76,0,0,15,31	20,15,27,3,4,25,10	0	0,139,20,20,20	25,25,25	0-0	0
I	11987	3	3	16	16	4	Кираса чемпиона	image_armshield16	0,0,59,0,0,48,50	10,0,27,3,4,30,30	0	0,124,15,15,25	30,30,25	0-0	0
I	10855	3	3	16	16	32	Туника повелителя бурь	image_arm0004	0,0,30,68,73,0,0	0,0,25,39,40,0,0	0	30,60,20,20,20	32,32,32	0-0	0
I	11158	3	5	16	16	63	Плащ дракона	image_armor_drack	0,0,0,0,0,0,0	0,0,100,0,0,0,0	4	44,44,44,44,44	22,22,22	0-0	0
I	13369	3	6	16	16	63	Куртка Максимиллиана II	image_arm_AB	0,0,0,0,0,0,0	18,0,36,0,0,36,26	4	0,239,0,0,0	25,25,25	0-0	0
I	13363	3	6	16	16	63	Курточка Ингрид II	image_arm_AR	0,0,0,0,0,0,0	22,22,20,0,0,36,16	4	0,204,0,0,0	30,30,30	0-0	0
I	13522	3	6	16	16	63	Ледяная броня МК2	image_arm_i	0,0,0,0,0,0,0	26,26,26,26,26,26,26	4	20,20,20,20,20	16,16,16	0-0	0
I	13375	3	6	16	16	63	Плащ Адольфа II	image_arm_AM	0,0,0,0,0,0,0	14,0,30,38,34,0,0	4	0,140,0,0,0	34,34,46	0-0	0
I	13603	3	1	17	17	1	Доспех Золотого Феникса	image_arm17_rang	39,69,24,0,0,59,0	8,20,9,0,0,20,8	0	10,81,10,10,10	22,22,18	0-0	0
I	10000	3	1	17	17	8	Доспех древнего колосса	image_armor49	51,0,86,0,0,20,35	13,10,20,2,3,5,12	0	16,80,29,29,22	18,18,5	0-0	0
I	13278	3	1	17	17	4	Кираса античного витязя	image_arm17_shield	20,0,61,0,0,51,53	5,0,20,0,0,20,20	0	0,136,0,0,0	22,22,13	0-0	0
I	11955	3	1	17	17	16	Кираса крестоносца	image_arm17jrec	54,0,55,56,0,0,0	13,11,13,13,15,0,0	0	0,94,15,15,25	18,18,14	0-0	0
I	13157	3	1	17	17	2	Нагрудник ночного хищника	image_arm17lvl_var	71,0,55,0,0,62,0	20,0,20,0,0,20,5	0	0,119,0,0,0	24,24,16	0-0	0
I	10001	3	1	17	17	32	Плащ равновесия элементов	image_armor50	0,0,37,76,83,0,0	0,0,15,24,26,0,0	0	22,36,14,14,14	25,25,21	0-0	0
I	11080	3	2	17	17	2	Броня горных владык	image_arm17_var	71,0,55,0,0,62,0	30,0,20,3,3,30,10	0	0,150,0,0,40	25,25,20	0-0	0
I	11074	3	2	17	17	1	Камзол Соколиной Охоты	image_arm14	39,69,24,0,0,59,0	14,23,15,0,5,30,9	0	0,100,0,0,20	28,28,26	0-0	0
I	10558	3	2	17	17	32	Мантия небесной энергии	image_armor500	0,0,37,76,83,0,0	0,0,24,35,37,0,0	0	35,46,24,24,28	26,26,23	0-0	0
I	984	3	2	17	17	16	Одеяние святой Инквизиции	image_armor73	54,0,55,56,0,0,0	18,12,18,15,17,8,8	0	30,100,30,30,0	20,20,20	0-0	0
I	10230	3	3	17	17	4	Панцирь чемпиона	image_armor97	20,0,61,0,0,51,53	5,0,37,0,5,35,35	0	70,98,35,35,40	30,30,25	0-0	0
I	10287	3	3	17	17	8	Священные латы Титана	image_armor110	51,0,86,0,0,20,35	30,20,37,5,0,5,20	0	30,118,40,40,30	35,35,25	0-0	0
I	11164	3	5	17	17	63	Тело Дракона 2024	image_arm_dracon	0,0,0,0,0,0,0	0,0,120,0,0,0,0	4	50,50,50,50,50	28,28,28	0-0	0
I	13559	3	6	17	17	63	Ледяная броня МК3	image_arm_i	0,0,0,0,0,0,0	31,31,31,31,31,31,31	4	30,30,30,30,30	25,25,25	0-0	0
I	10003	3	1	18	18	4	Броня античного витязя	image_armor60	20,0,63,0,0,60,60	5,0,22,0,5,21,26	0	30,55,15,15,50	22,22,20	0-0	0
I	13760	3	1	18	18	2	Кираса ночного хищника	image_arm18var	74,0,62,0,0,66,0	20,10,18,0,0,21,10	0	0,152,0,0,0	26,26,19	0-0	0
I	13281	3	1	18	18	16	Кираса святого слова	image_armor62	63,0,57,62,0,0,0	15,0,16,17,17,0,14	0	0,165,0,0,0	19,19,24	0-0	0
I	10002	3	1	18	18	1	Кольчуга золотого Феникса	image_armor57	40,71,31,0,0,62,0	14,19,13,0,0,21,12	0	25,80,25,25,25	25,25,11	0-0	0
I	13762	3	1	18	18	32	Мантия равновесия элементов	image_arm18mage	0,0,41,80,83,0,0	0,0,17,30,32,0,0	0	0,98,0,0,0	41,41,17	0-0	0
I	13761	3	1	18	18	8	Панцирь древнего колосса	image_arm18djag	53,0,88,0,0,27,35	20,6,30,0,0,0,23	0	0,214,0,0,0	18,18,9	0-0	0
I	11082	3	2	18	18	8	Титановый бронеплащ кавалериста	image_arm18_djag	53,0,88,0,0,27,35	27,15,30,5,0,5,25	0	0,250,0,0,31	20,20,20	0-0	0
I	11984	3	3	18	18	1	Кольчуга Вечной Весны	image_armrang18	40,71,31,0,0,62,0	30,40,20,3,4,35,10	0	0,214,0,0,0	50,50,50	0-0	0
I	11081	3	3	18	18	2	Латный "шиповник" Жнеца	image_arm18_var	74,0,62,0,0,66,0	40,10,30,2,5,35,20	0	0,270,0,0,0	45,45,38	0-0	0
I	11079	3	3	18	18	16	Сутана абсолютного познания	image_arm18_priest	63,0,57,62,0,0,0	30,10,25,30,30,0,17	0	0,260,0,0,0	46,46,40	0-0	0
I	11077	3	3	18	18	32	Тога великого чернокнижника	image_arm17	0,0,41,80,83,0,0	0,0,42,50,50,0,0	0	0,200,0,0,0	55,55,48	0-0	0
I	13619	3	6	18	18	63	Ледяная броня МК4	image_arm_i	0,0,0,0,0,0,0	37,37,37,37,37,37,37	5	50,50,50,50,50	35,35,35	0-0	0
I	11761	3	7	18	18	8	Кастенбруст Лиловых Теней	image_arm19rat_djag	53,0,88,0,0,27,35	40,19,55,5,5,17,40	0	42,100,25,25,35	38,38,26	0-0	0
I	11767	3	7	18	18	2	Латный "Багрянец" кровожадности	image_arm19rat_var	74,0,62,0,0,66,0	46,19,30,5,5,46,30	0	30,70,30,30,29	55,55,16	0-0	0
I	11773	3	7	18	18	1	Муаровый плащ Лесного Сумрака	image_arm19rat_rang	40,71,31,0,0,62,0	31,50,25,5,5,40,25	0	20,61,20,20,30	54,54,30	0-0	0
I	11791	3	7	18	18	32	Парчовая мантия Чудотворца	image_arm19rat_mage	0,0,41,80,83,0,0	0,0,45,68,68,0,0	0	45,51,25,25,20	42,42,41	0-0	0
I	11785	3	7	18	18	16	Платиновый колонтарь Апостола	image_arm19rat_priest	63,0,57,62,0,0,0	36,10,40,40,40,5,10	0	30,70,25,25,30	37,37,43	0-0	0
I	11779	3	7	18	18	4	Сияющий ламелляр полудня	image_arm19rat_shield	20,0,63,0,0,60,60	25,0,50,5,5,48,48	0	30,80,20,20,50	50,50,19	0-0	0
I	10005	3	1	19	19	2	Кираса атамана	image_armor56	78,0,71,0,0,69,0	22,13,20,3,5,22,15	0	35,76,25,25,25	17,17,17	0-0	0
I	10004	3	1	19	19	16	Кираса великомученика	image_arm18_jrec	70,0,62,69,0,0,0	20,10,20,25,25,0,0	0	31,75,20,20,20	22,22,17	0-0	0
I	11083	3	1	19	19	8	Латная броня кавалериста	image_arm19_djag	55,0,94,0,0,35,38	25,15,35,0,0,0,25	0	0,222,0,0,0	14,14,9	0-0	0
I	11076	3	1	19	19	4	Латный панцирь броненосца	image_arm16	20,0,69,0,0,68,67	0,0,30,0,5,25,40	0	0,200,0,0,15	15,15,10	0-0	0
I	11078	3	1	19	19	32	Мантия великого волшебника	image_arm18	0,0,46,85,90,0,0	0,0,26,37,37,0,0	0	0,95,0,0,0	30,30,30	0-0	0
I	11075	3	1	19	19	1	Чешуйчатый мундир Древних	image_arm15	44,73,36,0,0,64,0	22,25,20,3,5,25,0	0	0,148,0,0,0	25,25,19	0-0	0
I	13492	3	2	19	19	4	Куртка Максимиллиана III	image_arm_AB	0,0,0,0,0,0,0	30,0,60,0,0,64,46	4	0,330,0,0,0	40,40,40	0-0	0
I	13486	3	2	19	19	1	Курточка Ингрид III	image_arm_AR	0,0,0,0,0,0,0	38,38,32,0,0,64,28	4	0,225,0,0,0	55,55,55	0-0	0
I	13498	3	2	19	19	16	Плащ Адольфа III	image_arm_AM	0,0,0,0,0,0,0	24,0,52,64,60,0,0	4	0,195,0,0,0	46,46,77	0-0	0
I	13387	3	6	19	19	63	Куртка Максимиллиана III	image_arm_AB	0,0,0,0,0,0,0	30,0,60,0,0,64,46	4	0,330,0,0,0	40,40,40	0-0	0
I	13381	3	6	19	19	63	Курточка Ингрид III	image_arm_AR	0,0,0,0,0,0,0	38,38,32,0,0,64,28	4	0,225,0,0,0	55,55,55	0-0	0
I	13798	3	6	19	19	63	Ледяная броня МК5	image_arm_i	0,0,0,0,0,0,0	45,45,45,45,45,45,45	6	60,60,60,60,60	50,50,50	0-0	0
I	13393	3	6	19	19	63	Плащ Адольфа III	image_arm_AM	0,0,0,0,0,0,0	24,0,52,64,60,0,0	4	0,195,0,0,0	46,46,77	0-0	0
I	11674	3	1	20	20	8	Вороненая кираса Неуязвимости	image_arm20djag	60,0,100,0,0,42,43	25,13,40,3,3,10,26	0	0,226,0,0,0	20,20,20	0-0	0
I	11675	3	1	20	20	16	Золоченая бронесутана Архиепископа	image_arm20priest	78,0,72,76,0,20,0	25,10,25,25,30,0,5	0	40,70,22,22,22	25,25,30	0-0	0
I	11672	3	1	20	20	2	Игольчатый нагрудник Красной Орды	image_arm20var	86,0,81,0,0,76,0	32,13,22,0,5,33,15	0	40,76,25,25,25	25,25,25	0-0	0
I	11673	3	1	20	20	4	Лазурная бронемантия Победоносца	image_arm20shield	20,0,78,0,0,77,75	3,0,35,2,5,35,40	0	0,212,0,0,0	22,22,22	0-0	0
I	11671	3	1	20	20	1	Плащ Древних лесных владык	image_arm20rang	50,80,43,0,0,71,0	25,30,20,3,5,25,12	0	0,156,0,0,0	30,30,30	0-0	0
I	2532	3	1	20	20	63	Подводный доспех	image_arm_aqua	0,0,0,0,0,0,0	0,0,0,0,0,0,0	0	0,0,0,0,0	0,0,0	0-0	0
I	11676	3	1	20	20	32	Тога Патриарха Тьмы	image_arm20mage	0,0,51,91,98,0,0	0,0,30,45,45,0,0	0	0,121,0,0,0	35,35,35	0-0	0
I	2514	3	2	20	20	63	Подводный доспех Атакующих	image_arm_aqua	50,0,43,0,0,71,0	59,38,37,6,6,59,21	0	0,302,0,0,0	50,50,35	0-0	0
I	2520	3	2	20	20	63	Подводный доспех Защитников	image_arm_aqua	20,0,78,0,0,42,43	37,15,66,6,6,44,52	0	0,405,0,0,0	34,34,22	0-0	0
I	2526	3	2	20	20	63	Подводный доспех Поддержки	image_arm_aqua	0,0,51,76,0,0,0	22,9,48,68,66,0,13	0	0,245,0,0,0	53,53,50	0-0	0
I	10707	3	3	20	20	2	Доспех Адского Сатаны	image_arm_megavar	86,0,81,0,0,76,0	65,21,47,6,6,60,21	0	76,174,24,24,44	40,40,35	0-0	0
I	10696	3	3	20	20	1	Доспех Лазурного Дракона	image_arm9	50,80,43,0,0,71,0	52,57,27,6,6,57,21	0	82,100,25,25,30	60,60,35	0-0	0
I	10730	3	3	20	20	4	Кираса Золотой Черепахи	image_arm8	20,0,78,0,0,77,75	30,0,60,7,7,60,62	0	106,141,40,40,64	33,33,28	0-0	0
I	10719	3	3	20	20	8	Кираса Черного Единорога	image_arm_magadjag	60,0,100,0,0,42,43	51,30,70,5,5,25,40	0	123,179,19,19,79	35,35,16	0-0	0
I	10753	3	3	20	20	32	Мантия Алого Феникса	image_arm0003	0,0,51,91,98,0,0	0,0,50,90,86,0,0	0	100,90,5,5,36	56,56,49	0-0	0
I	10742	3	3	20	20	16	Нагрудник Лунного Грифона	image_arm0002	78,0,72,76,0,20,0	45,20,45,45,45,0,26	0	62,105,45,45,0	50,50,50	0-0	0
I	528	3	5	20	20	63	Доспех Змеееда	image_arm_snake2025	0,0,0,0,0,0,0	84,60,84,60,72,60,84	10	0,543,0,0,0	85,85,85	0-0	0
I	522	3	5	20	20	63	Доспех Кролика	image_arm_bunny	0,0,0,0,0,0,0	60,84,60,60,72,84,84	10	0,438,0,0,0	100,100,100	0-0	0
I	516	3	5	20	20	63	Доспех Тигромана	image_arm_tiger	0,0,0,0,0,0,0	72,72,72,72,72,72,72	10	0,400,0,0,0	105,105,106	0-0	0
I	13834	3	5	20	20	2	Новогодний плащ Атакующих	image_armor94	50,0,43,0,0,71,0	36,30,34,5,5,35,20	2	30,151,30,30,30	30,30,30	0-0	0
I	13839	3	5	20	20	8	Новогодний плащ Защитников	image_armor94	20,0,78,0,0,42,43	25,13,41,5,5,35,41	2	0,257,0,0,0	32,32,32	0-0	0
I	13845	3	5	20	20	16	Новогодний плащ Поддержки	image_armor94	0,0,51,76,0,0,0	28,0,30,45,45,0,17	2	40,130,22,22,22	35,35,35	0-0	0
I	13818	3	6	20	20	63	Ледяная броня МК6	image_arm_i	0,0,0,0,0,0,0	55,55,55,55,55,55,55	6	75,75,75,75,75	60,60,60	0-0	0
I	11161	3	9	20	20	0	Драконья броня	image_armor_drack	0,0,0,0,0,0,0	52,57,27,6,6,57,21	0	53,53,53,53,53	60,60,35	0-0	0
I	13085	3	1	21	21	16	Доспех Гармонии духа	image_arm21gos_priest	83,0,77,81,0,20,0	27,20,30,30,35,0,5	0	49,100,25,25,25	29,29,30	0-0	0
I	13083	3	1	21	21	4	Кираса яркого Восхода	image_arm21gos_shield	20,0,83,0,0,82,80	5,0,45,6,6,45,40	0	0,235,0,0,0	30,30,25	0-0	0
I	13081	3	1	21	21	1	Куртка из Рощи вурдалаков	image_arm21gos_rang	55,85,45,0,0,76,0	30,35,25,5,5,32,15	0	0,185,0,0,0	35,35,35	0-0	0
I	13084	3	1	21	21	8	Полная кираса Бесстрашия	image_arm21gos_djag	65,0,105,0,0,47,48	30,20,40,5,5,17,30	0	0,241,0,0,0	27,27,27	0-0	0
I	13082	3	1	21	21	2	Хуяг Бесконечной Битвы	image_arm21gos_var	91,0,86,0,0,87,0	37,20,25,0,5,40,20	0	42,85,25,25,25	33,33,32	0-0	0
I	13086	3	1	21	21	32	Элегантные одеяния Безмятежности	image_arm21gos_mage	0,0,56,96,103,0,0	0,0,45,51,51,0,0	0	0,150,0,0,0	40,40,40	0-0	0
I	11410	3	2	21	21	8	Бронеплащ Черного Единорога	image_arm22	65,0,105,0,0,47,48	60,33,80,10,5,33,50	0	130,200,25,25,99	40,40,30	0-0	0
I	11411	3	2	21	21	32	Епанча Алого Феникса	image_arm25	0,0,56,96,103,0,0	0,0,65,103,103,0,0	0	125,112,25,25,50	56,56,56	0-0	0
I	11412	3	2	21	21	16	Китель Лунного Грифона	image_arm24	83,0,77,81,0,20,0	50,25,60,55,55,0,26	0	82,132,60,60,15	50,50,60	0-0	0
I	13510	3	2	21	21	4	Куртка Максимиллиана IV	image_arm_AB	0,0,0,0,0,0,0	44,0,90,0,0,92,68	4	0,426,0,0,0	62,62,62	0-0	0
I	13504	3	2	21	21	1	Курточка Ингрид IV	image_arm_AR	0,0,0,0,0,0,0	56,56,48,0,0,92,42	4	0,265,0,0,0	85,85,85	0-0	0
I	11409	3	2	21	21	4	Латы Золотой Черепахи	image_arm21	20,0,83,0,0,82,80	31,0,75,5,10,75,75	0	110,150,50,50,79	50,50,30	0-0	0
I	11407	3	2	21	21	1	Мундир Изумрудного Дракона	image_arm20	55,85,45,0,0,76,0	56,65,40,5,10,65,30	0	50,120,35,35,75	66,66,50	0-0	0
I	13516	3	2	21	21	16	Плащ Адольфа IV	image_arm_AM	0,0,0,0,0,0,0	36,0,76,94,88,0,0	4	0,212,0,0,0	72,72,120	0-0	0
I	11408	3	2	21	21	2	Шинель Адского Сатаны	image_arm23	91,0,86,0,0,87,0	70,30,57,6,6,70,32	0	80,179,30,30,50	60,60,40	0-0	0
I	13405	3	6	21	21	63	Куртка Максимиллиана IV	image_arm_AB	0,0,0,0,0,0,0	44,0,90,0,0,92,68	4	0,426,0,0,0	62,62,62	0-0	0
I	13399	3	6	21	21	63	Курточка Ингрид IV	image_arm_AR	0,0,0,0,0,0,0	56,56,48,0,0,92,42	4	0,265,0,0,0	85,85,85	0-0	0
I	13873	3	6	21	21	63	Ледяная броня MK7	image_arm_i	0,0,0,0,0,0,0	66,66,66,66,66,66,66	7	90,90,90,90,90	75,75,75	0-0	0
I	13411	3	6	21	21	63	Плащ Адольфа IV	image_arm_AM	0,0,0,0,0,0,0	36,0,76,94,88,0,0	4	0,212,0,0,0	72,72,120	0-0	0
I	2708	3	1	22	22	2	Броня Избранника Хаоса	image_arm_22var	98,0,90,0,0,94,0	44,22,30,0,5,50,25	0	85,250,0,0,10	40,40,39	0-0	0
I	2711	3	1	22	22	16	Броня Праведника	image_arm_22priest	90,0,84,87,0,20,0	38,0,41,49,48,0,0	0	64,260,0,0,53	35,35,35	0-0	0
I	2707	3	1	22	22	1	Доспех Сумеречного Леса	image_arm_22luch	60,90,48,0,0,82,0	36,41,30,5,5,41,18	0	68,228,0,0,32	42,42,42	0-0	0
I	2710	3	1	22	22	8	Кираса Командора	image_arm_22djag	70,0,110,0,0,52,53	38,29,54,5,5,0,45	0	62,350,0,0,0	30,30,30	0-0	0
I	2709	3	1	22	22	4	Латы Мечелома	image_arm_22shield	20,0,89,0,0,88,88	8,0,54,6,6,54,48	0	88,284,0,0,16	36,36,30	0-0	0
I	2712	3	1	22	22	32	Одеяния Наставника	image_arm_22mage	0,0,63,103,111,0,0	0,0,50,63,63,0,0	0	36,250,0,0,0	48,48,48	0-0	0
I	2471	3	2	22	22	2	Тело Падшего Варвара MK1	image_arm_spawn	98,0,90,0,0,94,0	80,45,60,0,10,85,45	0	49,280,52,52,0	71,71,63	0-0	0
I	2486	3	2	22	22	8	Тело Падшего Джаггернаута MK1	image_arm_spawn	70,0,110,0,0,52,53	55,30,95,5,5,85,50	0	86,260,85,85,0	60,60,50	0-0	0
I	2492	3	2	22	22	16	Тело Падшего Жреца MK1	image_arm_spawn	90,0,84,87,0,20,0	55,0,80,75,85,0,30	0	64,250,83,83,0	63,63,58	0-0	0
I	2508	3	2	22	22	32	Тело Падшего Мага MK1	image_arm_spawn	0,0,63,103,111,0,0	0,0,99,113,113,0,0	0	100,104,50,50,0	86,86,86	0-0	0
I	2480	3	2	22	22	4	Тело Падшего Мастера щита MK1	image_arm_spawn	20,0,89,0,0,88,88	20,0,95,15,15,85,95	0	100,360,59,59,0	58,58,32	0-0	0
I	2465	3	2	22	22	1	Тело Падшего Рейнджера MK1	image_arm_spawn	60,90,48,0,0,82,0	65,70,50,10,10,85,35	0	50,240,40,40,0	77,77,76	0-0	0
I	2323	3	5	22	22	63	Хронодоспех	image_arm_chrono	0,0,0,0,0,0,0	100,95,115,125,115,105,110	4	150,150,150,150,150	105,105,85	0-0	0
I	11833	3	7	22	22	1	Бархатная корацина Конкистадора	image_arm20+rang	60,90,48,0,0,82,0	73,90,50,5,5,82,50	0	61,150,61,61,71	96,96,49	0-0	0
I	11845	3	7	22	22	4	Золотой кастенбруст Воеводы	image_arm20+shield	20,0,89,0,0,88,88	50,0,95,5,10,96,99	0	105,202,50,50,100	77,77,40	0-0	0
I	11851	3	7	22	22	8	Кастенбруст Серебряного Зубра	image_arm20+djag	70,0,110,0,0,52,53	85,40,99,5,5,36,85	0	125,225,50,50,105	65,65,40	0-0	0
I	11857	3	7	22	22	16	Колонтарь Кровавого Прелата	image_arm20+priest	90,0,84,87,0,20,0	75,25,75,75,75,10,20	0	70,180,60,60,75	70,70,70	0-0	0
I	11839	3	7	22	22	2	Ламелляр Северного Вандала	image_arm20+var	98,0,90,0,0,94,0	95,40,60,5,5,95,55	0	70,180,70,70,61	88,88,44	0-0	0
I	11863	3	7	22	22	32	Парчовая хламида Волхва	image_arm20+mage	0,0,63,103,111,0,0	0,0,91,132,132,0,0	0	70,170,60,60,70	70,70,75	0-0	0
I	2774	3	2	23	23	16	Призрачная броня Кардинала	image_arm_ghost3	0,0,71,94,0,0,0	114,0,108,93,105,0,60	4	105,420,134,134,0	118,118,110	0-0	0
I	2786	3	2	23	23	2	Призрачный доспех Атамана	image_arm_ghost4	65,0,51,0,0,88,0	120,45,75,12,12,120,96	4	60,420,50,50,0	175,175,105	0-0	0
I	2798	3	2	23	23	32	Призрачный доспех Властелина	image_arm_ghost6	0,0,71,94,0,0,0	0,0,144,168,168,0,0	4	105,420,134,134,0	118,118,110	0-0	0
I	2762	3	2	23	23	1	Призрачный доспех Завоевателя	image_arm_ghost1	65,0,51,0,0,88,0	84,110,57,12,12,120,85	4	60,420,50,50,0	175,175,105	0-0	0
I	2792	3	2	23	23	8	Призрачный доспех Исполина	image_arm_ghost5	20,0,95,0,0,57,58	92,50,144,12,12,60,110	4	115,450,166,166,0	107,107,90	0-0	0
I	2768	3	2	23	23	4	Призрачный нагрудник Полководца	image_arm_ghost2	20,0,95,0,0,57,58	66,0,132,18,18,120,126	4	115,450,166,166,0	107,107,90	0-0	0
I	2588	3	2	23	23	2	Тело Падшего Варвара MK2	image_arm_spawn2	106,0,94,0,0,102,0	95,55,70,0,10,100,60	0	91,392,74,74,0	105,105,90	0-0	0
I	2600	3	2	23	23	8	Тело Падшего Джаггернаута MK2	image_arm_spawn2	75,0,115,0,0,57,58	60,40,120,5,5,100,60	0	160,415,155,155,0	70,70,52	0-0	0
I	2606	3	2	23	23	16	Тело Падшего Жреца MK2	image_arm_spawn2	97,0,91,94,0,20,0	65,0,95,95,95,0,40	0	140,320,136,136,0	100,100,63	0-0	0
I	2612	3	2	23	23	32	Тело Падшего Мага MK2	image_arm_spawn2	0,0,71,111,120,0,0	0,0,115,135,140,0,0	0	110,128,96,96,0	135,135,117	0-0	0
I	2594	3	2	23	23	4	Тело Падшего Мастера щита MK2	image_arm_spawn2	20,0,95,0,0,95,92	25,0,120,15,15,100,115	0	123,430,134,134,0	80,80,60	0-0	0
I	2582	3	2	23	23	1	Тело Падшего Рейнджера MK2	image_arm_spawn2	65,98,51,0,0,88,0	80,85,60,10,10,100,45	0	100,330,45,45,0	120,120,107	0-0	0
I	2548	3	5	23	23	16	Золоченый паллий Еретика	image_arm_priestprise	97,0,91,94,0,20,0	95,0,90,77,88,0,50	4	100,263,86,86,0	100,100,90	0-0	0
I	2544	3	5	23	23	1	Кептарь Небесной Армады	image_arm_rangprise	65,98,51,0,0,88,0	72,92,45,11,10,100,70	4	100,203,60,60,0	143,143,60	0-0	0
I	2545	3	5	23	23	2	Лорика сегментата Экспансии	image_arm_varprise	106,0,94,0,0,102,0	100,37,62,10,11,100,80	4	75,230,90,90,0	130,130,55	0-0	0
I	2546	3	5	23	23	4	Реннцойг Болотных огней	image_arm_shieldprise	20,0,95,0,0,95,92	55,0,110,15,15,100,105	4	81,260,95,95,0	106,106,80	0-0	0
I	2549	3	5	23	23	32	Светоносная риза Провидца	image_arm_mageprise	0,0,71,111,120,0,0	0,0,120,140,140,0,0	4	100,191,90,90,0	111,111,100	0-0	0
I	2547	3	5	23	23	8	Штехцойг Лазоревого Тура	image_arm_djagprise	75,0,115,0,0,57,58	75,45,120,10,10,50,90	4	76,275,120,120,0	106,106,50	0-0	0
I	2803	3	3	24	24	2	Prototype rare arm 24 lbl barb	image_armor58	0,0,0,0,0,0,0	120,40,85,15,15,120,85	0	118,118,118,118,118	140,140,64	0-0	0
I	2636	3	6	24	24	2	Тело Падшего Варвара MK3	image_arm_spawn3	114,0,100,0,0,111,0	114,66,84,0,12,120,72	0	110,480,84,84,0	126,126,108	0-0	0
I	2648	3	6	24	24	8	Тело Падшего Джаггернаута MK3	image_arm_spawn3	80,0,120,0,0,63,63	72,48,144,6,6,120,72	0	184,498,191,191,0	84,84,62	0-0	0
I	2654	3	6	24	24	16	Тело Падшего Жреца MK3	image_arm_spawn3	100,0,102,100,0,20,0	78,0,114,114,114,0,48	0	168,389,162,162,0	120,120,75	0-0	0
I	2660	3	6	24	24	32	Тело Падшего Мага MK3	image_arm_spawn3	0,0,79,120,126,0,0	0,0,138,162,168,0,0	0	132,156,115,115,0	162,162,140	0-0	0
I	2642	3	6	24	24	4	Тело Падшего Мастера щита MK3	image_arm_spawn3	20,0,100,0,0,107,98	30,0,144,18,18,120,138	0	144,516,163,163,0	105,105,60	0-0	0
I	2630	3	6	24	24	1	Тело Падшего Рейнджера MK3	image_arm_spawn3	70,106,55,0,0,94,0	96,102,72,12,12,120,54	0	120,396,55,55,0	144,144,128	0-0	0
I	2804	3	1	25	25	4	Prototype common arm 25 lvl shield	image_arm2688	20,0,110,0,0,123,110	0,0,100,0,4,100,100	0	71,400,0,0,200	62,62,52	0-0	0
I	10570	4	1	0	0	63	Льняные перчатки	image_glovselen	0,0,0,0,0,0,0	1,0,0,0,0,0,0	0	0,0,1,1,0	0,0,0	0-0	0
I	9013	4	1	1	1	8	Войлочные рукавицы	image_glv5	0,0,3,0,0,0,0	0,0,1,0,0,0,1	0	0,0,1,1,0	1,0,0	0-0	0
I	9012	4	1	1	1	1	Простые кожаные рукавицы	image_glovsevar	0,0,0,0,0,0,0	1,1,0,0,0,0,0	0	0,0,1,1,0	0,1,0	0-0	0
I	9014	4	1	1	1	16	Шелковые перчатки	image_glv0001	0,0,0,2,0,0,0	0,0,0,1,1,0,0	0	0,0,1,1,0	0,1,0	0-0	0
I	89	4	1	3	3	1	Легкие кожаные перчатки	image_glovse21	0,6,0,0,0,0,0	1,2,1,0,0,0,0	0	0,0,2,2,0	0,0,0	0-0	0
I	87	4	1	3	3	32	Перчатки ученика	image_glovse1	0,0,0,4,4,0,0	0,0,0,1,3,0,0	0	0,0,1,1,0	1,0,0	0-0	0
I	2416	4	1	3	3	8	Простые железные митенки	image_glv3lvl	5,0,5,0,0,0,0	1,0,2,0,0,0,1	0	0,0,2,2,0	0,0,0	0-0	0
I	88	4	1	3	3	16	Простые кожаные перчатки	image_glovse23	5,0,0,5,0,0,0	0,0,1,1,2,0,0	0	0,0,2,2,0	0,0,0	0-0	0
I	11934	4	1	3	3	2	Укрепленные кожаные перчатки	image_glv3var	5,0,0,0,0,4,0	2,0,1,0,0,1,0	0	0,0,2,2,0	0,0,0	0-0	0
I	9087	4	1	3	3	4	Чеканные перчатки	image_glv_shield3	0,0,4,0,0,0,4	0,0,1,0,0,1,2	0	0,0,2,2,0	0,0,0	0-0	0
I	92	4	1	4	4	4	Клепаные кожаные перчатки	image_glovse20	0,0,0,0,0,0,5	0,0,1,0,0,2,2	0	0,0,3,2,0	0,0,0	0-0	0
I	90	4	1	4	4	8	Легкие железные митенки	image_glovse22	6,0,8,0,0,0,0	1,0,2,0,0,0,2	0	0,0,3,2,0	0,0,0	0-0	0
I	11474	4	1	4	4	63	Перчатки бандита	image_glv_b1	0,0,0,0,0,0,0	2,2,0,0,0,2,0	0	0,0,2,2,0	1,1,0	0-0	0
I	9088	4	1	4	4	1	Перчатки листвы	image_glv_rang4	0,8,0,0,0,0,0	1,2,1,0,0,1,0	0	0,0,2,3,0	0,0,0	0-0	0
I	91	4	1	4	4	2	Племенные железные перчатки	image_glovse2	8,0,0,0,0,4,0	2,0,2,0,0,1,0	0	0,0,3,2,0	0,0,0	0-0	0
I	11974	4	1	4	4	32	Плотные перчатки ученика	image_glv_scelluch_2	0,0,0,9,12,0,0	0,0,1,2,2,0,0	0	0,0,2,1,0	1,0,0	0-0	0
I	9089	4	1	4	4	16	Сглаженные перчатки	image_glv_jrec4	0,0,6,8,0,0,0	1,0,1,2,1,0,0	0	0,0,2,3,0	0,0,0	0-0	0
I	2417	4	1	5	5	32	Алые перчатки заклинателя	image_glv5lvl	0,0,0,10,16,0,0	0,0,0,3,3,0,0	0	0,0,1,1,0	0,3,0	0-0	0
I	11923	4	1	5	5	8	Железные рукавицы	image_glv5djag	8,0,8,0,0,0,0	2,1,2,0,0,0,1	0	0,0,4,4,0	0,0,0	0-0	0
I	9090	4	1	5	5	2	Перчатки копейщика	image_glv_var5	12,0,0,0,0,8,0	2,0,2,0,0,2,0	0	0,0,2,2,0	1,1,0	0-0	0
I	11623	4	1	5	5	63	Перчатки костелуча	image_glv_scelluch	0,0,0,0,0,0,0	2,0,2,0,0,1,1	0	0,2,1,1,0	1,1,0	0-0	0
I	11944	4	1	5	5	16	Перчатки послушания	image_glv5jrec	9,0,7,8,0,0,0	2,0,1,2,1,0,0	0	0,0,3,3,0	1,0,0	0-0	0
I	268	4	1	5	5	1	Сыромятные перчатки	image_glovse5	0,8,0,0,0,5,0	2,2,2,0,0,0,0	0	0,0,4,4,0	0,0,0	0-0	0
I	10124	4	1	5	5	4	Усиленные кожаные перчатки	image_glovse60	0,0,8,0,0,0,8	0,0,2,0,0,2,2	0	0,0,4,4,0	0,0,0	0-0	0
I	13001	4	6	5	5	1	Перчатки молодого охотника	image_glovse63	0,8,0,0,0,4,0	2,3,2,0,0,2,1	0	0,0,5,5,0	2,2,0	0-0	0
I	13046	4	6	5	5	16	Рукавицы диакона	image_glovse66	8,0,0,8,0,0,0	3,0,2,3,2,0,0	0	0,0,5,5,0	2,2,0	0-0	0
I	9091	4	1	6	6	16	Железные перчатки послушника	image_glv_jrec6	12,0,0,12,0,0,0	2,0,2,2,2,0,0	0	0,0,5,5,0	1,0,0	0-0	0
I	9092	4	1	6	6	1	Лесные перчатки	image_glv_rang6	6,12,0,0,0,6,0	2,2,2,0,0,2,0	0	0,0,4,4,0	1,1,0	0-0	0
I	270	4	1	6	6	4	Окованные перчатки	image_glovse8	0,0,12,0,0,8,8	0,0,2,0,1,3,2	0	0,0,6,6,0	0,0,0	0-0	0
I	94	4	1	6	6	32	Перчатки заклинателя	image_glovse17	0,0,0,15,20,0,0	0,0,1,3,4,0,0	0	0,0,2,2,0	2,2,0	0-0	0
I	10644	4	1	6	6	8	Перчатки защитника	image_glv6	6,0,12,0,0,0,6	2,2,2,0,0,0,2	0	0,0,6,6,0	0,0,0	0-0	0
I	269	4	1	6	6	2	Перчатки с шипами	image_glovse24	14,0,0,0,0,8,0	3,0,2,0,0,2,1	0	0,0,5,5,0	1,0,0	0-0	0
I	912	4	2	6	6	1	Хитиновые перчатки	image_glovse32	8,12,0,0,0,4,0	2,3,3,0,0,3,0	0	0,0,6,6,0	1,1,0	0-0	0
I	100107	4	5	6	6	63	Перчатки Деда Мороза	image_glovse73	0,0,0,0,0,0,0	0,0,0,0,0,0,0	0	50,50,50,50,50	10,10,10	0-0	0
I	100108	4	5	6	6	63	Перчатки Снегурочки	image_glovse71	0,0,0,0,0,0,0	0,0,0,0,0,0,0	0	50,50,50,50,50	10,10,10	0-0	0
I	13765	4	1	7	7	4	Бронзовые рукавицы	image_glv7_shield	0,0,15,0,0,10,10	0,0,3,0,0,3,3	0	0,0,8,8,0	0,0,0	0-0	0
I	96	4	1	7	7	16	Легкие перчатки священника	image_glovse19	14,0,0,18,0,0,0	2,0,2,2,3,0,0	0	0,0,6,6,0	1,1,0	0-0	0
I	2461	4	1	7	7	63	Перчатки лидера	image_glv_bandit	0,0,0,0,0,0,0	2,2,2,0,0,2,2	0	0,0,6,6,0	1,1,1	0-0	0
I	97	4	1	7	7	1	Перчатки следопыта	image_glovse10	0,14,0,0,0,6,0	2,2,2,0,1,2,0	0	0,0,4,4,0	2,2,0	0-0	0
I	13764	4	1	7	7	2	Рукавицы с шипами	image_glv7_var	12,0,8,0,0,8,0	3,0,3,0,0,3,0	0	0,0,6,6,0	1,1,0	0-0	0
I	13766	4	1	7	7	32	Рукавицы ученика	image_glv7_mage	0,0,12,22,27,0,0	0,0,2,3,4,0,0	0	0,0,4,4,0	2,2,0	0-0	0
I	95	4	1	7	7	8	Стальные пластинчатые перчатки	image_glovse3	13,0,20,0,0,0,0	2,2,3,0,1,0,1	0	0,0,8,8,0	0,0,0	0-0	0
I	13035	4	6	7	7	4	Перчатки заступника	image_glovse68	0,0,13,0,0,0,15	1,0,3,0,0,4,4	0	0,0,12,12,0	2,2,0	0-0	0
I	13016	4	6	7	7	2	Перчатки злодея	image_glovse65	16,0,0,0,0,12,0	3,3,2,0,0,3,1	0	0,0,10,10,0	3,3,0	0-0	0
I	13025	4	6	7	7	32	Перчатки фокусника	image_glovse64	0,0,0,18,23,0,0	0,0,2,6,4,0,0	0	4,4,4,4,4	3,3,0	0-0	0
I	13044	4	6	7	7	8	Рукавицы борца	image_glovse67	13,0,20,0,0,0,7	3,3,3,0,0,0,3	0	0,0,14,14,0	1,1,0	0-0	0
I	10780	4	1	8	8	0	Перчатки Сокрушителя	image_glovselen	0,0,0,0,0,0,0	1,1,1,1,1,1,1	0	1,1,1,1,1	1,1,1	0-0	0
I	99	4	1	8	8	2	Перчатки затмения	image_glovse18	27,0,14,0,0,18,0	3,1,3,0,0,2,2	0	0,0,8,7,0	1,1,0	0-0	0
I	100	4	1	8	8	32	Перчатки посвященного	image_glovse16	0,0,12,22,27,0,0	0,0,3,4,4,0,0	0	0,0,4,4,0	2,2,1	0-0	0
I	13333	4	1	8	8	1	Перчатки разведчика	image_glv8rang	11,27,0,0,0,22,0	3,3,2,0,0,3,0	0	0,0,6,5,0	2,2,0	0-0	0
I	11939	4	1	8	8	8	Рукавицы защитника	image_glv8djag	16,0,29,0,0,0,12	3,2,3,0,1,0,2	0	0,0,6,6,0	1,1,1	0-0	0
I	13338	4	1	8	8	16	Рукавицы священника	image_glovse66	21,0,17,22,0,0,0	2,0,3,2,3,0,1	0	0,0,7,8,0	1,1,0	0-0	0
I	98	4	1	8	8	4	Стальные перчатки  щитоносца	image_glovse6	0,0,27,0,0,12,22	2,0,3,0,1,3,2	0	0,0,9,10,0	0,0,0	0-0	0
I	918	4	2	8	8	8	Перчатки из прочной стали	image_glovse33	16,0,29,0,0,0,12	4,4,4,0,0,3,0	0	0,0,7,7,0	2,2,1	0-0	0
I	10132	4	3	8	8	1	Перчатки старого охотника	image_glovse63	11,27,0,0,0,22,0	4,4,3,0,0,4,2	0	0,0,8,8,0	2,2,0	0-0	0
I	10159	4	3	8	8	16	Рукавицы капеллана	image_glovse66	21,0,17,22,0,0,0	4,0,4,4,4,0,1	0	0,0,5,5,0	2,2,2	0-0	0
I	267	4	1	9	9	16	Латные перчатки жреца	image_glovse7	25,0,20,26,0,0,0	3,0,3,3,4,0,0	0	0,0,9,10,0	1,1,0	0-0	0
I	13335	4	1	9	9	2	Перчатки гномовержца	image_glv9var	30,0,17,0,0,20,0	4,0,4,0,0,4,1	0	0,0,10,9,0	1,1,0	0-0	0
I	10125	4	1	9	9	32	Перчатки колдовства	image_glovse61	0,0,14,26,31,0,0	0,0,4,4,5,0,0	0	0,0,6,6,0	2,2,1	0-0	0
I	10645	4	1	9	9	1	Стальные перчатки следопыта	image_glv7	12,30,0,0,0,24,0	4,3,3,0,0,3,0	0	0,0,8,9,0	2,2,0	0-0	0
I	11007	4	1	9	9	4	Тяжелые латунные перчатки	image_glv10	0,0,31,0,0,16,25	1,0,4,0,0,4,4	0	0,0,10,10,0	0,0,1	0-0	0
I	271	4	1	9	9	8	Усиленные стальные перчатки	image_glovse9	19,0,34,0,0,0,14	3,2,4,0,1,1,2	0	0,0,10,9,0	1,1,0	0-0	0
I	927	4	2	9	9	2	Перчатки потрошителя	image_glovse34	30,0,17,0,0,20,0	4,2,4,0,0,4,4	0	0,0,11,11,0	2,2,0	0-0	0
I	406	4	3	9	9	1	Рукавицы предков	image_glovse25	12,30,0,0,0,24,0	5,5,0,0,0,8,0	0	0,0,11,11,0	4,4,3	0-0	0
I	13340	4	1	10	10	32	Перчатки колдовской силы	image_glv10mage	0,0,17,30,36,0,0	0,0,4,5,6,0,0	0	0,0,9,9,0	3,3,0	0-0	0
I	11008	4	1	10	10	1	Перчатки лесного разведчика	image_glv11	15,34,0,0,0,28,0	4,4,3,0,0,4,0	0	0,0,9,9,0	3,3,0	0-0	0
I	11009	4	1	10	10	16	Позолоченные перчатки священника	image_glv12	26,0,25,29,0,0,0	3,0,4,4,4,0,0	0	0,0,9,9,0	3,3,0	0-0	0
I	13739	4	1	10	10	2	Рукавицы гномовержца	image_glv10var	35,0,21,0,0,25,0	4,2,4,0,0,4,1	0	0,0,13,13,0	1,1,0	0-0	0
I	11925	4	1	10	10	8	Стальные перчатки телохранителя	image_glv10djag	21,0,39,0,0,0,16	4,2,4,0,0,1,4	0	0,0,11,11,0	2,2,0	0-0	0
I	10130	4	1	10	10	4	Стальные рукавицы	image_glovse62	0,0,36,0,0,20,28	0,0,5,0,0,5,5	0	0,0,11,11,0	2,2,0	0-0	0
I	10156	4	3	10	10	2	Перчатки душегуба	image_glovse65	35,0,21,0,0,25,0	5,5,4,0,1,5,1	0	0,0,18,18,0	6,6,2	0-0	0
I	10147	4	3	10	10	32	Перчатки иллюзиониста	image_glovse64	0,0,17,30,36,0,0	0,0,6,8,7,0,0	0	3,3,9,9,3	6,6,5	0-0	0
I	10184	4	3	10	10	4	Перчатки покровителя	image_glovse68	0,0,36,0,0,20,28	1,0,6,1,1,6,6	0	0,0,25,25,0	4,4,0	0-0	0
I	10175	4	3	10	10	8	Рукавицы воителя	image_glovse67	21,0,39,0,0,0,16	5,0,6,0,2,4,4	0	0,0,26,26,0	2,2,2	0-0	0
I	102	4	1	11	11	4	Имперские перчатки	image_glovse12	0,0,41,0,0,24,32	2,0,3,0,3,5,5	0	0,0,14,14,0	2,2,0	0-0	0
I	13341	4	1	11	11	32	Перчатки аколита	image_glv11mage	0,0,21,35,41,0,0	0,0,4,7,7,0,0	0	0,0,14,14,0	2,2,0	0-0	0
I	13741	4	1	11	11	16	Перчатки клирика	image_glv11jrec	31,0,30,35,0,0,0	5,0,3,5,5,0,0	0	0,0,16,16,0	1,1,0	0-0	0
I	101	4	1	11	11	2	Перчатки темных богов	image_glovse4	41,0,22,0,0,30,0	5,0,6,0,0,5,2	0	0,0,12,12,0	3,3,0	0-0	0
I	103	4	1	11	11	1	Перчатки эльфийского следопыта	image_glovse11	18,41,0,0,0,32,0	4,5,4,0,1,5,0	0	0,0,11,11,0	2,2,1	0-0	0
I	13740	4	1	11	11	8	Рукавицы телохранителя	image_glv11djag	27,0,44,0,0,0,18	5,3,5,0,0,0,5	0	0,0,14,14,0	2,2,0	0-0	0
I	935	4	2	11	11	16	Небесные перчатки	image_glovse35	31,0,30,35,0,0,0	5,3,6,5,5,0,0	0	0,0,15,15,0	5,5,0	0-0	0
I	10086	4	3	11	11	16	Перчатки благочестивости	image_glovse53	31,0,30,35,0,0,0	7,4,7,7,7,0,0	0	0,0,25,25,0	4,4,0	0-0	0
I	10094	4	3	11	11	4	Перчатки стража башни	image_glovse56	0,0,41,0,0,24,32	5,0,8,2,2,8,7	0	0,0,29,29,0	2,2,0	0-0	0
I	10089	4	3	11	11	32	Позолоченные перчатки мудрости	image_glovse54	0,0,21,35,41,0,0	0,0,8,12,12,0,0	0	0,0,11,11,0	11,11,0	0-0	0
I	10093	4	3	11	11	8	Тяжелые пластинчатые перчатки	image_glovse55	27,0,44,0,0,0,18	7,4,7,0,0,7,7	0	0,0,29,29,0	2,2,0	0-0	0
I	104	4	1	12	12	32	Перчатки архимага	image_glovse15	0,0,22,41,46,0,0	0,0,4,10,10,0,0	0	0,0,7,7,0	4,4,2	0-0	0
I	10878	4	1	12	12	2	Перчатки гладиатора	image_glv12_var	44,0,24,0,0,32,0	7,3,5,0,0,7,2	0	0,0,12,12,0	3,3,0	0-0	0
I	105	4	1	12	12	16	Перчатки храмовника	image_glovse13	35,0,34,40,0,0,0	4,1,5,4,10,0,0	0	0,0,13,13,0	1,1,2	0-0	0
I	13742	4	1	12	12	1	Рукавицы эльфийского следопыта	image_glv12rang	19,42,0,0,0,34,0	7,6,4,0,0,7,0	0	0,0,14,14,0	2,2,0	0-0	0
I	10875	4	1	12	12	4	Тяжелые имперские рукавицы	image_glv12_shield	0,0,43,0,0,30,36	3,0,6,0,2,7,6	0	0,0,16,16,0	1,1,0	0-0	0
I	106	4	1	12	12	8	Тяжелые латные перчатки	image_glovse14	31,0,48,0,0,0,18	4,5,9,0,0,3,3	0	0,0,14,14,0	2,2,0	0-0	0
I	10877	4	2	12	12	1	Перчатки золотого Ястреба	image_glv12_ranger	19,42,0,0,0,34,0	6,8,4,0,2,9,3	0	0,0,19,19,0	3,3,0	0-0	0
I	458	4	1	13	13	1	Перчатки проводника духов	image_glovse26	22,48,10,0,0,36,0	6,9,3,0,0,6,3	0	0,0,20,20,0	9,9,0	0-0	0
I	13744	4	1	13	13	4	Перчатки центуриона	image_glv13shield	0,0,48,0,0,36,40	0,0,9,0,0,9,9	0	0,0,32,32,0	3,3,0	0-0	0
I	13743	4	1	13	13	2	Рукавицы берсерка	image_glv13var	48,0,27,0,0,38,0	9,0,6,0,0,9,3	0	0,0,26,26,0	6,6,0	0-0	0
I	13745	4	1	13	13	8	Рукавицы доминирования	image_glv13djag	34,0,54,0,0,0,22	7,2,9,0,0,0,9	0	0,0,34,34,0	2,2,0	0-0	0
I	13746	4	1	13	13	16	Рукавицы паладина	image_glv13jrec	40,0,39,45,0,0,0	6,0,5,7,6,0,3	0	0,0,26,26,0	6,6,0	0-0	0
I	13747	4	1	13	13	32	Рукавицы хранителя легенд	image_glv13mage	0,0,23,45,52,0,0	0,0,6,10,11,0,0	0	0,0,18,18,0	10,10,0	0-0	0
I	200336	4	2	13	13	8	Гвардейские боевые перчатки	image_glovse95	34,0,54,0,0,0,22	9,7,9,0,0,6,5	0	0,0,31,31,0	10,10,1	0-0	0
I	13452	4	2	13	13	1	Перчатки Ингрид I	image_glv_AR	0,0,0,0,0,0,0	10,10,10,1,1,16,6	3	0,0,49,49,0	8,8,8	0-0	0
I	10874	4	2	13	13	32	Перчатки ментальной ауры	image_glv13_mage	0,0,23,45,52,0,0	0,0,8,14,14,0,0	0	0,0,32,32,0	8,8,3	0-0	0
I	13464	4	2	13	13	16	Повязки Адольфа I	image_glv_AM	0,0,0,0,0,0,0	8,0,16,16,14,0,0	3	0,0,45,45,0	7,7,12	0-0	0
I	963	4	2	13	13	4	Рукавицы Восточного Императора	image_glovse36	0,0,48,0,0,36,40	0,0,11,1,2,11,11	0	0,0,32,32,0	8,8,3	0-0	0
I	13458	4	2	13	13	4	Рукавицы Максимиллиана I	image_glv_AB	0,0,0,0,0,0,0	6,0,18,1,1,16,12	3	0,0,56,56,0	6,6,6	0-0	0
I	10253	4	2	13	13	16	Стальные перчатки благочестивости	image_glovse77	40,0,39,45,0,0,0	5,5,7,8,10,0,1	0	0,0,30,30,0	9,9,3	0-0	0
I	10105	4	3	13	13	2	Перчатки красной звезды	image_glovse52	48,0,27,0,0,38,0	13,5,13,0,0,13,5	0	0,0,47,47,0	10,10,1	0-0	0
I	13347	4	6	13	13	63	Перчатки Ингрид I	image_glv_AR	0,0,0,0,0,0,0	10,10,10,1,1,16,6	3	0,0,49,49,0	8,8,8	0-0	0
I	13359	4	6	13	13	63	Повязки Адольфа I	image_glv_AM	0,0,0,0,0,0,0	8,0,16,16,14,0,0	3	0,0,45,45,0	7,7,12	0-0	0
I	13353	4	6	13	13	63	Рукавицы Максимиллиана I	image_glv_AB	0,0,0,0,0,0,0	6,0,18,1,1,16,12	3	0,0,56,56,0	6,6,6	0-0	0
I	11568	4	7	13	13	1	Перчатки захватчика	image_glv31	22,48,10,0,0,36,0	13,17,0,0,0,13,9	0	0,21,39,39,0	10,10,10	0-0	0
I	11569	4	7	13	13	2	Перчатки мучителя	image_glv32	48,0,27,0,0,38,0	13,0,9,0,0,17,13	0	0,21,39,39,0	10,10,10	0-0	0
I	10293	4	7	13	13	32	Перчатки прорицателя	image_glovse85	0,0,23,45,52,0,0	0,0,17,18,17,0,0	0	0,21,39,39,0	10,10,10	0-0	0
I	10288	4	7	13	13	8	Перчатки стойкости	image_glovse84	34,0,54,0,0,0,22	13,9,17,0,0,0,13	0	0,21,39,39,0	10,10,10	0-0	0
I	11570	4	7	13	13	4	Рукавицы славы	image_glv33	0,0,48,0,0,36,40	9,0,13,0,0,13,17	0	0,21,39,39,0	10,10,10	0-0	0
I	11571	4	7	13	13	16	Рукавицы шамана	image_glv34	40,0,39,45,0,0,0	13,0,9,13,17,0,0	0	0,21,39,39,0	10,10,10	0-0	0
I	13750	4	1	14	14	16	Легкие перчатки паладина	image_glv14jrec	45,0,45,50,0,0,0	8,0,8,8,8,0,0	0	0,0,35,35,0	6,6,0	0-0	0
I	560	4	1	14	14	2	Перчатки берсерка	image_glovse28	55,0,36,0,0,45,0	8,3,7,0,0,10,4	0	0,0,27,27,0	10,10,0	0-0	0
I	10189	4	1	14	14	8	Перчатки непреклонной силы	image_glovse69	39,0,62,0,0,0,28	6,7,11,0,0,0,8	0	0,0,36,36,0	4,4,2	0-0	0
I	559	4	1	14	14	32	Перчатки хранителя легенд	image_glovse27	0,0,25,55,62,0,0	0,0,6,12,14,0,0	0	0,0,13,13,0	14,14,4	0-0	0
I	13749	4	1	14	14	1	Рукавицы проводника духов	image_glv14rang	25,55,14,0,0,45,0	5,9,4,0,3,8,3	0	0,0,30,30,0	7,7,2	0-0	0
I	561	4	1	14	14	4	Рукавицы центуриона	image_glovse31	0,0,55,0,0,42,45	0,0,11,0,2,10,9	0	0,0,32,32,0	6,6,2	0-0	0
I	10876	4	3	14	14	1	Перчатки главного егеря	image_glv14_ranger	25,55,14,0,0,45,0	9,14,9,0,5,14,8	0	0,0,42,42,0	12,12,11	0-0	0
I	11953	4	3	14	14	8	Рукавицы рыцарей чести	image_glv14djag	39,0,62,0,0,0,28	10,10,20,2,2,5,10	0	0,0,50,50,0	11,11,7	0-0	0
I	10873	4	3	14	14	16	Стальные рукавицы прозрения	image_glv14_priest	45,0,45,50,0,0,0	10,7,12,12,11,0,7	0	0,0,40,40,0	13,13,11	0-0	0
I	11397	4	5	14	14	63	Ледяные перчатки	image_glv_i	0,0,0,0,0,0,0	10,10,10,10,10,10,10	3	0,0,0,0,0	0,0,0	0-0	0
I	13334	4	1	15	15	1	Боевые перчатки проводника духов	image_glv15rang	27,57,16,0,0,47,0	7,10,6,0,3,10,2	0	0,0,32,32,0	11,11,2	0-0	0
I	563	4	1	15	15	8	Перчатки доминирования	image_glovse30	42,0,67,0,0,9,29	8,6,10,0,0,4,10	0	0,0,41,41,0	8,8,0	0-0	0
I	13336	4	1	15	15	2	Перчатки кровавого зова	image_glv15var	58,0,42,0,0,49,0	10,0,10,0,3,10,5	0	0,0,30,30,0	9,9,6	0-0	0
I	13342	4	1	15	15	32	Перчатки могущества	image_glv15mage	0,0,27,60,69,0,0	0,0,9,14,15,0,0	0	0,0,20,20,0	14,14,6	0-0	0
I	562	4	1	15	15	16	Перчатки паладина	image_glovse29	47,0,47,52,0,0,0	8,4,8,8,10,0,0	0	0,0,34,34,0	10,10,2	0-0	0
I	13337	4	1	15	15	4	Рукавицы патрициев	image_glv15shield	0,0,57,0,0,45,47	0,0,12,0,2,12,12	0	0,0,37,37,0	10,10,0	0-0	0
I	13202	4	2	15	15	63	Ледяные перчатки МК1	image_glv_i	0,0,0,0,0,0,0	12,12,12,12,12,12,12	3	15,15,15,15,15	6,6,6	0-0	0
I	968	4	2	15	15	1	Перчатки Вечной Весны	image_glovse38	27,57,16,0,0,47,0	7,12,7,0,5,13,7	0	0,0,40,40,0	15,15,5	0-0	0
I	10517	4	2	15	15	4	Перчатки воинской доблести	image_glv250	0,0,57,0,0,45,47	0,0,19,2,2,14,14	0	0,0,44,44,0	10,10,9	0-0	0
I	10237	4	2	15	15	2	Руки смерти	image_glovse75	58,0,42,0,0,49,0	13,5,10,2,3,13,5	0	0,0,47,47,0	10,10,7	0-0	0
I	10382	4	3	15	15	32	Перчатки повелителя бурь	image_glovse93	0,0,27,60,69,0,0	0,0,20,24,24,0,0	0	15,15,26,26,15	16,16,15	0-0	0
I	9041	4	5	15	15	63	Варежки	image_glv_winter15	0,0,0,0,0,0,0	0,0,50,0,0,0,0	5	20,20,20,20,20	25,25,25	0-0	0
I	11518	4	7	15	15	4	Перчатки гордости	image_glv28	0,0,57,0,0,45,47	0,0,21,5,5,22,22	0	0,0,50,50,0	25,25,0	0-0	0
I	11516	4	7	15	15	1	Перчатки мстителя	image_glv25	27,57,16,0,0,47,0	13,20,10,0,5,20,7	0	7,0,30,30,0	22,22,15	0-0	0
I	11517	4	7	15	15	2	Перчатки палача	image_glv26	58,0,42,0,0,49,0	20,10,10,0,3,25,7	0	0,0,41,41,0	22,22,10	0-0	0
I	11519	4	7	15	15	8	Рукавицы непреклонного	image_glv27	42,0,67,0,0,9,29	20,10,25,0,0,5,15	0	0,0,60,60,0	20,20,0	0-0	0
I	11520	4	7	15	15	16	Рукавицы оракула	image_glv29	47,0,47,52,0,0,0	15,10,16,17,17,0,0	0	0,0,33,33,0	17,17,22	0-0	0
I	11521	4	7	15	15	32	Рукавицы пророка	image_glv30	0,0,27,60,69,0,0	0,0,17,29,29,0,0	0	0,0,31,31,0	18,18,22	0-0	0
I	13182	4	1	16	16	2	Перчатки вождя	image_glv16_var1	61,0,48,0,0,55,0	10,5,10,0,0,12,5	0	0,0,34,34,0	14,14,0	0-0	0
I	13339	4	1	16	16	16	Перчатки крестоносца	image_glv16jrec	51,0,52,54,0,0,0	11,0,11,9,11,0,0	0	0,0,41,41,0	6,6,6	0-0	0
I	10109	4	1	16	16	1	Перчатки лесного дозора	image_glovse59	29,60,20,0,0,49,0	9,12,9,0,0,12,0	0	0,0,30,30,0	13,13,4	0-0	0
I	13153	4	1	16	16	4	Перчатки патрициев	image_glv16lvl_shield	0,0,59,0,0,48,50	0,0,13,1,3,13,12	0	0,0,36,36,0	13,13,0	0-0	0
I	13752	4	1	16	16	32	Рукавицы могущества	image_glv16mage	0,0,30,68,73,0,0	0,0,8,16,18,0,0	0	0,0,31,31,0	11,11,6	0-0	0
I	13751	4	1	16	16	8	Рукавицы непреклонной силы	image_glv16djag	45,0,76,0,0,15,31	10,6,13,0,0,0,13	0	0,0,44,44,0	9,9,0	0-0	0
I	10368	4	2	16	16	8	Обсидиановые перчатки колосса	image_glovse90	45,0,76,0,0,15,31	14,8,15,0,0,5,15	0	0,0,60,60,0	11,11,1	0-0	0
I	13470	4	2	16	16	1	Перчатки Ингрид II	image_glv_AR	0,0,0,0,0,0,0	16,16,16,1,1,24,10	3	0,0,61,61,0	18,18,18	0-0	0
I	10395	4	2	16	16	32	Перчатки огнепоклонника	image_glv19mage	0,0,30,68,73,0,0	0,0,12,22,23,0,0	0	0,0,26,26,0	16,16,17	0-0	0
I	13482	4	2	16	16	16	Повязки Адольфа II	image_glv_AM	0,0,0,0,0,0,0	12,0,24,24,24,0,0	3	0,0,50,50,0	16,16,28	0-0	0
I	13476	4	2	16	16	4	Рукавицы Максимиллиана II	image_glv_AB	0,0,0,0,0,0,0	14,0,24,1,1,24,20	3	0,0,75,75,0	14,14,14	0-0	0
I	10384	4	3	16	16	4	Кулак чемпиона	image_glovse97	0,0,59,0,0,48,50	14,0,21,3,3,17,18	0	0,0,63,63,0	15,15,12	0-0	0
I	10378	4	3	16	16	16	Перчатки епископа	image_glovse92	51,0,52,54,0,0,0	15,10,16,15,15,0,5	0	0,0,45,45,0	18,18,20	0-0	0
I	658	4	3	16	16	1	Перчатки лесных теней	image_glovse37	29,60,20,0,0,49,0	14,15,13,0,6,18,10	0	0,0,49,49,0	19,19,16	0-0	0
I	10879	4	3	16	16	2	Перчатки рыцарей ночи	image_glv16_var	61,0,48,0,0,55,0	17,10,17,2,3,17,10	0	0,0,54,54,0	18,18,14	0-0	0
I	11160	4	5	16	16	63	Лапы дракона	image_glovse_drack	0,0,0,0,0,0,0	0,0,50,0,0,0,0	4	33,33,33,33,33	22,22,22	0-0	0
I	13525	4	6	16	16	63	Ледяные перчатки МК2	image_glv_i	0,0,0,0,0,0,0	14,14,14,14,14,14,14	3	20,20,20,20,20	9,9,9	0-0	0
I	13365	4	6	16	16	63	Перчатки Ингрид II	image_glv_AR	0,0,0,0,0,0,0	16,16,16,1,1,24,10	3	0,0,61,61,0	18,18,18	0-0	0
I	13377	4	6	16	16	63	Повязки Адольфа II	image_glv_AM	0,0,0,0,0,0,0	12,0,24,24,24,0,0	3	0,0,50,50,0	16,16,28	0-0	0
I	13371	4	6	16	16	63	Рукавицы Максимиллиана II	image_glv_AB	0,0,0,0,0,0,0	14,0,24,1,1,24,20	3	0,0,75,75,0	14,14,14	0-0	0
I	11063	4	1	17	17	1	Боевые перчатки лесного дозора	image_glv13	39,69,24,0,0,59,0	9,12,7,0,0,11,5	0	0,0,26,26,0	14,14,10	0-0	0
I	13159	4	1	17	17	2	Краги ночного хищника	image_glv17lvl_var	71,0,55,0,0,62,0	13,0,12,1,1,12,5	0	0,0,32,32,0	14,14,6	0-0	0
I	10024	4	1	17	17	4	Перчатки античного витязя	image_glovse45	20,0,61,0,0,51,53	0,0,14,0,5,12,13	0	0,0,45,45,0	9,9,4	0-0	0
I	13169	4	1	17	17	8	Перчатки древнего колосса	image_glv17djag2	51,0,86,0,0,20,35	8,8,12,0,0,8,8	0	0,0,45,45,0	12,12,0	0-0	0
I	10025	4	1	17	17	32	Перчатки равновесия элементов	image_glovse41	0,0,37,76,83,0,0	0,0,11,16,17,0,0	0	5,5,28,28,5	13,13,5	0-0	0
I	13753	4	1	17	17	16	Рукавицы святого слова	image_glvjrec17	54,0,55,56,0,0,0	8,6,12,10,8,0,0	0	0,0,38,38,0	11,11,6	0-0	0
I	982	4	2	17	17	2	Прикосновение смерти	image_glovse58	71,0,55,0,0,62,0	14,8,15,3,5,15,10	0	0,0,61,61,0	12,12,0	0-0	0
I	11069	4	2	17	17	16	Рукавицы святой Инквизиции	image_glv17_priest	54,0,55,56,0,0,0	15,10,12,16,17,0,0	0	0,0,37,37,0	15,15,12	0-0	0
I	13243	4	2	17	17	4	Рукавицы чемпиона	image_glv17_shield	20,0,61,0,0,51,53	8,0,19,3,5,17,18	0	0,0,50,50,0	10,10,10	0-0	0
I	11992	4	3	17	17	16	Перчатки абсолютного познания	image_glvjrec17	54,0,55,56,0,0,0	20,0,22,20,17,0,0	0	0,0,59,59,0	20,20,17	0-0	0
I	10552	4	3	17	17	32	Перчатки патриарха	image_glv251	0,0,37,76,83,0,0	0,0,20,28,31,0,0	0	0,0,48,48,0	24,24,19	0-0	0
I	11985	4	3	17	17	1	Рукавицы Вечной Весны	image_glvrang17	39,69,24,0,0,59,0	17,20,17,2,2,21,0	0	0,0,42,42,0	24,24,23	0-0	0
I	11072	4	3	17	17	8	Титановые рукавицы Кавалера	image_glv17_djag	51,0,86,0,0,20,35	18,10,24,3,2,7,15	0	0,0,91,91,0	10,10,9	0-0	0
I	11166	4	5	17	17	63	Лапы Дракона 2024	image_glv_dracon	0,0,0,0,0,0,0	0,0,60,0,0,0,0	4	40,40,40,40,40	28,28,28	0-0	0
I	13562	4	6	17	17	63	Ледяные перчатки МК3	image_glv_i	0,0,0,0,0,0,0	17,17,17,17,17,17,17	3	30,30,30,30,30	15,15,15	0-0	0
I	13754	4	1	18	18	1	Легкие перчатки Золотого Феникса	image_glv18rang	40,71,31,0,0,62,0	12,15,8,0,0,15,4	0	0,0,38,38,0	11,11,8	0-0	0
I	13218	4	1	18	18	2	Перчатки ночного хищника	image_glovse42	74,0,62,0,0,66,0	15,4,12,0,0,15,8	0	0,0,37,37,0	10,10,10	0-0	0
I	10026	4	1	18	18	16	Перчатки святого слова	image_glovse46	63,0,57,62,0,0,0	10,7,12,11,14,0,0	0	0,0,40,40,0	10,10,8	0-0	0
I	13755	4	1	18	18	4	Рукавицы античного витязя	image_glv18shield	20,0,63,0,0,60,60	6,0,15,1,1,15,16	0	0,0,56,56,0	8,8,0	0-0	0
I	10027	4	1	18	18	8	Рукавицы древнего колосса	image_glovse40	53,0,88,0,0,27,35	12,10,14,0,0,6,12	0	0,0,52,52,0	10,10,0	0-0	0
I	13756	4	1	18	18	32	Рукавицы равновесия элементов	image_glv18mage	0,0,41,80,83,0,0	0,0,10,22,22,0,0	0	0,0,30,30,0	15,15,8	0-0	0
I	11064	4	2	18	18	1	Перчатки Соколиной Охоты	image_glv14	40,71,31,0,0,62,0	16,20,12,0,5,20,9	0	0,0,41,41,0	18,18,13	0-0	0
I	11067	4	2	18	18	32	Перчатки великого чернокнижника	image_glv17	0,0,41,80,83,0,0	0,0,22,30,30,0,0	0	0,0,41,41,0	18,18,13	0-0	0
I	13219	4	3	18	18	8	Священные перчатки Титана	image_glv18rar_djag	53,0,88,0,0,27,35	20,15,25,0,0,15,22	0	0,0,81,81,0	15,15,13	0-0	0
I	11071	4	3	18	18	2	Смертоносные перчатки Жнеца	image_glv18_var	74,0,62,0,0,66,0	25,7,22,3,5,25,10	0	0,0,68,68,0	20,20,15	0-0	0
I	11065	4	3	18	18	4	Штурмовые рукавицы Монолита	image_glv15	20,0,63,0,0,60,60	10,0,25,5,5,25,27	0	0,0,74,74,0	17,17,15	0-0	0
I	13622	4	6	18	18	63	Ледяные перчатки МК4	image_glv_i	0,0,0,0,0,0,0	21,21,21,21,21,21,21	4	40,40,40,40,40	25,25,25	0-0	0
I	11769	4	7	18	18	2	Демонические перчатки кровожадности	image_glv19rat_var	74,0,62,0,0,66,0	40,10,20,0,0,40,20	0	0,0,76,76,0	40,40,16	0-0	0
I	11793	4	7	18	18	32	Жаккардовые перчатки Чудотворца	image_glv19rat_mage	0,0,41,80,83,0,0	0,0,30,50,50,0,0	0	0,0,76,76,0	28,28,32	0-0	0
I	11775	4	7	18	18	1	Перчатки Лесного Сумрака	image_glv19rat_rang	40,71,31,0,0,62,0	20,35,15,0,5,35,20	0	10,0,60,60,0	44,44,18	0-0	0
I	11787	4	7	18	18	16	Платиновые рукавицы Апостола	image_glv19rat_priest	63,0,57,62,0,0,0	30,10,25,30,30,0,5	0	10,0,70,70,0	30,30,30	0-0	0
I	11763	4	7	18	18	8	Рукавицы Лиловых Теней	image_glv19rat_djag	53,0,88,0,0,27,35	35,15,40,0,0,10,30	0	0,0,99,99,0	27,27,18	0-0	0
I	11781	4	7	18	18	4	Сияющие рукавицы полудня	image_glv19rat_shield	20,0,63,0,0,60,60	15,0,35,0,5,40,35	0	0,0,85,85,0	31,31,22	0-0	0
I	11073	4	1	19	19	8	Боевые рукавицы кавалериста	image_glv19_djag	55,0,94,0,0,35,38	18,10,23,0,2,0,17	0	0,0,61,61,0	9,9,0	0-0	0
I	10029	4	1	19	19	2	Кровавые перчатки атамана	image_glv18var	78,0,71,0,0,69,0	16,10,15,0,3,16,10	0	0,0,51,51,0	14,14,0	0-0	0
I	11066	4	1	19	19	4	Латные рукавицы броненосца	image_glv16	20,0,69,0,0,68,67	0,0,24,0,5,18,23	0	0,0,55,55,0	9,9,4	0-0	0
I	11068	4	1	19	19	32	Перчатки великого волшебника	image_glv18	0,0,46,85,90,0,0	0,0,18,26,26,0,0	0	0,0,35,35,0	16,16,8	0-0	0
I	10028	4	1	19	19	1	Перчатки золотого Феникса	image_glovse44	44,73,36,0,0,64,0	14,17,10,0,4,16,9	0	0,0,46,46,0	15,15,2	0-0	0
I	11070	4	1	19	19	16	Тяжелые рукавицы великомученика	image_glv19_priest	70,0,62,69,0,0,0	18,0,17,18,17,0,0	0	0,0,44,44,0	13,13,6	0-0	0
I	13163	4	2	19	19	16	Латные рукавицы епископа	image_glv19_priest2	70,0,62,69,0,0,0	18,0,22,18,22,5,10	0	0,0,60,60,0	16,16,10	0-0	0
I	13488	4	2	19	19	1	Перчатки Ингрид III	image_glv_AR	0,0,0,0,0,0,0	26,26,26,2,2,38,14	3	0,0,73,73,0	29,29,24	0-0	0
I	13500	4	2	19	19	16	Повязки Адольфа III	image_glv_AM	0,0,0,0,0,0,0	18,0,38,40,38,0,0	3	0,0,63,63,0	25,25,36	0-0	0
I	13494	4	2	19	19	4	Рукавицы Максимиллиана III	image_glv_AB	0,0,0,0,0,0,0	22,0,40,2,2,38,30	3	0,0,90,90,0	22,22,22	0-0	0
I	13343	4	3	19	19	32	Зачарованные рунами перчатки огнепоклонника	image_glovse105	0,0,46,85,90,0,0	0,0,30,40,51,0,0	0	25,25,25,25,24	25,25,25	0-0	0
I	13644	4	3	19	19	16	Рукавицы абсолютного познания	image_glv19_priest3	70,0,62,69,0,0,0	20,0,32,30,28,0,11	0	0,0,90,90,0	17,17,17	0-0	0
I	13801	4	6	19	19	63	Ледяные перчатки МК5	image_glv_i	0,0,0,0,0,0,0	25,25,25,25,25,25,25	5	50,50,50,50,50	30,30,30	0-0	0
I	13383	4	6	19	19	63	Перчатки Ингрид III	image_glv_AR	0,0,0,0,0,0,0	26,26,26,2,2,38,14	3	0,0,73,73,0	29,29,24	0-0	0
I	13395	4	6	19	19	63	Повязки Адольфа III	image_glv_AM	0,0,0,0,0,0,0	18,0,38,40,38,0,0	3	0,0,63,63,0	25,25,36	0-0	0
I	13389	4	6	19	19	63	Рукавицы Максимиллиана III	image_glv_AB	0,0,0,0,0,0,0	22,0,40,2,2,38,30	3	0,0,90,90,0	22,22,22	0-0	0
I	11687	4	1	20	20	16	Боевые рукавицы Архиепископа	image_glv20priest	78,0,72,76,0,20,0	20,0,21,21,22,0,0	0	0,0,50,50,0	16,16,13	0-0	0
I	11683	4	1	20	20	1	Перчатки Древних лесных владык	image_glv20rang	50,80,43,0,0,71,0	15,25,10,0,3,21,10	0	0,0,50,50,0	19,19,9	0-0	0
I	11684	4	1	20	20	2	Перчатки Красной Орды	image_glv20var	86,0,81,0,0,76,0	23,10,15,0,3,23,10	0	0,0,60,60,0	17,17,5	0-0	0
I	11688	4	1	20	20	32	Перчатки Патриарха Тьмы	image_glv20mage	0,0,51,91,98,0,0	0,0,21,32,31,0,0	0	0,0,42,42,0	20,20,13	0-0	0
I	2534	4	1	20	20	63	Подводные рукавицы	image_glv_aqua	0,0,0,0,0,0,0	0,0,0,0,0,0,0	0	0,0,0,0,0	0,0,0	0-0	0
I	11686	4	1	20	20	8	Титановые рукавицы Неуязвимости	image_glv20djag	60,0,100,0,0,42,43	21,10,28,0,0,5,20	0	0,0,70,70,0	9,9,9	0-0	0
I	11685	4	1	20	20	4	Штурмовые перчатки Победоносца	image_glv20shield	20,0,78,0,0,77,75	0,0,26,0,5,25,28	0	0,0,66,66,0	11,11,9	0-0	0
I	2516	4	2	20	20	63	Подводные рукавицы Атакующих	image_glv_aqua	50,0,43,0,0,71,0	32,26,30,5,5,39,24	0	0,0,58,58,0	36,36,19	0-0	0
I	2522	4	2	20	20	63	Подводные рукавицы Защитников	image_glv_aqua	20,0,78,0,0,42,43	28,10,44,5,5,26,43	0	0,0,83,83,0	25,25,17	0-0	0
I	2528	4	2	20	20	63	Подводные рукавицы Поддержки	image_glv_aqua	0,0,51,76,0,0,0	16,7,35,45,48,0,10	0	0,0,65,65,0	28,28,25	0-0	0
I	10709	4	3	20	20	2	Перчатки Адского Сатаны	image_glv_megavar	86,0,81,0,0,76,0	36,16,32,4,4,40,29	0	0,20,61,61,0	40,25,15	0-0	0
I	10755	4	3	20	20	32	Перчатки Алого Феникса	image_glv0003	0,0,51,91,98,0,0	0,0,40,56,65,0,0	0	0,0,55,55,0	30,30,29	0-0	0
I	10698	4	3	20	20	1	Перчатки Лазурного Дракона	image_glv9	50,80,43,0,0,71,0	32,36,27,4,4,40,18	0	0,0,45,45,0	38,38,25	0-0	0
I	10744	4	3	20	20	16	Перчатки Лунного Грифона	image_glv0002	78,0,72,76,0,20,0	30,20,30,30,30,0,21	0	0,0,60,60,0	29,29,27	0-0	0
I	10732	4	3	20	20	4	Рукавицы Золотой Черепахи	image_glv8	20,0,78,0,0,77,75	21,0,42,5,8,40,45	0	0,0,65,65,0	31,31,21	0-0	0
I	10721	4	3	20	20	8	Рукавицы Черного Единорога	image_glv_megadjag	60,0,100,0,0,42,43	31,20,46,3,3,17,41	0	0,30,79,79,0	21,21,15	0-0	0
I	13836	4	5	20	20	2	Новогодние перчатки Атакующих	image_glovse73	50,0,43,0,0,71,0	28,27,15,4,5,27,14	2	0,0,65,65,0	19,19,8	0-0	0
I	13842	4	5	20	20	8	Новогодние перчатки Защитников	image_glovse73	20,0,78,0,0,42,43	21,10,30,0,5,27,27	2	0,0,78,78,0	11,11,10	0-0	0
I	13847	4	5	20	20	16	Новогодние перчатки Поддержки	image_glovse73	0,0,51,76,0,0,0	25,0,25,35,35,0,0	2	0,0,59,59,0	16,16,16	0-0	0
I	530	4	5	20	20	63	Перчатки Змеееда	image_glv_snake2025	0,0,0,0,0,0,0	56,40,56,44,44,40,56	7	0,0,202,202,0	25,25,26	0-0	0
I	524	4	5	20	20	63	Перчатки Кролика	image_glv_bunny	0,0,0,0,0,0,0	44,56,40,40,44,56,56	7	0,0,186,186,0	30,30,30	0-0	0
I	518	4	5	20	20	63	Перчатки Тигромана	image_glv_tiger	0,0,0,0,0,0,0	48,48,48,48,48,48,48	7	0,0,151,151,0	40,40,40	0-0	0
I	13821	4	6	20	20	63	Ледяные перчатки МК6	image_glv_i	0,0,0,0,0,0,0	35,35,35,35,35,35,35	5	60,60,60,60,60	40,40,40	0-0	0
I	11163	4	9	20	20	0	Драконьи перчатки	image_glovse_drack	0,0,0,0,0,0,0	31,25,45,3,3,17,31	0	40,40,40,40,40	25,25,13	0-0	0
I	13096	4	1	21	21	8	Защитные рукавицы Бесстрашия	image_glv21gos_djag	65,0,105,0,0,47,48	24,10,30,5,5,10,20	0	0,0,82,82,0	14,14,9	0-0	0
I	13094	4	1	21	21	2	Перчатки Бесконечной битвы	image_glv21gos_var	91,0,86,0,0,87,0	25,13,20,2,5,24,15	0	0,0,66,66,0	19,19,13	0-0	0
I	13097	4	1	21	21	16	Перчатки Гармонии духа	image_glv21gos_priest	83,0,77,81,0,20,0	24,0,22,24,26,0,8	0	0,0,65,65,0	18,18,15	0-0	0
I	13093	4	1	21	21	1	Перчатки из Рощи вурдалаков	image_glv21gos_rang	55,85,45,0,0,76,0	20,28,15,0,5,24,12	0	0,0,60,60,0	22,22,13	0-0	0
I	13095	4	1	21	21	4	Рукавицы яркого Восхода	image_glv21gos_shield	20,0,83,0,0,82,80	0,0,30,5,5,30,34	0	0,0,77,77,0	15,15,11	0-0	0
I	13098	4	1	21	21	32	Элегантные перчатки Безмятежности	image_glv21gos_mage	0,0,56,96,103,0,0	0,0,25,35,44,0,0	0	0,0,50,50,0	21,21,21	0-0	0
I	11430	4	2	21	21	4	Перчатки Золотой Черепахи	image_glv20	20,0,83,0,0,82,80	25,0,52,8,8,50,50	0	14,10,75,75,0	33,33,25	0-0	0
I	11428	4	2	21	21	1	Перчатки Изумрудного Дракона	image_glv19	55,85,45,0,0,76,0	36,45,35,5,5,42,25	0	0,0,65,65,0	44,44,25	0-0	0
I	13506	4	2	21	21	1	Перчатки Ингрид IV	image_glv_AR	0,0,0,0,0,0,0	40,40,40,3,3,58,24	3	0,0,100,100,0	45,45,38	0-0	0
I	11431	4	2	21	21	8	Перчатки Черного Единорога	image_glv21	65,0,105,0,0,47,48	35,22,57,7,7,20,45	0	25,35,70,70,33	22,22,20	0-0	0
I	13518	4	2	21	21	16	Повязки Адольфа IV	image_glv_AM	0,0,0,0,0,0,0	28,0,58,62,60,0,0	3	0,0,87,87,0	38,38,56	0-0	0
I	11429	4	2	21	21	2	Рукавицы Адского Сатаны	image_glv22	91,0,86,0,0,87,0	46,20,41,5,5,46,30	0	0,41,70,70,0	40,30,20	0-0	0
I	11433	4	2	21	21	32	Рукавицы Алого Феникса	image_glv24	0,0,56,96,103,0,0	0,0,53,70,70,0,0	0	0,0,68,68,0	35,35,35	0-0	0
I	11432	4	2	21	21	16	Рукавицы Лунного Грифона	image_glv23	83,0,77,81,0,20,0	32,20,42,37,37,10,15	0	0,0,78,78,0	30,30,35	0-0	0
I	13512	4	2	21	21	4	Рукавицы Максимиллиана IV	image_glv_AB	0,0,0,0,0,0,0	34,0,62,3,3,58,48	3	0,0,128,128,0	34,34,34	0-0	0
I	13876	4	6	21	21	63	Ледяные перчатки MK7	image_glv_i	0,0,0,0,0,0,0	42,42,42,42,42,42,42	6	75,75,75,75,75	50,50,50	0-0	0
I	13401	4	6	21	21	63	Перчатки Ингрид IV	image_glv_AR	0,0,0,0,0,0,0	40,40,40,3,3,58,24	3	0,0,100,100,0	45,45,38	0-0	0
I	13413	4	6	21	21	63	Повязки Адольфа IV	image_glv_AM	0,0,0,0,0,0,0	28,0,58,62,60,0,0	3	0,0,87,87,0	38,38,56	0-0	0
I	13407	4	6	21	21	63	Рукавицы Максимиллиана IV	image_glv_AB	0,0,0,0,0,0,0	34,0,62,3,3,58,48	3	0,0,128,128,0	34,34,34	0-0	0
I	2736	4	1	22	22	32	Перчатки Наставника	image_glv_22mage	0,0,63,103,111,0,0	0,0,30,42,53,0,0	0	0,0,94,94,0	29,29,20	0-0	0
I	2735	4	1	22	22	16	Перчатки Праведника	image_glv_22priest	90,0,84,87,0,20,0	30,0,31,32,32,0,0	0	0,0,112,112,0	23,23,16	0-0	0
I	2731	4	1	22	22	1	Перчатки Сумеречного Леса	image_glv_22luch	60,90,48,0,0,82,0	24,32,16,0,5,32,16	0	0,0,107,107,0	27,27,14	0-0	0
I	2732	4	1	22	22	2	Рукавицы Избранника Хаоса	image_glv_22var	98,0,90,0,0,94,0	29,12,24,2,5,35,18	0	0,0,112,112,0	23,23,16	0-0	0
I	2734	4	1	22	22	8	Рукавицы Командора	image_glv_22djag	70,0,110,0,0,52,53	29,14,40,5,5,0,32	0	0,0,134,134,0	15,15,12	0-0	0
I	2733	4	1	22	22	4	Рукавицы Мечелома	image_glv_22shield	20,0,89,0,0,88,88	0,0,37,5,5,36,42	0	0,0,128,128,0	18,18,12	0-0	0
I	2472	4	2	22	22	2	Кисти Падшего Варвара MK1	image_glv_spawn	98,0,90,0,0,94,0	60,20,42,5,10,65,30	0	0,0,116,116,0	35,35,28	0-0	0
I	2487	4	2	22	22	8	Кисти Падшего Джаггернаута MK1	image_glv_spawn	70,0,110,0,0,52,53	34,10,75,4,4,65,40	0	0,0,142,142,0	28,28,20	0-0	0
I	2493	4	2	22	22	16	Кисти Падшего Жреца MK1	image_glv_spawn	90,0,84,87,0,20,0	45,0,60,60,50,0,17	0	0,0,105,105,0	39,39,30	0-0	0
I	2509	4	2	22	22	32	Кисти Падшего Мага MK1	image_glv_spawn	0,0,63,103,111,0,0	0,0,58,76,98,0,0	0	20,0,78,78,0	40,40,40	0-0	0
I	2481	4	2	22	22	4	Кисти Падшего Мастера щита MK1	image_glv_spawn	20,0,89,0,0,88,88	7,0,70,10,10,65,70	0	0,0,125,125,0	32,32,26	0-0	0
I	2467	4	2	22	22	1	Кисти Падшего Рейнджера MK1	image_glv_spawn	60,90,48,0,0,82,0	40,60,30,0,10,65,27	0	0,0,100,100,0	43,43,28	0-0	0
I	2325	4	5	22	22	63	Хроноперчатки	image_glv_chrono	0,0,0,0,0,0,0	60,85,70,75,100,75,80	2	40,50,55,55,50	80,80,65	0-0	0
I	11846	4	7	22	22	4	Золотые рукавицы Воеводы	image_glv20+shield	20,0,89,0,0,88,88	35,0,72,5,5,75,77	0	60,50,120,120,0	55,55,41	0-0	0
I	11834	4	7	22	22	1	Лайковые перчатки Конкистадора	image_glv20+rang	60,90,48,0,0,82,0	45,75,37,5,5,66,36	0	50,0,100,100,0	80,80,41	0-0	0
I	11840	4	7	22	22	2	Перчатки Северного Вандала	image_glv20+var	98,0,90,0,0,94,0	76,25,44,3,5,76,40	0	80,0,110,110,0	72,72,35	0-0	0
I	11858	4	7	22	22	16	Рукавицы Кровавого Прелата	image_glv20+priest	90,0,84,87,0,20,0	60,20,55,60,60,14,0	0	73,0,110,110,0	55,55,60	0-0	0
I	11852	4	7	22	22	8	Рукавицы Серебряного Зубра	image_glv20+djag	70,0,110,0,0,52,53	66,27,75,5,5,25,66	0	70,0,165,165,0	50,50,31	0-0	0
I	11864	4	7	22	22	32	Шелковые перчатки Волхва	image_glv20+mage	0,0,63,103,111,0,0	0,0,71,99,99,0,0	0	41,0,100,100,0	65,65,64	0-0	0
I	2589	4	2	23	23	2	Кисти Падшего Варвара MK2	image_glv_spawn2	106,0,94,0,0,102,0	70,25,50,5,10,78,42	0	0,0,157,157,0	65,65,47	0-0	0
I	2601	4	2	23	23	8	Кисти Падшего Джаггернаута MK2	image_glv_spawn2	75,0,115,0,0,57,58	40,15,90,4,4,78,49	0	0,0,210,210,0	40,40,45	0-0	0
I	2607	4	2	23	23	16	Кисти Падшего Жреца MK2	image_glv_spawn2	97,0,91,94,0,20,0	55,0,70,70,60,0,25	0	0,0,145,145,0	65,65,55	0-0	0
I	2613	4	2	23	23	32	Кисти Падшего Мага MK2	image_glv_spawn2	0,0,71,111,120,0,0	0,0,70,90,120,0,0	0	25,0,100,100,0	70,70,70	0-0	0
I	2595	4	2	23	23	4	Кисти Падшего Мастера щита MK2	image_glv_spawn2	20,0,95,0,0,95,92	10,0,80,10,10,78,92	0	0,0,175,175,0	50,50,55	0-0	0
I	2584	4	2	23	23	1	Кисти Падшего Рейнджера MK2	image_glv_spawn2	65,98,51,0,0,88,0	50,75,35,0,10,78,32	0	0,0,150,150,0	79,79,33	0-0	0
I	2788	4	2	23	23	2	Призрачные перчатки Атамана	image_glv_ghost4	65,0,51,0,0,88,0	90,42,60,6,6,100,36	3	0,0,175,175,0	85,85,50	0-0	0
I	2800	4	2	23	23	32	Призрачные перчатки Властелина	image_glv_ghost6	0,0,71,94,0,0,0	0,0,89,114,137,0,0	3	0,0,186,186,0	69,69,64	0-0	0
I	2764	4	2	23	23	1	Призрачные перчатки Завоевателя	image_glv_ghost1	65,0,51,0,0,88,0	60,83,50,6,6,100,35	3	0,0,175,175,0	85,85,50	0-0	0
I	2776	4	2	23	23	16	Призрачные перчатки Кардинала	image_glv_ghost3	0,0,71,94,0,0,0	90,0,90,65,65,0,30	3	0,0,186,186,0	69,69,64	0-0	0
I	2794	4	2	23	23	8	Призрачные рукавицы Исполина	image_glv_ghost5	20,0,95,0,0,57,58	80,20,104,6,6,45,79	3	0,0,215,215,0	65,65,50	0-0	0
I	2770	4	2	23	23	4	Призрачные рукавицы Полководца	image_glv_ghost2	20,0,95,0,0,57,58	47,0,90,6,6,100,91	3	0,0,215,215,0	65,65,50	0-0	0
I	2556	4	5	23	23	1	Перчатки Небесной Армады	image_glv_rangprise	65,98,51,0,0,88,0	51,70,41,5,5,82,31	2	0,0,117,117,0	80,80,30	0-0	0
I	2561	4	5	23	23	32	Перчатки Провидца	image_glv_mageprise	0,0,71,111,120,0,0	0,0,75,95,115,0,0	2	0,0,117,117,0	65,65,60	0-0	0
I	2557	4	5	23	23	2	Перчатки Экспансии	image_glv_varprise	106,0,94,0,0,102,0	77,35,51,5,5,82,30	2	0,0,132,132,0	70,70,35	0-0	0
I	2558	4	5	23	23	4	Рукавицы Болотных огней	image_glv_shieldprise	20,0,95,0,0,95,92	40,0,76,5,5,82,77	2	0,0,162,162,0	55,55,35	0-0	0
I	2560	4	5	23	23	16	Рукавицы Еретика	image_glv_priestprise	97,0,91,94,0,20,0	75,0,75,55,55,0,25	2	0,0,147,147,0	50,50,60	0-0	0
I	2559	4	5	23	23	8	Рукавицы Лазоревого Тура	image_glv_djagprise	75,0,115,0,0,57,58	65,20,85,5,5,40,65	2	0,0,172,172,0	50,50,35	0-0	0
I	2637	4	6	24	24	2	Кисти Падшего Варвара MK3	image_glv_spawn3	114,0,100,0,0,111,0	82,30,60,6,12,96,50	0	0,1,190,190,0	78,78,55	0-0	0
I	2649	4	6	24	24	8	Кисти Падшего Джаггернаута MK3	image_glv_spawn3	80,0,120,0,0,63,63	48,18,108,5,5,96,56	0	0,0,252,252,0	48,48,54	0-0	0
I	2655	4	6	24	24	16	Кисти Падшего Жреца MK3	image_glv_spawn3	100,0,102,100,0,20,0	66,0,87,87,66,0,30	0	0,0,174,174,0	78,78,66	0-0	0
I	2661	4	6	24	24	32	Кисти Падшего Мага MK3	image_glv_spawn3	0,0,79,120,126,0,0	0,0,84,108,144,0,0	0	30,0,120,120,0	84,84,84	0-0	0
I	2643	4	6	24	24	4	Кисти Падшего Мастера щита MK3	image_glv_spawn3	20,0,100,0,0,107,98	12,0,96,12,12,96,108	0	0,0,210,210,0	60,60,66	0-0	0
I	2632	4	6	24	24	1	Кисти Падшего Рейнджера MK3	image_glv_spawn3	70,106,55,0,0,94,0	60,90,40,0,12,96,38	0	0,1,180,180,0	95,95,39	0-0	0
I	10569	5	1	0	0	63	Льняные наручи	image_naruchilen	0,0,0,0,0,0,0	0,0,1,0,0,0,0	0	0,0,1,1,0	0,0,0	0-0	0
I	9016	5	1	2	2	8	Войлочные наручи	image_nrc5	0,0,4,0,0,0,0	1,0,1,0,0,0,1	0	0,0,1,1,0	1,1,0	0-0	0
I	9015	5	1	2	2	1	Простые кожаные наручи	image_naruchivar	4,0,0,0,0,0,0	1,1,0,0,0,1,0	0	0,0,1,1,0	1,1,0	0-0	0
I	9017	5	1	2	2	16	Шелковые браслеты	image_naruchi0001	0,0,0,4,0,0,0	0,0,1,1,1,0,0	0	0,0,1,1,0	1,1,0	0-0	0
I	10214	5	5	2	2	1	Наручи начинающего рейнджера	image_naruchi72	0,0,0,0,0,0,0	2,2,0,0,0,1,0	0	0,0,1,1,0	0,0,0	0-0	0
I	9074	5	1	3	3	32	Атласные браслеты	image_nrc_mage3	0,0,0,4,4,0,0	0,0,0,2,2,0,0	0	0,0,0,0,0	1,1,0	0-0	0
I	9072	5	1	3	3	8	Вороненые железные браслеты	image_nrc_djag3	5,0,5,0,0,0,0	1,1,2,0,0,0,0	0	0,0,2,2,0	0,0,0	0-0	0
I	9070	5	1	3	3	1	Наручи листвы	image_nrc_rang3	0,6,0,0,0,0,0	1,1,0,0,0,2,0	0	0,0,1,1,0	0,1,0	0-0	0
I	9073	5	1	3	3	16	Сглаженные наручи	image_nrc_jrec3	0,0,5,5,0,0,0	0,0,2,1,1,0,0	0	0,0,1,1,0	1,0,0	0-0	0
I	11935	5	1	3	3	2	Укрепленные кожаные наручи	image_nrc3var	5,0,0,0,0,4,0	2,0,1,0,0,1,0	0	0,0,2,2,0	0,0,0	0-0	0
I	9071	5	1	3	3	4	Чеканные наручи	image_nrc_shield3	0,0,4,0,0,0,4	0,0,2,0,0,1,1	0	0,0,2,2,0	0,0,0	0-0	0
I	68	5	1	4	4	32	Браслеты студента	image_naruchi14	0,0,0,9,12,0,0	0,0,0,1,4,0,0	0	0,0,1,1,0	1,0,0	0-0	0
I	11922	5	1	4	4	8	Железные наручи	image_nrc4djag	6,0,8,0,0,0,0	2,0,2,0,0,0,1	0	0,0,2,2,0	0,0,0	0-0	0
I	67	5	1	4	4	1	Кожаные браслеты	image_naruchi21	0,8,0,0,0,0,0	2,1,2,0,0,0,0	0	0,0,2,2,0	0,0,0	0-0	0
I	9075	5	1	4	4	2	Легкие плетеные наручи	image_nrc_var4	8,0,0,0,0,7,0	2,0,1,0,0,2,0	0	0,0,1,1,0	1,0,0	0-0	0
I	9076	5	1	4	4	4	Пластинчатые браслеты	image_nrc_shield4	0,0,8,0,0,0,6	0,0,2,0,0,2,1	0	0,0,2,2,0	0,0,0	0-0	0
I	69	5	1	4	4	16	Усиленные кожаные наручи	image_naruchi23	0,0,6,8,0,0,0	1,0,0,1,3,0,0	0	0,0,2,2,0	0,0,0	0-0	0
I	70	5	1	5	5	8	Железные браслеты	image_naruchi22	8,0,8,0,0,0,0	0,1,2,0,1,1,1	0	0,0,3,3,0	0,0,0	0-0	0
I	72	5	1	5	5	4	Клепаные кожаные браслеты	image_naruchi1	0,0,8,0,0,0,8	0,0,0,0,0,3,3	0	0,0,3,3,0	0,0,0	0-0	0
I	71	5	1	5	5	2	Кольчужные наручи	image_naruchi2	8,0,0,0,0,7,0	1,0,2,0,0,2,1	0	0,0,3,3,0	0,0,0	0-0	0
I	9078	5	1	5	5	32	Наручи заклинателя	image_nrc_mage6	0,0,0,10,16,0,0	0,0,2,2,2,0,0	0	0,0,1,1,0	1,1,0	0-0	0
I	11943	5	1	5	5	16	Наручи послушания	image_nrc5jrec	9,0,7,8,0,0,0	1,0,2,1,2,0,0	0	0,0,3,3,0	0,0,0	0-0	0
I	9077	5	1	5	5	1	Сыромятные наручи	image_nrc_rang5	0,8,0,0,0,5,0	2,2,0,0,0,2,0	0	0,0,1,1,0	1,1,0	0-0	0
I	13029	5	6	5	5	4	Налокотники заступника	image_naruchi65	0,0,8,0,0,0,8	1,0,3,0,0,3,3	0	0,0,7,7,0	1,1,0	0-0	0
I	13010	5	6	5	5	2	Наручи злодея	image_naruchi61	12,0,0,0,0,8,0	3,0,2,0,0,3,2	0	0,0,5,5,0	2,2,0	0-0	0
I	10647	5	1	6	6	32	Браслеты заклинателя	image_nrc7	0,0,0,15,20,0,0	0,0,1,4,3,0,0	0	0,0,3,3,0	2,1,0	0-0	0
I	273	5	1	6	6	16	Железные наручи послушника	image_naruchi20	12,0,0,12,0,0,0	2,0,2,1,3,0,0	0	0,0,6,6,0	0,0,0	0-0	0
I	272	5	1	6	6	1	Клепанная кожаная защита рук	image_naruchi5	6,12,0,0,0,4,0	2,2,0,0,0,2,2	0	0,0,6,6,0	0,0,0	0-0	0
I	2418	5	1	6	6	8	Легкие стальные наручи	image_nrc6lvl	6,0,12,0,0,0,0	2,0,2,0,0,3,1	0	0,0,6,6,0	0,0,0	0-0	0
I	10646	5	1	6	6	4	Наручи защитника	image_nrc6	0,0,12,0,0,8,8	0,0,3,0,0,3,2	0	0,0,6,6,0	0,0,0	0-0	0
I	13719	5	1	6	6	2	Наручи копейщика	image_nrc6var	8,0,0,0,0,7,0	3,0,2,0,0,3,0	0	0,0,6,6,0	0,0,0	0-0	0
I	903	5	2	6	6	2	Шелковые нарукавники	image_naruchi31	8,0,0,0,0,7,0	2,0,2,0,2,3,2	0	0,0,4,4,0	2,2,0	0-0	0
I	100105	5	5	6	6	63	Рукава Деда Мороза	image_naruchi73	0,0,0,0,0,0,0	0,0,0,0,0,0,0	0	50,50,50,50,50	10,10,10	0-0	0
I	100106	5	5	6	6	63	Рукава Снегурочки	image_naruchi69	0,0,0,0,0,0,0	0,0,0,0,0,0,0	0	50,50,50,50,50	10,10,10	0-0	0
I	13040	5	6	6	6	8	Наручи борца	image_naruchi64	11,0,16,0,0,0,6	3,2,3,0,0,0,2	0	0,0,12,12,0	1,1,0	0-0	0
I	13004	5	6	6	6	1	Наручи молодого охотника	image_naruchi59	6,12,0,0,0,6,0	3,3,1,0,0,3,1	0	0,0,7,7,0	2,2,1	0-0	0
I	275	5	1	7	7	4	Браслеты из выдубленной кожи	image_naruchi19	0,0,15,0,0,10,10	0,0,2,0,0,4,3	0	0,0,6,6,0	1,1,0	0-0	0
I	73	5	1	7	7	2	Наручи с шипами	image_naruchi24	12,0,8,0,0,8,0	3,0,3,0,0,3,0	0	0,0,6,6,0	1,1,0	0-0	0
I	13720	5	1	7	7	1	Наручи следопыта	image_naruchi6	0,18,0,0,0,12,0	2,2,2,0,0,3,0	0	0,0,4,4,0	2,2,0	0-0	0
I	74	5	1	7	7	32	Наручи ученика	image_naruchi13	0,0,0,18,23,0,0	0,0,1,3,5,0,0	0	0,1,2,2,0	2,2,1	0-0	0
I	11924	5	1	7	7	8	Пластинчатые наручи	image_nrc7djag	13,0,20,0,0,0,0	3,1,3,0,0,0,2	0	0,0,8,8,0	0,0,0	0-0	0
I	11949	5	1	7	7	16	Стальные наручи послушника	image_nrc7jrec	14,0,0,18,0,0,0	2,0,3,2,2,0,0	0	0,0,6,6,0	1,1,0	0-0	0
I	914	5	2	7	7	16	Плетеные нарукавники	image_naruchi32	0,0,0,18,0,0,0	2,0,3,3,4,0,0	0	0,0,7,7,0	2,2,0	0-0	0
I	13052	5	6	7	7	16	Наручи диакона	image_naruchi63	14,0,0,18,0,0,0	2,0,3,3,4,0,0	0	0,0,12,12,0	2,2,0	0-0	0
I	13024	5	6	7	7	32	Наручи фокусника	image_naruchi60	0,0,0,18,23,0,0	0,0,2,4,6,0,0	0	0,0,10,10,0	3,3,0	0-0	0
I	11010	5	1	8	8	32	Браслеты посвященного	image_nrc14	0,0,12,22,27,0,0	0,0,3,4,4,0,0	0	0,0,6,6,0	2,2,0	0-0	0
I	77	5	1	8	8	1	Налокотники следопыта	image_naruchi6	11,27,0,0,0,22,0	4,0,3,0,0,4,0	0	0,0,6,6,0	2,2,0	0-0	0
I	10782	5	1	8	8	0	Наручи Сокрушителя	image_naruchilen	0,0,0,0,0,0,0	1,1,1,1,1,1,1	0	1,1,1,1,1	1,1,1	0-0	0
I	13327	5	1	8	8	2	Наручи затмения	image_nrc8var	27,0,14,0,0,18,0	4,0,3,0,0,4,0	0	0,0,8,8,0	1,1,0	0-0	0
I	13328	5	1	8	8	4	Полные стальные наручи	image_nrc8shield	0,0,27,0,0,12,22	0,0,4,0,0,4,3	0	0,0,10,10,0	0,0,0	0-0	0
I	76	5	1	8	8	16	Стальная защита рук	image_naruchi18	21,0,17,22,0,0,0	2,1,2,2,4,0,0	0	0,0,8,8,0	1,1,0	0-0	0
I	75	5	1	8	8	8	Тяжелые железные наручи	image_naruchi3	16,0,29,0,0,0,12	0,3,4,0,1,1,2	0	0,0,10,10,0	0,0,0	0-0	0
I	10178	5	3	8	8	4	Налокотники покровителя	image_naruchi65	0,0,27,0,0,12,22	0,0,5,0,0,6,6	0	0,0,8,8,0	2,2,0	0-0	0
I	10150	5	3	8	8	2	Наручи душегуба	image_naruchi61	27,0,14,0,0,18,0	4,2,4,0,0,4,3	0	0,0,10,10,0	1,1,0	0-0	0
I	299996	5	5	8	8	63	Хэллоуинский декор	image_naruchi130	0,0,0,0,0,0,0	0,0,0,0,0,0,0	2	44,44,44,44,44	20,20,20	0-0	0
I	80	5	1	9	9	32	Браслеты колдуна	image_naruchi12	0,0,14,26,31,0,0	0,0,3,5,5,0,0	0	0,0,4,4,0	4,4,0	0-0	0
I	11011	5	1	9	9	16	Латные налокотники священника	image_nrc15	25,0,20,26,0,0,0	3,0,4,3,3,0,0	0	0,0,7,7,0	3,2,0	0-0	0
I	78	5	1	9	9	2	Наручи гномовержца	image_naruchi15	30,0,17,0,0,20,0	4,1,3,0,0,3,2	0	0,0,12,12,0	0,0,0	0-0	0
I	13324	5	1	9	9	1	Наручи ренегата	image_nrc9rang	12,30,0,0,0,24,0	3,4,3,0,0,3,0	0	0,0,12,12,0	0,0,0	0-0	0
I	79	5	1	9	9	4	Стальные наручи щитоносца	image_naruchi16	0,0,31,0,0,16,25	0,0,2,0,3,4,4	0	0,0,8,8,0	2,2,0	0-0	0
I	11926	5	1	9	9	8	Усиленные стальные наручи	image_nrc9djag	19,0,34,0,0,0,14	3,3,4,0,1,0,2	0	0,0,12,12,0	0,0,0	0-0	0
I	924	5	2	9	9	8	Наручи стражника	image_naruchi33	19,0,34,0,0,0,14	5,0,4,0,2,4,3	0	0,0,9,9,0	3,3,0	0-0	0
I	10171	5	3	9	9	8	Наручи воителя	image_naruchi64	19,0,34,0,0,0,14	3,2,5,0,0,3,5	0	0,0,18,18,0	2,2,1	0-0	0
I	10135	5	3	9	9	1	Наручи старого охотника	image_naruchi59	12,30,0,0,0,24,0	4,5,2,0,0,5,2	0	0,0,18,18,0	2,2,1	0-0	0
I	13722	5	1	10	10	4	Имперские налокотники	image_nrc10shield	0,0,36,0,0,20,28	1,0,4,0,0,5,5	0	0,0,13,13,0	1,1,0	0-0	0
I	10648	5	1	10	10	16	Латные наручи храмовника	image_nrc11	26,0,25,29,0,0,0	3,2,4,3,3,0,0	0	0,0,11,11,0	2,2,0	0-0	0
I	13721	5	1	10	10	2	Налокотники гномовержца	image_nrc10var	35,0,21,0,0,25,0	4,2,4,0,0,4,1	0	0,0,11,11,0	2,2,0	0-0	0
I	13723	5	1	10	10	32	Наручи колдовской силы	image_nrc10mage	0,0,17,30,36,0,0	0,0,4,6,5,0,0	0	0,0,9,9,0	3,3,0	0-0	0
I	274	5	1	10	10	8	Стальные браслеты	image_naruchi17	21,0,39,0,0,0,16	3,3,4,0,1,1,3	0	0,0,13,13,0	1,1,0	0-0	0
I	10120	5	1	10	10	1	Стальные наручи следопыта	image_naruchi58	15,34,0,0,0,28,0	4,5,3,0,0,3,0	0	0,0,9,9,0	3,3,0	0-0	0
I	940	5	2	10	10	2	Наручи потрошителя	image_naruchi34	35,0,21,0,0,25,0	5,6,3,0,0,5,1	0	0,0,15,15,0	2,2,1	0-0	0
I	10146	5	3	10	10	32	Наручи иллюзиониста	image_naruchi60	0,0,17,30,36,0,0	0,0,6,7,8,0,0	0	0,0,10,10,0	5,4,9	0-0	0
I	10165	5	3	10	10	16	Наручи капеллана	image_naruchi63	26,0,25,29,0,0,0	3,2,5,5,5,0,1	0	0,0,12,12,0	6,6,6	0-0	0
I	10651	5	3	10	10	4	Наручи легионера	image_nrc8	0,0,36,0,0,20,28	2,0,6,0,1,6,6	0	0,0,25,25,0	4,4,0	0-0	0
I	10649	5	1	11	11	32	Браслеты аколита	image_nrc10	0,0,21,35,41,0,0	0,0,4,6,8,0,0	0	0,0,11,11,0	2,2,2	0-0	0
I	10650	5	1	11	11	4	Легкие имперские наручи	image_nrc9	0,0,41,0,0,24,32	1,0,6,0,1,5,5	0	0,0,14,14,0	2,2,0	0-0	0
I	10880	5	1	11	11	16	Налокотники клирика	image_nrc11_priest	31,0,30,35,0,0,0	3,0,5,5,5,0,0	0	0,0,14,14,0	2,2,0	0-0	0
I	13724	5	1	11	11	1	Налокотники эльфийского следопыта	image_nrc11_ranger	18,41,0,0,0,32,0	4,5,3,0,0,5,1	0	0,0,14,14,0	2,2,0	0-0	0
I	81	5	1	11	11	2	Наручи темных богов	image_naruchi4	41,0,22,0,0,30,0	5,0,5,0,2,5,1	0	0,0,14,14,0	2,2,0	0-0	0
I	10881	5	1	11	11	8	Стальные наручи телохранителя	image_nrc11_djag	27,0,44,0,0,0,18	4,2,5,0,0,2,5	0	0,0,16,16,0	1,1,0	0-0	0
I	10887	5	3	11	11	1	Наручи лесных жителей	image_nrc11_ranger	18,41,0,0,0,32,0	7,8,5,1,2,9,0	0	0,0,20,20,0	5,5,2	0-0	0
I	10090	5	3	11	11	32	Позолоченные наручи мудрости	image_naruchi52	0,0,21,35,41,0,0	0,0,8,12,12,0,0	0	0,0,17,17,0	8,8,0	0-0	0
I	83	5	1	12	12	32	Браслеты архимага	image_naruchi11	0,0,22,41,46,0,0	0,0,6,9,9,0,0	0	0,0,7,7,0	4,4,2	0-0	0
I	82	5	1	12	12	4	Имперские наручи	image_naruchi8	0,0,43,0,0,30,36	2,0,6,0,3,6,7	0	0,0,18,18,0	0,0,0	0-0	0
I	85	5	1	12	12	16	Налокотники храмовника	image_naruchi9	35,0,34,40,0,0,0	4,0,6,5,9,0,0	0	0,0,16,16,0	1,1,0	0-0	0
I	13725	5	1	12	12	2	Наручи гладиатора	image_nrc12var	44,0,24,0,0,32,0	7,0,7,0,0,7,3	0	0,0,14,14,0	2,2,0	0-0	0
I	86	5	1	12	12	1	Наручи эльфийского следопыта	image_naruchi7	19,42,0,0,0,34,0	5,6,4,0,2,7,0	0	0,0,14,14,0	2,2,0	0-0	0
I	84	5	1	12	12	8	Тяжелые латные наручи	image_naruchi10	31,0,48,0,0,0,14	5,6,6,0,0,3,4	0	0,0,16,16,0	1,1,0	0-0	0
I	10252	5	2	12	12	2	Наручи красной звезды	image_naruchi79	44,0,24,0,0,32,0	8,2,8,0,2,8,4	0	0,0,19,19,0	3,3,0	0-0	0
I	10101	5	3	12	12	2	Налокотники красной звезды	image_naruchi50	44,0,24,0,0,32,0	9,6,9,4,0,9,6	0	0,0,33,33,0	0,0,0	0-0	0
I	10103	5	3	12	12	4	Наручи стража башни	image_naruchi54	0,0,43,0,0,30,36	8,0,10,2,3,10,10	0	0,0,33,33,0	0,0,0	0-0	0
I	10100	5	3	12	12	8	Штурмовые наручи телохранителя	image_naruchi53	31,0,48,0,0,0,18	9,5,9,0,2,9,9	0	0,0,33,33,0	0,0,0	0-0	0
I	13329	5	1	13	13	16	Браслеты паладина	image_nrc13jrec	40,0,39,45,0,0,0	5,0,7,6,6,0,3	0	0,0,26,26,0	6,6,0	0-0	0
I	13331	5	1	13	13	32	Браслеты хранителя легенд	image_nrc13mage	0,0,23,45,52,0,0	0,0,7,10,10,0,0	0	0,0,17,17,0	9,9,2	0-0	0
I	13729	5	1	13	13	8	Налокотники доминирования	image_nrc13djag	34,0,54,0,0,0,22	9,0,9,0,0,0,9	0	0,0,32,32,0	3,3,0	0-0	0
I	13726	5	1	13	13	1	Налокотники проводника духов	image_nrc13rang	22,48,10,0,0,36,0	5,8,4,0,0,9,1	0	0,0,18,18,0	10,10,0	0-0	0
I	13727	5	1	13	13	2	Наручи берсерка	image_nrc13var	48,0,27,0,0,38,0	9,2,7,0,0,9,0	0	0,0,24,24,0	7,7,0	0-0	0
I	13728	5	1	13	13	4	Наручи центуриона	image_nrc13shield	0,0,48,0,0,36,40	0,0,9,0,0,9,9	0	0,0,30,30,0	4,4,0	0-0	0
I	13457	5	2	13	13	4	Браслеты Максимиллиана I	image_nrc_AB	0,0,0,0,0,0,0	6,0,18,1,1,16,12	3	0,0,56,56,0	6,6,6	0-0	0
I	961	5	2	13	13	32	Браслеты мудрого советника	image_naruchi35	0,0,23,45,52,0,0	0,0,6,15,15,0,0	0	10,10,10,10,10	10,10,5	0-0	0
I	10885	5	2	13	13	4	Наручи Восточного Императора	image_nrc13_shield	0,0,48,0,0,36,40	5,0,9,0,2,10,10	0	0,0,41,41,0	5,5,1	0-0	0
I	13451	5	2	13	13	1	Наручи Ингрид I	image_nrc_AR	0,0,0,0,0,0,0	10,10,10,1,1,16,6	3	0,0,49,49,0	8,8,8	0-0	0
I	10882	5	2	13	13	8	Наручи гвардейца	image_nrc13_djag	34,0,54,0,0,0,22	9,3,9,0,0,6,9	0	0,0,39,39,0	6,6,1	0-0	0
I	289	5	2	13	13	1	Наручи леcных теней	image_naruchi37	22,48,10,0,0,36,0	8,10,4,0,0,4,10	0	0,0,25,25,0	12,11,3	0-0	0
I	10889	5	2	13	13	2	Наручи мучительной скорби	image_nrc13_var	48,0,27,0,0,38,0	9,3,9,0,0,9,6	0	0,0,30,30,0	9,9,3	0-0	0
I	13463	5	2	13	13	16	Рукава Адольфа I	image_nrc_AM	0,0,0,0,0,0,0	8,0,16,16,14,0,0	3	0,0,45,45,0	7,7,12	0-0	0
I	10890	5	3	13	13	2	Налокотники темной души	image_nrc15_var	48,0,27,0,0,38,0	13,4,11,0,0,13,8	0	0,0,39,39,0	14,14,1	0-0	0
I	10104	5	3	13	13	16	Позолоченные наручи благочестивости	image_naruchi51	40,0,39,45,0,0,0	9,0,10,12,12,0,6	0	0,0,40,40,0	9,9,7	0-0	0
I	13352	5	6	13	13	63	Браслеты Максимиллиана I	image_nrc_AB	0,0,0,0,0,0,0	6,0,18,1,1,16,12	3	0,0,56,56,0	6,6,6	0-0	0
I	13346	5	6	13	13	63	Наручи Ингрид I	image_nrc_AR	0,0,0,0,0,0,0	10,10,10,1,1,16,6	3	0,0,49,49,0	8,8,8	0-0	0
I	13358	5	6	13	13	63	Рукава Адольфа I	image_nrc_AM	0,0,0,0,0,0,0	8,0,16,16,14,0,0	3	0,0,45,45,0	7,7,12	0-0	0
I	11567	5	7	13	13	32	Браслеты прорицателя	image_nrc37	0,0,23,45,52,0,0	0,0,14,19,19,0,0	0	0,24,39,39,0	10,10,9	0-0	0
I	11564	5	7	13	13	4	Налокотники славы	image_nrc35	0,0,48,0,0,36,40	0,0,17,0,9,13,13	0	0,21,39,39,0	10,10,10	0-0	0
I	11562	5	7	13	13	1	Наручи захватчика	image_nrc32	22,48,10,0,0,36,0	9,17,13,0,0,13,0	0	0,21,39,39,0	10,10,10	0-0	0
I	11563	5	7	13	13	2	Наручи мучителя	image_nrc33	48,0,27,0,0,38,0	17,0,9,0,0,13,13	0	0,21,39,39,0	10,10,10	0-0	0
I	11565	5	7	13	13	8	Наручи стойкости	image_nrc34	34,0,54,0,0,0,22	13,0,17,0,0,9,13	0	0,21,39,39,0	10,10,10	0-0	0
I	11566	5	7	13	13	16	Наручи шамана	image_nrc36	40,0,39,45,0,0,0	17,0,13,9,13,0,0	0	0,21,39,39,0	10,10,10	0-0	0
I	13325	5	1	14	14	1	Браслеты проводника духов	image_nrc14rang	25,55,14,0,0,45,0	5,9,4,0,3,8,3	0	0,0,28,28,0	8,8,2	0-0	0
I	13172	5	1	14	14	4	Латунные наручи центуриона	image_nrc14shield2	0,0,55,0,0,42,45	0,0,10,2,0,10,10	0	0,0,39,39,0	4,4,0	0-0	0
I	552	5	1	14	14	2	Налокотники берсерка	image_naruchi27	55,0,36,0,0,45,0	9,3,5,0,3,8,4	0	0,0,30,30,0	7,7,2	0-0	0
I	555	5	1	14	14	8	Наручи доминирования	image_naruchi29	39,0,62,0,0,0,28	6,6,12,0,0,4,4	0	0,0,37,37,0	5,5,0	0-0	0
I	553	5	1	14	14	16	Наручи паладина	image_naruchi28	45,0,45,50,0,0,0	8,2,8,6,8,0,0	0	0,0,32,32,0	6,6,2	0-0	0
I	554	5	1	14	14	32	Наручи хранителя легенд	image_naruchi25	0,0,25,55,62,0,0	0,0,7,15,10,0,0	0	6,6,17,17,6	9,9,2	0-0	0
I	10888	5	3	14	14	1	Налокотники главного егеря	image_nrc14_ranger	25,55,14,0,0,45,0	12,18,8,2,2,12,4	0	0,0,40,40,0	13,13,12	0-0	0
I	10886	5	3	14	14	4	Победоносные наручи центуриона	image_nrc14_shield	0,0,55,0,0,42,45	5,0,17,0,3,16,17	0	0,0,49,49,0	10,10,10	0-0	0
I	13643	5	3	14	14	16	Стальные наручи прозрения	image_nrc14_priest	45,0,45,50,0,0,0	12,5,12,12,12,0,5	0	0,0,37,37,0	16,16,10	0-0	0
I	11396	5	5	14	14	63	Ледяные наручи	image_nrc_i	0,0,0,0,0,0,0	10,10,10,10,10,10,10	3	0,0,0,0,0	0,0,0	0-0	0
I	10884	5	1	15	15	32	Браслеты могущества	image_nrc15_mage	0,0,27,60,69,0,0	0,0,9,14,15,0,0	0	0,0,20,20,0	14,14,6	0-0	0
I	13730	5	1	15	15	8	Браслеты непреклонной силы	image_nrc15djag	42,0,67,0,0,9,29	10,6,10,0,0,2,10	0	0,0,45,45,0	6,6,0	0-0	0
I	13731	5	1	15	15	16	Налокотники паладина	image_nrc15jrec	47,0,47,52,0,0,0	8,0,8,9,9,0,4	0	0,0,36,36,0	9,9,2	0-0	0
I	556	5	1	15	15	4	Наручи патрициев	image_naruchi30	0,0,57,0,0,45,47	0,0,12,0,2,12,12	0	0,0,35,35,0	11,11,0	0-0	0
I	557	5	1	15	15	1	Наручи проводника духов	image_naruchi26	27,57,16,0,0,47,0	6,12,6,0,4,10,0	0	0,0,32,32,0	11,11,2	0-0	0
I	13181	5	1	15	15	2	Тяжелые наручи кровавого зова	image_nrc15_var4	58,0,42,0,0,49,0	9,3,8,0,3,10,5	0	0,0,32,32,0	8,8,6	0-0	0
I	13201	5	2	15	15	63	Ледяные наручи МК1	image_nrc_i	0,0,0,0,0,0,0	12,12,12,12,12,12,12	3	15,15,15,15,15	6,6,6	0-0	0
I	10240	5	2	15	15	4	Наручи воинской доблести	image_naruchi76	0,0,57,0,0,45,47	2,0,15,2,2,15,15	0	0,0,38,38,0	13,13,9	0-0	0
I	10366	5	2	15	15	16	Наручи священной Инквизиции	image_naruchi94	47,0,47,52,0,0,0	12,7,12,7,7,0,6	0	0,0,24,24,0	17,17,13	0-0	0
I	10976	5	3	15	15	2	Наручи пламенной боли	image_nrc15_var3	58,0,42,0,0,49,0	19,6,16,0,0,19,8	0	0,0,56,56,0	16,16,10	0-0	0
I	10387	5	3	15	15	8	Рыцарские наручи	image_naruchi98	42,0,67,0,0,9,29	17,13,20,0,0,0,18	0	18,0,58,58,0	12,12,8	0-0	0
I	11535	5	7	15	15	4	Зарукавья гордости	image_nrc29	0,0,57,0,0,45,47	0,0,20,5,5,20,25	0	0,0,45,45,0	20,20,10	0-0	0
I	11534	5	7	15	15	1	Налокотники мстителя	image_nrc26	27,57,16,0,0,47,0	15,20,10,0,0,20,10	0	7,0,30,30,0	22,22,15	0-0	0
I	11538	5	7	15	15	32	Нарукавники пророка	image_nrc31	0,0,27,60,69,0,0	0,0,15,30,30,0,0	0	0,0,37,37,0	18,18,18	0-0	0
I	11536	5	7	15	15	8	Наручи непреклонного	image_nrc28	42,0,67,0,0,9,29	15,10,25,0,0,5,20	0	0,0,55,55,0	15,15,10	0-0	0
I	11537	5	7	15	15	16	Наручи оракула	image_nrc30	47,0,47,52,0,0,0	15,10,15,15,15,0,5	0	1,0,40,40,0	17,17,17	0-0	0
I	10975	5	7	15	15	2	Наручи палача	image_nrc15_var2	58,0,42,0,0,49,0	25,5,10,0,0,25,10	0	0,0,40,40,0	18,18,16	0-0	0
I	13734	5	1	16	16	4	Налокотники патрициев	image_nrc16shield	0,0,59,0,0,48,50	0,0,13,0,5,12,12	0	0,0,42,42,0	10,10,0	0-0	0
I	13733	5	1	16	16	2	Наручи вождя	image_nrc16var	61,0,48,0,0,55,0	12,4,8,0,0,12,6	0	0,0,38,38,0	12,12,0	0-0	0
I	10112	5	1	16	16	16	Наручи крестоносца	image_naruchi57	51,0,52,54,0,0,0	11,2,11,7,11,0,0	0	0,0,41,41,0	6,6,6	0-0	0
I	13732	5	1	16	16	1	Наручи лесного дозора	image_nrc16rang	29,60,20,0,0,49,0	8,12,8,0,0,12,2	0	0,0,36,36,0	13,13,0	0-0	0
I	13735	5	1	16	16	32	Наручи могущества	image_nrc16mage	0,0,30,68,73,0,0	0,0,10,16,16,0,0	0	0,0,29,29,0	12,12,6	0-0	0
I	10883	5	1	16	16	8	Наручи непреклонной силы	image_nrc16_djag	45,0,76,0,0,15,31	10,5,11,0,2,4,10	0	0,0,39,39,0	10,10,2	0-0	0
I	13475	5	2	16	16	4	Браслеты Максимиллиана II	image_nrc_AB	0,0,0,0,0,0,0	14,0,24,1,1,24,20	3	0,0,75,75,0	14,14,14	0-0	0
I	13469	5	2	16	16	1	Наручи Ингрид II	image_nrc_AR	0,0,0,0,0,0,0	16,16,16,1,1,24,10	3	0,0,61,61,0	18,18,18	0-0	0
I	986	5	2	16	16	32	Наручи великого чернокнижника	image_naruchi56	0,0,30,68,73,0,0	0,0,12,22,23,0,0	0	0,0,25,25,0	18,18,15	0-0	0
I	10515	5	2	16	16	1	Наручи эльфийского принца	image_nrc150	29,60,20,0,0,49,0	6,14,10,2,2,14,9	0	0,0,40,40,0	21,21,1	0-0	0
I	981	5	2	16	16	2	Объятия смерти	image_naruchi55	61,0,48,0,0,55,0	14,4,10,2,4,15,8	0	0,0,40,40,0	15,15,9	0-0	0
I	13481	5	2	16	16	16	Рукава Адольфа II	image_nrc_AM	0,0,0,0,0,0,0	12,0,24,24,24,0,0	3	0,0,50,50,0	16,16,28	0-0	0
I	10564	5	3	16	16	4	Налокотники чемпиона	image_naruchi500	0,0,59,0,0,48,50	13,0,25,0,0,19,19	0	0,0,60,60,0	15,15,14	0-0	0
I	10550	5	3	16	16	32	Наручи патриарха	image_nrc311	0,0,30,68,73,0,0	0,0,16,30,30,0,0	0	0,0,46,46,0	22,22,14	0-0	0
I	13370	5	6	16	16	63	Браслеты Максимиллиана II	image_nrc_AB	0,0,0,0,0,0,0	14,0,24,1,1,24,20	3	0,0,75,75,0	14,14,14	0-0	0
I	13524	5	6	16	16	63	Ледяные наручи МК2	image_nrc_i	0,0,0,0,0,0,0	14,14,14,14,14,14,14	3	20,20,20,20,20	9,9,9	0-0	0
I	13364	5	6	16	16	63	Наручи Ингрид II	image_nrc_AR	0,0,0,0,0,0,0	16,16,16,1,1,24,10	3	0,0,61,61,0	18,18,18	0-0	0
I	13376	5	6	16	16	63	Рукава Адольфа II	image_nrc_AM	0,0,0,0,0,0,0	12,0,24,24,24,0,0	3	0,0,50,50,0	16,16,28	0-0	0
I	10192	5	1	17	17	1	Браслеты золотого Феникса	image_naruchi66	39,69,24,0,0,59,0	8,12,8,0,0,16,0	0	0,0,31,31,0	13,13,8	0-0	0
I	10019	5	1	17	17	16	Браслеты святого слова	image_naruchi43	54,0,55,56,0,0,0	10,6,12,8,8,0,0	0	0,0,36,36,0	9,9,10	0-0	0
I	11058	5	1	17	17	32	Длинные рукава могущества	image_nrc18	0,0,37,76,83,0,0	0,0,10,17,17,0,0	0	0,0,25,25,0	13,13,12	0-0	0
I	10197	5	1	17	17	4	Налокотники античного витязя	image_naruchi67	20,0,61,0,0,51,53	0,0,14,0,2,14,14	0	0,0,43,43,0	10,10,4	0-0	0
I	13158	5	1	17	17	2	Налокотники ночного хищника	image_nrc17lvl_var	71,0,55,0,0,62,0	12,0,12,0,0,12,8	0	0,0,30,30,0	15,15,6	0-0	0
I	10022	5	1	17	17	8	Наручи древнего колосса	image_naruchi38	51,0,86,0,0,20,35	9,6,15,0,0,6,8	0	0,0,49,49,0	10,10,0	0-0	0
I	10527	5	2	17	17	16	Наручи святой Инквизиции	image_nrc300	54,0,55,56,0,0,0	15,10,15,15,15,0,0	0	0,0,32,32,0	16,16,14	0-0	0
I	10529	5	2	17	17	4	Наручи чемпиона	image_nrc302	20,0,61,0,0,51,53	12,0,20,0,5,17,16	0	0,0,47,47,0	13,13,8	0-0	0
I	10528	5	2	17	17	8	Штурмовые наручи непреклонной силы	image_nrc301	51,0,86,0,0,20,35	14,14,16,0,0,10,16	0	0,0,50,50,0	13,13,6	0-0	0
I	10556	5	3	17	17	1	Налокотники лесных теней	image_nrc312	39,69,24,0,0,59,0	15,26,15,0,0,23,0	0	0,0,51,51,0	21,21,21	0-0	0
I	11993	5	3	17	17	32	Наручи небесной энергии	image_nrcmag17	0,0,37,76,83,0,0	0,0,15,32,32,0,0	0	10,10,41,41,10	20,20,19	0-0	0
I	10329	5	3	17	17	2	Наручи рыцарей ночи	image_naruchi89	71,0,55,0,0,62,0	19,10,18,0,0,22,10	0	0,0,76,76,0	16,16,11	0-0	0
I	10534	5	3	17	17	8	Священные налокотники Титана	image_nrc310	51,0,86,0,0,20,35	17,10,20,2,2,10,18	0	0,0,70,70,0	19,19,11	0-0	0
I	11168	5	5	17	17	63	Руки Дракона 2024	image_nrc_dracon	0,0,0,0,0,0,0	0,0,60,0,0,0,0	4	40,40,40,40,40	28,28,28	0-0	0
I	13561	5	6	17	17	63	Ледяные наручи МК3	image_nrc_i	0,0,0,0,0,0,0	17,17,17,17,17,17,17	3	30,30,30,30,30	15,15,15	0-0	0
I	13736	5	1	18	18	2	Браслеты ночного хищника	image_nrc18var	74,0,62,0,0,66,0	13,6,12,0,3,15,5	0	0,0,43,43,0	13,13,2	0-0	0
I	10023	5	1	18	18	32	Браслеты равновесия элементов	image_naruchi39	0,0,41,80,83,0,0	0,0,10,22,22,0,0	0	0,0,26,26,0	14,14,12	0-0	0
I	13738	5	1	18	18	8	Налокотники древнего колосса	image_nrc18djag	53,0,88,0,0,27,35	12,8,16,0,2,4,12	0	0,0,60,60,0	6,6,0	0-0	0
I	13737	5	1	18	18	4	Наручи античного витязя	image_nrc18shield	20,0,63,0,0,60,60	7,0,15,1,1,15,15	0	0,0,55,55,0	7,7,2	0-0	0
I	13326	5	1	18	18	1	Наручи золотого Феникса	image_naruchi41	40,71,31,0,0,62,0	12,15,4,0,0,15,8	0	0,0,37,37,0	10,10,10	0-0	0
I	13330	5	1	18	18	16	Наручи святого слова	image_nrc18jrec	63,0,57,62,0,0,0	10,0,12,11,14,0,7	0	0,0,43,43,0	10,10,6	0-0	0
I	11056	5	2	18	18	1	Налокотники Соколиной Охоты	image_nrc16	40,71,31,0,0,62,0	16,20,13,3,0,20,10	0	0,0,40,40,0	17,17,15	0-0	0
I	13551	5	2	18	18	32	Налокотники патриарха	image_nrc18_mage	0,0,41,80,83,0,0	0,0,20,28,34,0,0	0	0,0,40,40,0	17,17,15	0-0	0
I	11062	5	2	18	18	2	Наручи горных владык	image_nrc18_var	74,0,62,0,0,66,0	22,10,18,0,0,22,10	0	0,0,50,50,0	15,15,11	0-0	0
I	11060	5	3	18	18	16	Наручи абсолютного познания	image_nrc18_priest	63,0,57,62,0,0,0	20,10,20,20,20,0,5	0	0,0,66,66,0	20,20,18	0-0	0
I	11057	5	3	18	18	4	Тяжелые наручи Монолита	image_nrc17	20,0,63,0,0,60,60	10,0,25,5,5,25,25	0	0,0,80,80,0	16,16,14	0-0	0
I	13621	5	6	18	18	63	Ледяные наручи МК4	image_nrc_i	0,0,0,0,0,0,0	21,21,21,21,21,21,21	4	40,40,40,40,40	25,25,25	0-0	0
I	11796	5	7	18	18	32	Батистовые напульсники Чудотворца	image_nrc19rat_mage	0,0,41,80,83,0,0	0,0,28,51,51,0,0	0	0,0,75,75,0	30,30,30	0-0	0
I	11772	5	7	18	18	2	Демонические наручи кровожадности	image_nrc19rat_var	74,0,62,0,0,66,0	40,10,20,0,0,40,20	0	0,0,72,72,0	45,45,12	0-0	0
I	11778	5	7	18	18	1	Налокотники Лесного Сумрака	image_nrc19rat_rang	40,71,31,0,0,62,0	20,35,15,0,5,35,20	0	9,0,60,60,0	45,45,17	0-0	0
I	11766	5	7	18	18	8	Наручи Лиловых Теней	image_nrc19rat_djag	53,0,88,0,0,27,35	30,15,40,0,5,10,30	0	0,0,99,99,0	27,27,18	0-0	0
I	11790	5	7	18	18	16	Платиновые наручи Апостола	image_nrc19rat_priest	63,0,57,62,0,0,0	25,10,30,25,30,0,10	0	0,0,76,76,0	28,28,32	0-0	0
I	11784	5	7	18	18	4	Сияющие наручи полудня	image_nrc19rat_shield	20,0,63,0,0,60,60	15,0,35,0,5,35,40	0	0,0,85,85,0	31,31,22	0-0	0
I	11059	5	1	19	19	32	Налокотники великого волшебника	image_nrc19	0,0,46,85,90,0,0	0,0,19,25,26,0,0	0	0,0,34,34,0	15,15,10	0-0	0
I	10018	5	1	19	19	1	Наручи Древних	image_nrc18rang	44,73,36,0,0,64,0	12,19,11,1,3,18,6	0	0,0,40,40,0	18,18,2	0-0	0
I	10021	5	1	19	19	4	Наручи броненосца	image_naruchi42	20,0,69,0,0,68,67	15,0,17,1,3,17,17	0	0,0,54,54,0	11,11,2	0-0	0
I	10020	5	1	19	19	2	Наручи ночного хищника	image_naruchi40	78,0,71,0,0,69,0	16,5,14,5,5,16,9	0	0,0,56,56,0	15,5,2	0-0	0
I	11061	5	1	19	19	16	Тяжелые наручи великомученика	image_nrc18_priest2	70,0,62,69,0,0,0	17,0,17,18,18,0,0	0	0,0,46,46,0	12,12,6	0-0	0
I	13060	5	1	19	19	8	Штурмовые наручи кавалериста	image_nrc19djag	55,0,94,0,0,35,38	18,12,23,0,0,0,17	0	0,0,60,60,0	8,8,2	0-0	0
I	13493	5	2	19	19	4	Браслеты Максимиллиана III	image_nrc_AB	0,0,0,0,0,0,0	22,0,40,2,2,38,30	3	0,0,90,90,0	22,22,22	0-0	0
I	13164	5	2	19	19	16	Латные наручи епископа	image_nrc19_priest2	70,0,62,69,0,0,0	20,0,20,20,20,5,10	0	0,0,60,60,0	16,16,10	0-0	0
I	13487	5	2	19	19	1	Наручи Ингрид III	image_nrc_AR	0,0,0,0,0,0,0	26,26,26,2,2,38,14	3	0,0,73,73,0	29,29,24	0-0	0
I	13499	5	2	19	19	16	Рукава Адольфа III	image_nrc_AM	0,0,0,0,0,0,0	18,0,38,40,38,0,0	3	0,0,63,63,0	25,25,36	0-0	0
I	13332	5	3	19	19	32	Браслеты огнепоклонника	image_nrc19mage	0,0,46,85,90,0,0	0,0,27,37,57,0,0	0	20,20,30,30,20	26,26,25	0-0	0
I	13221	5	3	19	19	1	Наручи Вечной Весны	image_nrc19rar_rang	44,73,36,0,0,64,0	28,31,15,2,2,31,12	0	0,0,56,56,0	28,28,25	0-0	0
I	13220	5	3	19	19	8	Священные наручи Титана	image_nrc18rar_djag	55,0,94,0,0,35,38	23,18,31,3,3,18,25	0	0,0,68,68,0	25,25,21	0-0	0
I	13638	5	3	19	19	2	Смертоносные наручи Жнеца	image_nrc19_var	78,0,71,0,0,69,0	29,5,30,4,3,35,15	0	0,0,78,78,0	23,23,17	0-0	0
I	13388	5	6	19	19	63	Браслеты Максимиллиана III	image_nrc_AB	0,0,0,0,0,0,0	22,0,40,2,2,38,30	3	0,0,90,90,0	22,22,22	0-0	0
I	13800	5	6	19	19	63	Ледяные наручи МК5	image_nrc_i	0,0,0,0,0,0,0	25,25,25,25,25,25,25	5	50,50,50,50,50	30,30,30	0-0	0
I	13382	5	6	19	19	63	Наручи Ингрид III	image_nrc_AR	0,0,0,0,0,0,0	26,26,26,2,2,38,14	3	0,0,73,73,0	29,29,24	0-0	0
I	13394	5	6	19	19	63	Рукава Адольфа III	image_nrc_AM	0,0,0,0,0,0,0	18,0,38,40,38,0,0	3	0,0,63,63,0	25,25,36	0-0	0
I	11681	5	1	20	20	16	Алые нарукавники Архиепископа	image_nrc20priest	78,0,72,76,0,20,0	20,0,22,20,22,0,0	0	0,0,55,55,0	15,15,11	0-0	0
I	11680	5	1	20	20	8	Вороненые наручи Неуязвимости	image_nrc20djag	60,0,100,0,0,42,43	20,12,28,1,3,0,20	0	0,0,70,70,0	10,10,8	0-0	0
I	11682	5	1	20	20	32	Зарукавья Патриарха Тьмы	image_nrc20mage	0,0,51,91,98,0,0	0,0,20,32,32,0,0	0	0,0,46,46,0	16,16,16	0-0	0
I	11679	5	1	20	20	4	Лазурные наручи Победоносца	image_nrc20shield	20,0,78,0,0,77,75	0,0,25,2,5,22,30	0	0,0,65,65,0	11,11,10	0-0	0
I	11678	5	1	20	20	2	Налокотники Красной Орды	image_nrc20var	86,0,81,0,0,76,0	25,7,15,0,2,25,10	0	0,0,60,60,0	15,15,8	0-0	0
I	11677	5	1	20	20	1	Наручи Древних лесных владык	image_nrc20rang	50,80,43,0,0,71,0	15,22,12,3,2,20,10	0	0,0,50,50,0	20,20,8	0-0	0
I	2533	5	1	20	20	63	Подводные рукава	image_nrc_aqua	0,0,0,0,0,0,0	0,0,0,0,0,0,0	0	0,0,0,0,0	0,0,0	0-0	0
I	2515	5	2	20	20	63	Подводные рукава Атакующих	image_nrc_aqua	50,0,43,0,0,71,0	38,26,26,4,4,44,19	0	0,0,79,79,0	30,30,13	0-0	0
I	2521	5	2	20	20	63	Подводные рукава Защитников	image_nrc_aqua	20,0,78,0,0,42,43	27,13,44,5,5,30,37	0	0,0,81,81,0	26,26,17	0-0	0
I	2527	5	2	20	20	63	Подводные рукава Поддержки	image_nrc_aqua	0,0,51,76,0,0,0	18,11,33,38,54,0,7	0	0,0,63,63,0	29,29,25	0-0	0
I	10710	5	3	20	20	2	Налокотники Адского Сатаны	image_nrc_megavar	86,0,81,0,0,76,0	37,16,32,4,4,45,23	0	30,0,57,57,0	35,35,11	0-0	0
I	10745	5	3	20	20	16	Налокотники Лунного Грифона	image_naruchi0002	78,0,72,76,0,20,0	33,20,33,26,35,0,14	0	0,0,78,78,0	29,29,15	0-0	0
I	10756	5	3	20	20	32	Наручи Алого Феникса	image_naruchi0003	0,0,51,91,98,0,0	0,0,30,56,75,0,0	0	0,0,62,62,0	31,31,23	0-0	0
I	10733	5	3	20	20	4	Наручи Золотой Черепахи	image_nrc12	20,0,78,0,0,77,75	23,0,42,6,6,42,42	0	0,0,68,68,0	28,28,23	0-0	0
I	10699	5	3	20	20	1	Наручи Лазурного Дракона	image_nrc13	50,80,43,0,0,71,0	40,35,19,4,4,43,16	0	21,0,70,70,0	27,27,16	0-0	0
I	10722	5	3	20	20	8	Наручи Черного Единорога	image_nrc_megadjag	60,0,100,0,0,42,43	32,26,45,3,3,20,32	0	0,0,89,89,0	25,25,13	0-0	0
I	529	5	5	20	20	63	Наручи Змеееда	image_nrc_snake2025	0,0,0,0,0,0,0	56,40,56,44,44,40,56	7	0,0,202,202,0	25,25,26	0-0	0
I	523	5	5	20	20	63	Наручи Кролика	image_nrc_bunny	0,0,0,0,0,0,0	44,56,40,40,44,56,56	7	0,0,186,186,0	30,30,30	0-0	0
I	517	5	5	20	20	63	Наручи Тигромана	image_nrc_tiger	0,0,0,0,0,0,0	48,48,48,48,48,48,48	7	0,0,151,151,0	40,40,40	0-0	0
I	13835	5	5	20	20	2	Новогодние рукава Атакующих	image_naruchi73	50,0,43,0,0,71,0	30,25,15,5,5,26,14	2	0,0,63,63,0	20,20,8	0-0	0
I	13840	5	5	20	20	8	Новогодние рукава Защитников	image_naruchi73	20,0,78,0,0,42,43	20,12,28,2,5,23,30	2	0,0,78,78,0	11,11,10	0-0	0
I	13846	5	5	20	20	16	Новогодние рукава Поддержки	image_naruchi73	0,0,51,76,0,0,0	30,0,24,33,33,0,0	2	0,0,60,60,0	17,17,14	0-0	0
I	13820	5	6	20	20	63	Ледяные наручи МК6	image_nrc_i	0,0,0,0,0,0,0	35,35,35,35,35,35,35	5	60,60,60,60,60	40,40,40	0-0	0
I	13089	5	1	21	21	4	Латные наручи яркого Восхода	image_nrc21gos_shield	20,0,83,0,0,82,80	5,0,30,5,5,27,32	0	0,0,74,74,0	15,15,13	0-0	0
I	13091	5	1	21	21	16	Наручи Гармонии духа	image_nrc21gos_priest	83,0,77,81,0,20,0	24,0,24,26,25,0,5	0	0,0,60,60,0	19,19,17	0-0	0
I	13087	5	1	21	21	1	Наручи из Рощи вурдалаков	image_nrc21gos_rang	55,85,45,0,0,76,0	18,25,15,5,5,24,12	0	0,0,60,60,0	22,22,13	0-0	0
I	13090	5	1	21	21	8	Сегментные наручи Бесстрашия	image_nrc21gos_djag	65,0,105,0,0,47,48	20,15,30,5,5,0,29	0	0,0,74,74,0	15,15,13	0-0	0
I	13088	5	1	21	21	2	Трубчатые наручи Бесконечной Битвы	image_nrc21gos_var	91,0,86,0,0,87,0	30,10,18,0,5,29,12	0	0,0,65,65,0	18,18,15	0-0	0
I	13092	5	1	21	21	32	Элегантные рукава Безмятежности	image_nrc21gos_mage	0,0,56,96,103,0,0	0,0,25,39,40,0,0	0	0,0,57,57,0	19,19,19	0-0	0
I	13511	5	2	21	21	4	Браслеты Максимиллиана IV	image_nrc_AB	0,0,0,0,0,0,0	34,0,62,3,3,58,48	3	0,0,128,128,0	34,34,34	0-0	0
I	11438	5	2	21	21	16	Зарукавья Лунного Грифона	image_nrc24	83,0,77,81,0,20,0	35,20,46,36,36,0,20	0	0,0,78,78,0	30,30,35	0-0	0
I	11436	5	2	21	21	4	Налокотники Золотой Черепахи	image_nrc21	20,0,83,0,0,82,80	25,0,51,7,7,52,51	0	26,0,80,80,0	30,30,25	0-0	0
I	11434	5	2	21	21	1	Налокотники Изумрудного Дракона	image_nrc20	55,85,45,0,0,76,0	40,45,30,5,5,45,23	0	26,0,70,70,0	35,35,25	0-0	0
I	11437	5	2	21	21	8	Налокотники Черного Единорога	image_nrc22	65,0,105,0,0,47,48	40,25,56,6,6,20,40	0	0,41,90,90,0	25,25,20	0-0	0
I	11439	5	2	21	21	32	Нарукавники Алого Феникса	image_nrc25	0,0,56,96,103,0,0	0,0,43,75,75,0,0	0	0,0,82,82,0	31,31,31	0-0	0
I	11435	5	2	21	21	2	Наручи Адского Сатаны	image_nrc23	91,0,86,0,0,87,0	46,22,40,5,5,50,25	0	41,0,70,70,0	35,35,20	0-0	0
I	13505	5	2	21	21	1	Наручи Ингрид IV	image_nrc_AR	0,0,0,0,0,0,0	40,40,40,3,3,58,24	3	0,0,100,100,0	45,45,38	0-0	0
I	13517	5	2	21	21	16	Рукава Адольфа IV	image_nrc_AM	0,0,0,0,0,0,0	28,0,58,62,60,0,0	3	0,0,87,87,0	38,38,56	0-0	0
I	13406	5	6	21	21	63	Браслеты Максимиллиана IV	image_nrc_AB	0,0,0,0,0,0,0	34,0,62,3,3,58,48	3	0,0,128,128,0	34,34,34	0-0	0
I	13875	5	6	21	21	63	Ледяные наручи MK7	image_nrc_i	0,0,0,0,0,0,0	42,42,42,42,42,42,42	6	75,75,75,75,75	50,50,50	0-0	0
I	13400	5	6	21	21	63	Наручи Ингрид IV	image_nrc_AR	0,0,0,0,0,0,0	40,40,40,3,3,58,24	3	0,0,100,100,0	45,45,38	0-0	0
I	13412	5	6	21	21	63	Рукава Адольфа IV	image_nrc_AM	0,0,0,0,0,0,0	28,0,58,62,60,0,0	3	0,0,87,87,0	38,38,56	0-0	0
I	2742	5	1	22	22	32	Браслеты Наставника	image_nrc_22mage	0,0,63,103,111,0,0	0,0,30,47,48,0,0	0	0,0,94,94,0	29,29,20	0-0	0
I	2738	5	1	22	22	2	Наручи Избранника Хаоса	image_nrc_22var	98,0,90,0,0,94,0	36,12,22,0,5,35,15	0	0,0,112,112,0	23,23,16	0-0	0
I	2740	5	1	22	22	8	Наручи Командора	image_nrc_22djag	70,0,110,0,0,52,53	27,16,36,5,5,0,36	0	0,0,134,134,0	15,15,12	0-0	0
I	2739	5	1	22	22	4	Наручи Мечлеома	image_nrc_22shield	20,0,89,0,0,88,88	0,0,37,5,5,36,42	0	0,0,128,128,0	18,18,12	0-0	0
I	2741	5	1	22	22	16	Наручи Праведника	image_nrc_22priest	90,0,84,87,0,20,0	30,0,30,35,30,0,0	0	0,0,112,112,0	23,23,16	0-0	0
I	2737	5	1	22	22	1	Наручи Сумеречного Леса	image_nrc_22luch	60,90,48,0,0,82,0	21,31,17,5,5,31,15	0	0,0,107,107,0	27,27,14	0-0	0
I	2473	5	2	22	22	2	Руки Падшего Варвара MK1	image_nrc_spawn	98,0,90,0,0,94,0	65,20,42,0,10,65,30	0	0,0,112,112,0	34,34,32	0-0	0
I	2488	5	2	22	22	8	Руки Падшего Джаггернаута MK1	image_nrc_spawn	70,0,110,0,0,52,53	36,5,75,5,5,65,41	0	0,0,138,138,0	30,30,20	0-0	0
I	2494	5	2	22	22	16	Руки Падшего Жреца MK1	image_nrc_spawn	90,0,84,87,0,20,0	50,0,60,52,60,0,10	0	0,0,103,103,0	40,40,30	0-0	0
I	2510	5	2	22	22	32	Руки Падшего Мага MK1	image_nrc_spawn	0,0,63,103,111,0,0	0,0,58,91,83,0,0	0	20,0,80,80,0	39,39,40	0-0	0
I	2482	5	2	22	22	4	Руки Падшего Мастера щита MK1	image_nrc_spawn	20,0,89,0,0,88,88	12,0,65,10,10,65,70	0	0,0,122,122,0	32,32,28	0-0	0
I	2466	5	2	22	22	1	Руки Падшего Рейнджера MK1	image_nrc_spawn	60,90,48,0,0,82,0	40,51,30,10,10,65,26	0	0,0,100,100,0	43,43,28	0-0	0
I	50582	5	5	22	22	32	Кандалы Госпожи	image_nrc_misstress	0,0,0,0,0,0,0	60,60,65,65,55,65,65	5	0,0,195,195,0	60,60,33	0-0	0
I	2324	5	5	22	22	63	Хрононаручи	image_nrc_chrono	0,0,0,0,0,0,0	60,85,70,75,100,75,80	2	40,50,55,55,50	80,80,65	0-0	0
I	11847	5	7	22	22	4	Золотые наручи Воеводы	image_nrc20+shield	20,0,89,0,0,88,88	35,0,73,5,6,75,75	0	51,0,100,100,50	62,62,48	0-0	0
I	11865	5	7	22	22	32	Муслиновые напульсники Волхва	image_nrc20+mage	0,0,63,103,111,0,0	0,0,72,99,98,0,0	0	0,0,85,85,41	68,68,70	0-0	0
I	11859	5	7	22	22	16	Наручи Кровавого Прелата	image_nrc20+priest	90,0,84,87,0,20,0	55,20,60,55,60,0,19	0	70,0,90,90,0	62,62,65	0-0	0
I	11841	5	7	22	22	2	Наручи Северного Вандала	image_nrc20+var	98,0,90,0,0,94,0	75,25,46,3,5,75,40	0	70,0,90,90,0	77,77,45	0-0	0
I	11853	5	7	22	22	8	Наручи Серебряного Зубра	image_nrc20+djag	70,0,110,0,0,52,53	65,30,77,5,5,21,66	0	0,0,175,175,0	55,55,41	0-0	0
I	11835	5	7	22	22	1	Шагреневые налокотники Конкистадора	image_nrc20+rang	60,90,48,0,0,82,0	50,70,37,5,5,66,36	0	48,0,75,75,0	90,90,45	0-0	0
I	2787	5	2	23	23	2	Призрачные наручи Атамана	image_nrc_ghost4	65,0,51,0,0,88,0	90,36,55,6,6,100,47	3	0,0,175,175,0	85,85,50	0-0	0
I	2799	5	2	23	23	32	Призрачные наручи Властелина	image_nrc_ghost6	0,0,71,94,0,0,0	0,0,84,126,130,0,0	3	0,0,175,175,0	70,70,70	0-0	0
I	2763	5	2	23	23	1	Призрачные наручи Завоевателя	image_nrc_ghost1	65,0,51,0,0,88,0	60,80,50,6,6,100,38	3	0,0,175,175,0	85,85,50	0-0	0
I	2793	5	2	23	23	8	Призрачные наручи Исполина	image_nrc_ghost5	20,0,95,0,0,57,58	78,20,105,6,6,45,80	3	0,0,220,220,0	70,70,40	0-0	0
I	2775	5	2	23	23	16	Призрачные наручи Кардинала	image_nrc_ghost3	0,0,71,94,0,0,0	83,0,83,72,72,0,30	3	0,0,175,175,0	70,70,70	0-0	0
I	2769	5	2	23	23	4	Призрачные наручи Полководца	image_nrc_ghost2	20,0,95,0,0,57,58	48,0,90,6,6,100,90	3	0,0,220,220,0	70,70,40	0-0	0
I	2590	5	2	23	23	2	Руки Падшего Варвара MK2	image_nrc_spawn2	106,0,94,0,0,102,0	75,25,50,0,10,78,42	0	0,0,160,160,0	65,65,45	0-0	0
I	2602	5	2	23	23	8	Руки Падшего Джаггернаута MK2	image_nrc_spawn2	75,0,115,0,0,57,58	45,10,90,5,5,78,47	0	0,0,200,200,0	45,45,45	0-0	0
I	2608	5	2	23	23	16	Руки Падшего Жреца MK2	image_nrc_spawn2	97,0,91,94,0,20,0	55,0,70,70,70,0,15	0	0,0,141,141,0	70,70,51	0-0	0
I	2614	5	2	23	23	32	Руки Падшего Мага MK2	image_nrc_spawn2	0,0,71,111,120,0,0	0,0,70,100,110,0,0	0	25,0,100,100,0	70,70,70	0-0	0
I	2596	5	2	23	23	4	Руки Падшего Мастера щита MK2	image_nrc_spawn2	20,0,95,0,0,95,92	15,0,75,10,10,78,92	0	0,0,175,175,0	50,50,55	0-0	0
I	2583	5	2	23	23	1	Руки Падшего Рейнджера MK2	image_nrc_spawn2	65,98,51,0,0,88,0	50,65,35,10,10,78,32	0	0,0,140,140,0	75,75,45	0-0	0
I	2567	5	5	23	23	32	Браслеты Провидца	image_nrc_mageprise	0,0,71,111,120,0,0	0,0,70,105,110,0,0	2	0,0,112,112,0	65,65,65	0-0	0
I	2563	5	5	23	23	2	Налокотники Экспансии	image_nrc_varprise	106,0,94,0,0,102,0	77,30,46,5,5,82,40	2	0,0,137,137,0	70,70,30	0-0	0
I	2564	5	5	23	23	4	Наручи Болотных огней	image_nrc_shieldprise	20,0,95,0,0,95,92	40,0,76,5,5,82,77	2	0,0,162,162,0	55,55,35	0-0	0
I	2566	5	5	23	23	16	Наручи Еретика	image_nrc_priestprise	97,0,91,94,0,20,0	70,0,70,60,60,0,25	2	0,0,142,142,0	50,50,65	0-0	0
I	2565	5	5	23	23	8	Наручи Лазоревого Тура	image_nrc_djagprise	75,0,115,0,0,57,58	65,20,85,5,5,40,65	2	0,0,172,172,0	50,50,35	0-0	0
I	2562	5	5	23	23	1	Наручи Небесной Армады	image_nrc_rangprise	65,98,51,0,0,88,0	50,70,41,5,5,82,32	2	0,0,127,127,0	75,75,30	0-0	0
I	2638	5	6	24	24	2	Руки Падшего Варвара MK3	image_nrc_spawn3	114,0,100,0,0,111,0	88,30,60,0,12,96,50	0	0,0,192,192,0	78,78,54	0-0	0
I	2650	5	6	24	24	8	Руки Падшего Джаггернаута MK3	image_nrc_spawn3	80,0,120,0,0,63,63	54,12,108,6,6,96,54	0	0,0,240,240,0	54,54,54	0-0	0
I	2656	5	6	24	24	16	Руки Падшего Жреца MK3	image_nrc_spawn3	100,0,102,100,0,20,0	66,0,84,84,84,0,18	0	0,0,171,171,0	84,84,60	0-0	0
I	2662	5	6	24	24	32	Руки Падшего Мага MK3	image_nrc_spawn3	0,0,79,120,126,0,0	0,0,84,120,132,0,0	0	30,0,120,120,0	84,84,84	0-0	0
I	2644	5	6	24	24	4	Руки Падшего Мастера щита MK3	image_nrc_spawn3	20,0,100,0,0,107,98	18,0,90,12,12,96,108	0	0,0,210,210,0	60,60,66	0-0	0
I	2631	5	6	24	24	1	Руки Падшего Рейнджера MK3	image_nrc_spawn3	70,106,55,0,0,94,0	60,78,40,12,12,96,38	0	0,0,168,168,0	90,90,54	0-0	0
I	10565	6	1	0	0	63	Льняной пояс	image_beltlen	0,0,0,0,0,0,0	0,0,0,0,1,0,0	0	0,2,0,0,0	0,0,0	0-0	0
I	9019	6	1	1	1	8	Войлочный пояс	image_blt5	0,0,3,0,0,0,0	0,1,1,0,0,0,0	0	0,1,0,0,0	1,1,0	0-0	0
I	9018	6	1	1	1	1	Простой кожаный пояс	image_beltvar	3,0,0,0,0,0,0	1,0,1,0,0,0,0	0	0,1,0,0,0	1,1,0	0-0	0
I	9020	6	1	1	1	16	Шелковый пояс	image_blt0001	0,0,0,2,0,0,0	0,0,1,1,0,0,0	0	0,1,0,0,0	1,1,0	0-0	0
I	10216	6	5	2	2	4	Пояс начинающего мастера щита	image_belt63	0,0,0,0,0,0,0	0,0,2,0,0,2,1	0	0,2,0,0,0	0,0,0	0-0	0
I	10629	6	1	3	3	16	Атласный пояс	image_blt8	0,0,0,4,0,0,0	0,0,1,2,1,0,0	0	0,2,0,0,0	0,0,0	0-0	0
I	10627	6	1	3	3	2	Пояс мясника	image_blt6	5,0,0,0,0,4,0	1,0,1,0,0,2,0	0	0,2,0,0,0	0,0,0	0-0	0
I	10628	6	1	3	3	4	Пояс охранника	image_blt7	0,0,5,0,0,0,0	0,1,2,0,0,0,1	0	0,2,0,0,0	0,0,0	0-0	0
I	28	6	1	4	4	32	Веревочный пояс	image_belt14	0,0,0,9,12,0,0	0,0,1,2,2,0,0	0	0,3,0,0,0	0,0,0	0-0	0
I	29	6	1	4	4	8	Легкий кожаный пояс	image_belt10	0,0,5,0,0,0,6	0,0,1,0,0,2,2	0	0,3,0,0,0	0,0,0	0-0	0
I	30	6	1	4	4	1	Пояс скелетов	image_belt6	6,0,0,0,0,4,0	2,0,1,0,0,2,0	0	0,3,0,0,0	0,0,0	0-0	0
I	31	6	1	5	5	16	Пояс из сыромятной кожи	image_belt3	8,0,0,6,0,0,0	1,0,0,1,4,0,0	0	0,4,0,0,0	0,0,0	0-0	0
I	33	6	1	5	5	1	Пояс разведчика	image_blt5rang	0,8,0,0,0,5,0	1,1,2,0,0,2,0	0	0,4,0,0,0	0,0,0	0-0	0
I	10630	6	1	5	5	32	Пояс ученика	image_blt9	0,0,0,10,16,0,0	0,0,2,2,2,0,0	0	0,2,0,0,0	0,1,0	0-0	0
I	13646	6	1	5	5	2	Ремень рубаки	image_belt11	12,0,0,0,0,8,0	2,0,2,0,0,2,0	0	0,4,0,0,0	0,0,0	0-0	0
I	32	6	1	5	5	8	Укрепленный кожаный пояс	image_belt1	6,0,8,0,0,0,0	2,1,2,0,0,1,0	0	0,4,0,0,0	0,0,0	0-0	0
I	13647	6	1	5	5	4	Усиленный кожаный пояс	image_blt5priest	0,0,8,0,0,0,8	0,0,2,0,0,2,2	0	0,4,0,0,0	0,0,0	0-0	0
I	13018	6	6	5	5	32	Кушак фокусника	image_belt53	0,0,0,13,10,0,0	0,0,2,3,3,0,0	0	0,5,0,0,0	2,2,0	0-0	0
I	13037	6	6	5	5	8	Пояс борца	image_belt56	5,0,8,0,0,0,0	1,2,3,0,0,0,2	0	0,9,0,0,0	1,1,0	0-0	0
I	13028	6	6	5	5	4	Ремень заступника	image_belt57	0,0,8,0,0,0,8	0,0,2,0,0,3,3	0	0,9,0,0,0	1,1,0	0-0	0
I	10631	6	1	6	6	4	Бронзовый пояс	image_blt10	0,0,12,0,0,8,8	0,0,3,0,0,2,2	0	0,8,0,0,0	1,1,0	0-0	0
I	11932	6	1	6	6	8	Железный пояс	image_blt6djag	6,0,12,0,0,0,6	2,0,3,0,0,0,2	0	0,8,0,0,0	1,1,0	0-3	0
I	11936	6	1	6	6	32	Ремень заклинателя	image_belt6mag	0,0,0,15,20,0,0	0,0,2,2,3,0,0	0	0,4,0,0,0	2,2,0	0-0	0
I	10121	6	1	6	6	2	Ремень полнолуния	image_belt51	14,0,8,0,0,8,0	3,0,1,0,0,2,1	0	0,8,0,0,0	1,1,0	0-0	0
I	13649	6	1	6	6	16	Ремень послушания	image_blt6priest	12,0,0,12,0,0,0	2,0,2,1,2,0,0	0	0,8,0,0,0	1,1,0	0-0	0
I	13648	6	1	6	6	1	Ремень следопыта	image_blt6rang	0,12,0,0,0,6,0	2,2,1,0,0,2,0	0	0,4,0,0,0	2,2,0	0-0	0
I	904	6	2	6	6	1	Хитиновый пояс	image_belt27	5,3,0,0,0,10,0	2,2,1,0,0,3,1	0	0,7,0,0,0	3,3,0	0-0	0
I	589	6	6	6	6	63	Пояс победителей турнира Высшей Лиги	image_belt26	0,0,0,0,0,0,0	5,5,5,5,5,5,5	0	10,10,10,10,10	7,7,7	0-0	0
I	13013	6	6	6	6	2	Ремень злодея	image_belt54	14,0,0,0,0,9,0	3,0,3,0,0,3,0	0	0,9,0,0,0	3,3,0	0-0	0
I	13604	6	1	7	7	4	Клепаный кожаный пояс	image_blt7_shield	0,0,15,0,0,0,13	0,0,2,0,0,3,3	0	12,0,0,0,0	1,1,0	0-0	0
I	11933	6	1	7	7	8	Легкий стальной пояс	image_blt7djag	13,0,20,0,0,0,0	3,0,3,0,0,0,2	0	0,11,0,0,0	0,1,1	0-0	0
I	35	6	1	7	7	32	Пояс заклинателя	image_belt8	0,0,0,18,23,0,0	0,0,2,3,3,0,0	0	0,4,0,0,0	3,3,0	0-0	0
I	34	6	1	7	7	16	Пояс священника	image_belt17	14,0,0,18,0,0,0	1,0,1,2,4,0,0	0	0,5,0,0,0	2,2,1	0-0	0
I	10632	6	1	7	7	1	Пояс следопыта	image_blt11	0,14,0,0,0,6,0	2,2,2,0,0,2,0	0	0,4,0,0,0	3,3,0	0-0	0
I	13605	6	1	7	7	2	Ремень затмения	image_blt7_var	18,0,11,0,0,12,0	3,0,2,0,0,3,0	0	8,0,0,0,0	2,2,0	0-0	0
I	917	6	2	7	7	8	Белый пояс	image_belt29	0,0,20,0,0,0,8	3,0,3,0,0,3,2	0	0,10,0,0,0	2,2,1	0-0	0
I	437	6	2	7	7	1	Зеленый кожаный пояс	image_belt71	0,0,0,0,0,0,0	4,0,4,0,0,0,0	0	0,46,0,0,0	0,0,0	0-0	0
I	13053	6	6	7	7	16	Пояс диакона	image_belt55	14,0,0,18,0,0,0	1,0,2,4,4,0,0	0	0,13,0,0,0	3,3,0	0-0	0
I	13008	6	6	7	7	1	Пояс молодого охотника	image_belt52	0,18,0,0,0,12,0	3,3,1,0,0,3,1	0	0,10,0,0,0	3,3,1	0-0	0
I	37	6	1	8	8	1	Лазурный пояс	image_belt12	11,27,0,0,0,22,0	2,3,2,0,0,2,0	0	0,9,0,0,0	3,3,0	0-0	0
I	36	6	1	8	8	2	Пояс затмения	image_belt9	27,0,14,0,0,18,0	3,0,3,0,0,3,0	0	0,9,0,0,0	3,3,0	0-0	0
I	13606	6	1	8	8	8	Пояс защитника	image_blt8_djag	16,0,29,0,0,0,12	3,0,3,0,0,0,3	0	0,10,0,0,0	2,2,1	0-0	0
I	13272	6	1	8	8	32	Пояс посвященного	image_blt8mage	0,0,12,22,27,0,0	0,0,3,3,3,0,0	0	0,5,0,0,0	4,4,0	0-0	0
I	11013	6	1	8	8	16	Ремень священника	image_blt17	21,0,17,22,0,0,0	2,0,2,2,3,0,0	0	0,9,0,0,0	3,3,0	0-0	0
I	13269	6	1	8	8	4	Стальной пояс щитоносца	image_blt8shield	0,0,27,0,0,12,22	0,0,3,0,0,3,3	0	0,17,0,0,0	1,1,0	0-0	0
I	10140	6	3	8	8	32	Кушак иллюзиониста	image_belt53	0,0,12,22,27,0,0	0,0,3,5,5,0,0	0	0,5,0,0,0	6,6,1	0-0	0
I	10168	6	3	8	8	8	Пояс воителя	image_belt56	16,0,29,0,0,0,12	3,2,5,0,0,0,3	0	0,12,0,0,0	2,2,4	0-0	0
I	10177	6	3	8	8	4	Ремень покровителя	image_belt57	0,0,27,0,0,12,22	0,0,4,0,0,5,4	0	0,16,0,0,0	4,4,0	0-0	0
I	11012	6	1	9	9	32	Колдовской пояс	image_blt16	0,0,14,26,31,0,0	0,0,4,3,3,0,0	0	0,5,0,0,0	5,5,1	0-0	0
I	10634	6	1	9	9	16	Латный пояс жреца	image_blt13	25,0,20,26,0,0,0	2,0,2,3,3,0,0	0	0,9,0,0,0	4,4,1	0-0	0
I	39	6	1	9	9	4	Прочный металлический пояс	image_belt5	0,0,31,0,0,0,25	0,0,2,0,0,4,4	0	0,14,4,0,0	4,1,0	0-0	0
I	13651	6	1	9	9	2	Ремень гномовержца	image_blt9var	30,0,17,0,0,20,0	3,0,3,0,0,3,1	0	0,13,0,0,0	3,3,1	0-0	0
I	13650	6	1	9	9	1	Ремень ренегата	image_blt9rang	12,0,30,0,0,24,0	2,3,2,0,0,3,0	0	0,10,0,0,0	3,3,2	0-0	0
I	38	6	1	9	9	8	Стальной пояс	image_belt2	19,0,34,0,0,0,14	3,2,4,0,0,1,0	0	0,14,0,0,0	2,2,2	0-0	0
I	10633	6	2	9	9	1	Пояс зверобоя	image_blt12	12,30,0,0,0,24,0	3,3,4,0,1,3,0	0	0,12,0,0,0	6,6,0	0-0	0
I	407	6	3	9	9	16	Пояс искупления	image_belt19	25,0,20,26,0,0,0	4,0,4,4,4,0,0	0	0,10,0,0,0	4,4,4	0-0	0
I	10153	6	3	9	9	2	Ремень душегуба	image_belt54	30,0,17,0,0,20,0	4,1,5,0,0,5,1	0	0,14,0,0,0	6,6,0	0-0	0
I	13654	6	1	10	10	16	Позолоченый пояс священника	image_blt10priest	26,0,25,29,0,0,0	3,0,3,3,3,0,1	0	0,13,0,0,0	4,4,1	0-0	0
I	13267	6	1	10	10	2	Пояс гномовержца	image_blt10var	35,0,21,0,0,25,0	5,0,3,0,0,5,0	0	0,16,0,0,0	4,4,0	0-0	0
I	40	6	1	10	10	32	Ремень аколита	image_belt32	0,0,17,30,36,0,0	0,0,3,5,5,0,0	0	0,5,0,0,0	6,6,1	0-0	0
I	13653	6	1	10	10	8	Ремень защитника	image_blt10djag	0,0,39,0,0,0,0	4,0,5,0,0,0,4	0	0,17,0,0,0	3,3,1	0-0	0
I	13265	6	1	10	10	1	Ремень лесного разведчика	image_blt10rang	15,34,0,0,0,28,0	3,4,2,0,0,4,0	0	0,8,0,0,0	6,6,0	0-0	0
I	13652	6	1	10	10	4	Ремень щитоносца	image_blt10shield	0,0,36,0,0,20,28	1,0,4,0,0,4,4	0	0,17,0,0,0	3,3,1	0-0	0
I	13144	6	2	10	10	4	Кованый пояс	image_belt2	0,0,36,0,0,20,28	0,0,6,0,0,6,6	0	0,23,0,0,0	4,4,1	0-0	0
I	929	6	2	10	10	2	Пояс крушителя	image_belt30	35,0,21,0,0,25,0	6,5,5,-4,-4,6,4	0	0,24,0,0,0	3,3,2	0-0	0
I	937	6	2	10	10	8	Пояс фехтования	image_belt31	0,0,39,0,0,0,0	5,5,5,0,0,0,3	0	0,23,0,0,0	4,4,1	0-0	0
I	10166	6	3	10	10	16	Пояс капеллана	image_belt55	26,0,25,29,0,0,0	4,0,4,4,4,0,2	0	0,18,0,0,0	5,5,4	0-0	0
I	10139	6	3	10	10	1	Пояс старого охотника	image_belt52	15,34,0,0,0,28,0	4,4,3,0,0,5,2	0	0,15,0,0,0	6,7,3	0-0	0
I	13273	6	1	11	11	32	Пояс аколита	image_belt13	0,0,21,35,41,0,0	0,0,5,5,7,0,0	0	0,7,0,0,0	7,7,0	0-0	0
I	42	6	1	11	11	2	Пояс темных богов	image_belt18	41,0,22,0,0,30,0	5,0,4,0,0,5,3	0	0,11,0,0,0	6,6,0	0-0	0
I	10920	6	1	11	11	4	Ремень легионера	image_blt11_shield	0,0,41,0,0,24,32	1,0,6,0,0,5,5	0	0,11,0,0,0	6,6,0	0-0	0
I	10927	6	1	11	11	8	Ремень телохранителя	image_blt11_djag	27,0,44,0,0,0,18	5,2,6,0,0,0,4	0	0,16,0,0,0	4,4,1	0-0	0
I	43	6	1	11	11	16	Ремень храмовника	image_belt15	31,0,30,35,0,0,0	3,2,4,3,5,0,0	0	0,10,0,0,0	4,4,3	0-0	0
I	41	6	1	11	11	1	Ремень эльфийского следопыта	image_belt16	18,41,0,0,0,32,0	4,5,3,0,0,5,0	0	0,11,0,0,0	6,6,0	0-0	0
I	954	6	2	11	11	32	Пояс полнолуния	image_belt32	0,0,21,35,41,0,0	0,0,3,10,10,0,0	0	0,14,0,0,5	4,4,4	0-0	0
I	44	6	1	12	12	4	Имперский пояс	image_belt4	0,0,43,0,0,30,36	3,0,5,1,0,7,7	0	0,15,0,0,0	5,5,0	0-0	0
I	13658	6	1	12	12	32	Пояс архимага	image_blt12mage	0,0,22,41,46,0,0	0,0,7,8,8,0,0	0	0,13,0,0,0	5,5,0	0-0	0
I	13656	6	1	12	12	2	Пояс гладиатора	image_blt12var	44,0,24,0,0,32,0	7,0,7,0,0,7,2	0	0,19,0,0,0	4,4,0	0-0	0
I	45	6	1	12	12	8	Пояс защиты	image_belt7	31,0,48,0,0,0,18	6,3,6,0,0,2,6	0	0,19,0,0,0	4,4,0	0-0	0
I	13657	6	1	12	12	16	Пояс храмовника	image_blt12priest	35,0,34,40,0,0,0	5,0,6,6,6,0,0	0	0,20,0,0,0	3,3,1	0-0	0
I	13655	6	1	12	12	1	Пояс эльфийского следопыта	image_blt12rang	19,42,0,0,0,34,0	5,7,4,0,0,7,0	0	0,19,0,0,0	4,4,0	0-0	0
I	10925	6	3	12	12	16	Пояс благочестивости	image_blt12_priest	35,0,34,40,0,0,0	8,4,7,8,8,3,3	0	0,20,0,0,0	8,8,4	0-0	0
I	10088	6	3	12	12	8	Пояс гордости	image_belt46	31,0,48,0,0,0,18	10,0,12,0,0,10,9	0	0,36,0,0,0	7,7,0	0-0	0
I	10080	6	3	12	12	2	Пояс красной звезды	image_belt48	44,0,24,0,0,32,0	10,4,10,0,3,10,4	0	0,25,0,0,0	6,6,5	0-0	0
I	10078	6	3	12	12	1	Пояс лесных жителей	image_belt49	19,42,0,0,0,34,0	11,11,8,0,0,11,0	0	0,20,0,0,0	11,11,0	0-0	0
I	597	6	3	12	12	32	Пояс магистра	image_belt28	0,0,22,41,46,0,0	0,0,11,14,16,0,0	0	0,18,0,0,0	7,7,6	0-0	0
I	10084	6	3	12	12	4	Пояс стража башни	image_belt47	0,0,43,0,0,30,36	9,0,12,0,0,10,10	0	0,29,0,0,0	5,5,5	0-0	0
I	440	6	1	13	13	32	Кушак хранителя легенд	image_belt24	0,0,23,45,52,0,0	0,0,5,10,10,0,0	0	0,9,0,0,0	8,8,3	0-0	0
I	442	6	1	13	13	8	Пояс доминирования	image_belt20	34,0,54,0,0,0,22	6,4,8,0,0,0,7	0	0,30,0,0,0	5,5,0	0-0	0
I	443	6	1	13	13	4	Пояс центуриона	image_belt23	0,0,48,0,0,36,40	0,0,9,0,0,8,8	0	0,18,0,0,0	8,8,0	0-0	0
I	441	6	1	13	13	2	Ремень берсерка	image_belt22	48,0,27,0,0,38,0	7,2,5,0,0,8,3	0	0,14,0,0,0	9,9,0	0-0	0
I	444	6	1	13	13	16	Ремень паладина	image_belt21	40,0,39,45,0,0,0	6,0,7,6,6,0,0	0	0,14,0,0,0	6,6,4	0-0	0
I	10919	6	1	13	13	1	Ремень проводника духов	image_blt13_ranger	22,48,10,0,0,36,0	6,7,4,1,0,7,0	0	0,14,0,0,0	9,9,0	0-0	0
I	962	6	2	13	13	8	Пояс "Твердыня"	image_belt34	34,0,54,0,0,0,22	5,4,9,3,0,6,7	0	0,31,0,0,0	6,6,4	0-0	0
I	13266	6	2	13	13	1	Пояс Золотого Ястреба	image_blt13_ranger	22,48,10,0,0,36,0	7,8,5,1,1,8,4	0	0,21,0,0,0	10,10,2	0-0	0
I	11951	6	3	13	13	1	Пояс главного егеря	image_blt13rang	22,48,10,0,0,36,0	8,10,8,2,2,10,5	0	0,23,0,0,0	15,15,4	0-0	0
I	11581	6	7	13	13	1	Кушак захватчика	image_blt31	22,48,10,0,0,36,0	8,12,7,0,2,11,0	0	0,78,0,0,0	10,10,10	0-0	0
I	11583	6	7	13	13	4	Кушак славы	image_blt34	0,0,48,0,0,36,40	4,0,12,0,0,12,12	0	0,78,0,0,0	10,10,10	0-0	0
I	11586	6	7	13	13	32	Пояс прорицателя	image_blt36	0,0,23,45,52,0,0	0,0,10,15,15,0,0	0	0,78,0,0,0	10,10,10	0-0	0
I	11585	6	7	13	13	16	Пояс шамана	image_blt35	40,0,39,45,0,0,0	10,0,10,10,10,0,0	0	0,78,0,0,0	10,10,10	0-0	0
I	11582	6	7	13	13	2	Ремень мучителя	image_blt32	48,0,27,0,0,38,0	15,0,8,0,2,15,0	0	0,78,0,0,0	10,10,10	0-0	0
I	11584	6	7	13	13	8	Ремень стойкости	image_blt33	34,0,54,0,0,0,22	10,0,15,0,0,5,10	0	0,78,0,0,0	10,10,10	0-0	0
I	13168	6	1	14	14	2	Пояс берсерка	image_blt14var	55,0,36,0,0,45,0	8,3,7,0,0,7,3	0	0,23,0,0,0	10,10,1	0-0	0
I	10187	6	1	14	14	16	Пояс паладина	image_belt59	45,0,45,50,0,0,0	6,0,6,7,6,0,3	0	0,20,0,0,0	7,7,6	0-0	0
I	545	6	1	14	14	1	Пояс проводника духов	image_belt25	25,55,14,0,0,45,0	6,8,5,0,2,7,0	0	0,15,0,0,0	12,12,1	0-0	0
I	13660	6	1	14	14	32	Ремень адепта	image_blt14_mage	0,0,25,55,62,0,0	0,0,8,10,10,0,0	0	0,20,0,0,0	10,10,2	0-0	0
I	10928	6	1	14	14	8	Ремень непреклонной силы	image_blt14_djag	39,0,62,0,0,0,28	8,4,9,0,0,0,7	0	0,26,0,0,0	10,10,0	0-0	0
I	13659	6	1	14	14	4	Ремень патрициев	image_blt14_shield	0,0,55,0,0,42,45	0,0,9,0,1,9,9	0	0,25,0,0,0	8,8,3	0-0	0
I	10921	6	3	14	14	4	Пояс Победы	image_blt14_shield	0,0,55,0,0,42,45	5,0,13,0,3,14,14	0	0,75,0,0,0	9,9,4	0-0	0
I	10923	6	3	14	14	32	Пояс мудрого адепта	image_blt14_mage	0,0,25,55,62,0,0	0,0,13,18,18,0,0	0	0,33,0,0,0	15,15,10	0-0	0
I	10917	6	3	14	14	2	Пояс темной души	image_blt14_var	55,0,36,0,0,45,0	15,3,12,0,0,14,5	0	0,65,0,0,0	10,10,6	0-0	0
I	13662	6	1	15	15	2	Пояс кровавого зова	image_blt15var	58,0,42,0,0,49,0	10,0,10,0,0,10,4	0	0,37,0,0,0	8,8,3	0-0	0
I	13664	6	1	15	15	16	Пояс миротворца	image_blt15jrec	47,0,47,52,0,0,0	8,0,8,9,9,0,0	0	0,38,0,0,0	7,7,4	0-0	0
I	13663	6	1	15	15	8	Пояс непреклонной силы	image_blt15djag	42,0,67,0,0,9,29	10,0,10,2,2,0,10	0	0,54,0,0,0	6,6,0	0-0	0
I	13270	6	1	15	15	4	Пояс патрициев	image_belt50	0,0,57,0,0,45,47	0,0,10,2,2,10,10	0	0,42,0,0,0	9,9,0	0-0	0
I	13661	6	1	15	15	1	Ремень лесного дозора	image_blt15rang	27,57,16,0,0,47,0	7,10,7,0,0,10,0	0	0,34,0,0,0	8,8,4	0-0	0
I	13274	6	1	15	15	32	Ремень могущества	image_blt15mage	0,0,27,60,69,0,0	0,0,10,12,12,0,0	0	0,32,0,0,0	10,10,2	0-0	0
I	10926	6	2	15	15	16	Пояс верховного жреца	image_blt15_priest	47,0,47,52,0,0,0	9,5,10,10,10,0,2	0	0,41,0,0,0	10,10,8	0-0	0
I	989	6	2	15	15	4	Пояс воинской доблести	image_blt15_shield	0,0,57,0,0,45,47	6,0,10,3,3,12,12	0	0,53,0,0,0	13,13,0	0-0	0
I	10365	6	2	15	15	1	Пояс лесных теней	image_belt73	27,57,16,0,0,47,0	10,12,6,0,0,12,6	0	0,37,0,0,0	14,14,4	0-0	0
I	10924	6	2	15	15	32	Пояс огнепоклонника	image_blt15_mage	0,0,27,60,69,0,0	0,0,14,16,16,0,0	0	0,35,0,0,0	10,10,10	0-0	0
I	967	6	2	15	15	2	Ремень горных владык	image_belt36	58,0,42,0,0,49,0	12,0,11,0,0,12,11	0	0,48,0,0,0	9,9,7	0-0	0
I	13637	6	3	15	15	2	Пояс пламенной боли	image_blt15_var	58,0,42,0,0,49,0	14,6,12,3,3,15,8	0	0,58,0,0,0	14,14,9	0-0	0
I	10929	6	3	15	15	8	Рыцарский пояс чести	image_blt15_djag	42,0,67,0,0,9,29	15,6,17,3,0,7,13	0	0,92,0,0,0	7,7,7	0-0	0
I	11541	6	7	15	15	4	Кушак гордости	image_blt28	0,0,57,0,0,45,47	0,0,15,0,5,25,20	0	0,50,0,0,0	20,20,10	0-0	0
I	11540	6	7	15	15	2	Кушак палача	image_blt26	58,0,42,0,0,49,0	25,0,10,0,0,25,5	0	0,40,0,0,0	30,30,0	0-0	0
I	11543	6	7	15	15	16	Пояс оракула	image_blt29	47,0,47,52,0,0,0	15,0,15,20,15,0,0	0	0,35,0,0,0	20,20,15	0-0	0
I	11544	6	7	15	15	32	Пояс пророка	image_blt30	0,0,27,60,69,0,0	0,0,20,20,25,0,0	0	10,10,10,10,10	20,20,10	0-0	0
I	11539	6	7	15	15	1	Ремень мстителя	image_blt25	27,57,16,0,0,47,0	10,20,5,0,0,25,5	0	0,40,0,0,0	30,30,0	0-0	0
I	11542	6	7	15	15	8	Ремень непреклонного	image_blt27	42,0,67,0,0,9,29	10,5,25,0,0,10,15	0	0,50,0,0,0	20,20,10	0-0	0
I	10930	6	1	16	16	8	Кавалерийский ремень	image_blt16_djag	45,0,76,0,0,15,31	11,5,13,0,0,0,9	0	0,69,0,0,0	0,0,5	0-0	0
I	10922	6	1	16	16	4	Пояс верности	image_blt16_shield	0,0,59,0,0,48,50	0,0,12,0,2,11,13	0	0,48,0,0,0	6,6,4	0-0	0
I	13174	6	1	16	16	16	Пояс крестоносца	image_blt16jrec	51,0,52,54,0,0,0	8,2,8,10,10,0,0	0	0,48,0,0,0	6,6,4	0-0	0
I	13166	6	1	16	16	1	Пояс лесного дозора	image_blt16rang	29,60,20,0,0,49,0	8,11,6,0,0,12,1	0	0,41,0,0,0	7,7,5	0-0	0
I	10201	6	1	16	16	32	Пояс повелителя бурь	image_belt61	0,0,30,68,73,0,0	0,0,10,14,14,0,0	0	0,17,0,0,0	10,10,9	0-0	0
I	10918	6	1	16	16	2	Ремень вождя	image_blt16_var	61,0,48,0,0,55,0	12,2,10,0,0,12,2	0	0,39,0,0,0	9,9,3	0-0	0
I	13241	6	2	16	16	8	Обсидиановый пояс колосса	image_blt16_djag1	45,0,76,0,0,15,31	12,4,14,2,3,5,11	0	0,75,0,0,0	6,6,5	0-0	0
I	13242	6	2	16	16	16	Пояс святой Инквизиции	image_blt16_jrec	51,0,52,54,0,0,0	9,7,10,10,11,2,2	0	0,48,0,0,0	9,9,10	0-0	0
I	659	6	3	16	16	16	Перевязь епископа	image_blt20	51,0,52,54,0,0,0	12,10,12,12,12,5,5	0	0,70,0,0,0	13,13,10	0-0	0
I	10380	6	3	16	16	1	Ремень лесных теней	image_belt77	29,60,20,0,0,49,0	11,15,10,2,5,15,10	0	0,96,0,0,0	8,8,8	0-0	0
I	10015	6	1	17	17	4	Пояс античного витязя	image_belt43	20,0,61,0,0,51,53	10,0,11,0,0,11,12	0	0,49,0,0,29	9,9,5	0-0	0
I	10014	6	1	17	17	2	Пояс ночного хищника	image_belt39	71,0,55,0,0,62,0	11,6,9,0,2,12,4	0	0,40,10,10,41	4,4,4	0-0	0
I	10013	6	1	17	17	16	Пояс святого слова	image_belt44	54,0,55,56,0,0,0	9,7,10,9,9,0,0	0	0,42,0,0,22	11,11,7	0-0	0
I	10196	6	1	17	17	8	Ремень древнего колосса	image_belt60	51,0,86,0,0,20,35	10,7,10,0,0,8,9	0	0,50,0,0,0	10,10,13	0-0	0
I	10012	6	1	17	17	1	Ремень золотого Феникса	image_belt40	39,69,24,0,0,59,0	8,11,8,1,2,12,2	0	0,30,0,0,22	14,14,7	0-0	0
I	13607	6	1	17	17	32	Ремень равновесия элементов	image_blt17_mag	0,0,37,76,83,0,0	0,0,14,15,15,0,0	0	0,40,0,0,0	14,14,11	0-0	0
I	10229	6	3	17	17	32	Пояс великого чернокнижника	image_belt64	0,0,37,76,83,0,0	0,0,17,31,31,0,0	0	0,45,0,0,0	29,29,24	0-0	0
I	10532	6	3	17	17	2	Пояс рыцарей ночи	image_blt300	71,0,55,0,0,62,0	20,0,20,5,5,20,9	0	0,62,0,0,45	21,21,14	0-0	0
I	10519	6	3	17	17	4	Пояс чемпиона	image_belt400	20,0,61,0,0,51,53	7,0,30,0,0,20,22	0	0,103,0,0,0	25,25,10	0-0	0
I	10554	6	3	17	17	8	Священный пояс Титана	image_blt401	51,0,86,0,0,20,35	17,14,20,4,4,0,20	0	0,110,0,0,0	24,24,9	0-0	0
I	11330	6	1	18	18	2	Лохмотья вестника смерти	image_blt_death	74,0,62,0,0,66,0	16,6,12,3,0,16,0	0	0,77,0,0,0	11,11,11	0-0	0
I	11324	6	1	18	18	8	Набедренная повязка дукиклопа	image_blt_raksh	53,0,88,0,0,27,35	13,9,12,4,0,5,10	0	0,112,0,0,0	6,6,6	0-0	0
I	13271	6	1	18	18	16	Позолоченный пояс святого слова	image_blt18jrec	63,0,57,62,0,0,0	13,0,14,13,13,0,0	0	0,110,0,0,0	8,8,4	0-0	0
I	13780	6	1	18	18	1	Пояс Золотого Феникса	image_blt18rang	40,71,31,0,0,62,0	12,16,9,0,0,16,0	0	0,83,0,0,0	11,11,9	0-0	0
I	13275	6	1	18	18	32	Пояс равновесия элементов	image_belt41	0,0,41,80,83,0,0	0,0,15,19,19,0,0	0	0,55,0,0,0	18,18,9	0-0	0
I	11318	6	1	18	18	4	Чешуйчатый пояс василиска	image_blt_bas	20,0,63,0,0,60,60	0,0,16,0,5,16,16	0	0,99,0,0,0	10,10,5	0-0	0
I	11113	6	2	18	18	32	Ремень великого чернокнижника	image_blt23	0,0,41,80,83,0,0	0,0,16,30,26,0,0	0	0,61,0,0,0	18,18,20	0-0	0
I	11110	6	3	18	18	16	Пояс абсолютного познания	image_belt35	63,0,57,62,0,0,0	19,10,19,20,20,0,7	0	0,124,0,0,0	22,22,22	0-0	0
I	11108	6	3	18	18	1	Ремень Вечной Весны	image_blt18	40,71,31,0,0,62,0	18,22,17,3,5,20,10	0	0,100,0,0,0	25,25,26	0-0	0
I	11111	6	1	19	19	16	Булатный пояс великомученика	image_blt21	70,0,62,69,0,0,0	15,0,18,17,18,0,0	0	0,84,0,0,0	13,13,12	0-0	0
I	13268	6	1	19	19	2	Пояс атамана	image_blt19var	78,0,71,0,0,69,0	19,10,15,0,0,19,5	0	0,80,0,0,0	14,14,12	0-0	0
I	13608	6	1	19	19	4	Пояс броненосца	image_blt19_shield	20,0,69,0,0,68,67	0,0,21,2,2,20,23	0	0,85,0,0,0	18,18,5	0-0	0
I	10017	6	1	19	19	32	Пояс великого волшебника	image_blt18mage	0,0,46,85,90,0,0	0,0,15,26,27,0,0	0	0,37,0,0,20	16,16,17	0-0	0
I	10016	6	1	19	19	8	Пояс древнего колосса	image_belt42	55,0,94,0,0,35,38	16,12,21,0,2,0,17	0	0,86,0,0,40	10,10,2	0-0	0
I	11109	6	1	19	19	1	Ремень Древних	image_blt19	44,73,36,0,0,64,0	15,19,12,3,0,19,0	0	0,76,0,0,0	15,15,12	0-0	0
I	11112	6	2	19	19	2	Кушак смертельных мук	image_blt22	78,0,71,0,0,69,0	25,10,21,0,0,28,11	0	0,93,0,0,0	35,30,0	0-0	0
I	13552	6	2	19	19	16	Латный пояс епископа	image_blt19_priest	70,0,62,69,0,0,0	20,0,25,25,25,0,0	0	0,100,0,0,0	21,21,13	0-0	0
I	11114	6	2	19	19	4	Пояс Золотого дракона	image_blt24	20,0,69,0,0,68,67	0,0,29,5,5,28,28	0	0,113,0,0,0	25,30,0	0-0	0
I	13639	6	2	19	19	8	Шипованный пояс кавалериста	image_blt15_djag2	53,0,88,0,0,27,35	25,0,32,5,5,0,28	0	0,131,0,0,0	23,23,0	0-0	0
I	11813	6	7	19	19	2	Багровый ремень кровожадности	image_blt19rat_var	78,0,71,0,0,69,0	40,0,20,0,3,40,12	0	45,70,0,0,0	55,55,15	0-0	0
I	11817	6	7	19	19	32	Золоченый пояс Чудотворца	image_blt19rat_mage	0,0,46,85,90,0,0	0,0,26,44,44,0,0	0	20,44,20,20,20	37,37,37	0-0	0
I	11816	6	7	19	19	16	Платиновый пояс Апостола	image_blt19rat_priest	70,0,62,69,0,0,0	25,10,25,25,30,0,0	0	32,70,0,0,0	38,38,42	0-0	0
I	11812	6	7	19	19	8	Пояс Лиловых Теней	image_blt19rat_djag	55,0,94,0,0,35,38	30,10,35,3,2,10,25	0	30,100,10,10,10	40,40,20	0-0	0
I	11814	6	7	19	19	1	Ремень Лесного Сумрака	image_blt19rat_rang	44,73,36,0,0,64,0	20,35,15,2,3,30,10	0	0,85,0,0,0	55,55,25	0-0	0
I	11815	6	7	19	19	4	Сияющий пояс полудня	image_blt19rat_shield	20,0,69,0,0,68,67	5,0,33,5,5,37,30	0	45,80,0,0,0	45,45,25	0-0	0
I	302717	6	9	19	19	0	Пояс Гуннара	image_blt3866	0,0,0,0,0,0,0	0,0,0,0,0,0,0	0	55,55,55,55,55	0,0,0	0-0	0
I	11716	6	1	20	20	8	Вороненый пояс Неуязвимости	image_blt20djag	60,0,100,0,0,42,43	20,12,25,0,0,10,17	0	0,100,0,0,40	15,15,0	0-0	0
I	11717	6	1	20	20	16	Золоченый ремень Архиепископа	image_blt20priest	78,0,72,76,0,20,0	20,0,22,20,22,0,0	0	0,91,0,0,0	16,16,15	0-0	0
I	11714	6	1	20	20	2	Игольчатый пояс Красной Орды	image_blt20var	86,0,81,0,0,76,0	22,8,17,0,2,25,10	0	0,85,0,0,7	0,54,0	0-0	0
I	11715	6	1	20	20	4	Лазурный кушак Победоносца	image_blt20shield	20,0,78,0,0,77,75	0,0,25,0,5,27,27	0	0,90,0,0,30	40,0,0	0-0	0
I	11718	6	1	20	20	32	Пояс Патриарха Тьмы	image_blt20mage	0,0,51,91,98,0,0	0,0,22,31,31,0,0	0	0,51,0,0,0	17,17,27	0-0	0
I	11713	6	1	20	20	1	Ремень Древних лесных владык	image_blt20rang	50,80,43,0,0,71,0	16,22,13,0,3,20,10	0	0,75,0,0,0	20,20,15	0-0	0
I	10759	6	3	20	20	32	Пояс Алого Феникса	image_blt0003	0,0,51,91,98,0,0	0,0,30,60,60,0,0	0	21,28,27,27,27	25,25,30	0-0	0
I	10702	6	3	20	20	1	Пояс Лазурного Дракона	image_blt15	50,80,43,0,0,71,0	25,35,26,3,3,37,21	0	0,120,0,0,55	25,25,15	0-0	0
I	10748	6	3	20	20	16	Пояс Лунного Грифона	image_blt0002	78,0,72,76,0,20,0	20,15,30,25,30,15,15	0	45,112,0,0,30	19,19,19	0-0	0
I	10713	6	3	20	20	2	Ремень Адского Сатаны	image_blt_megavar	86,0,81,0,0,76,0	42,11,36,3,3,40,15	0	0,65,0,0,40	30,40,25	0-0	0
I	10736	6	3	20	20	4	Ремень Золотой Черепахи	image_blt14	20,0,78,0,0,77,75	20,0,39,5,5,40,41	0	0,130,0,0,80	17,17,14	0-0	0
I	10725	6	3	20	20	8	Ремень Черного Единорога	image_blt_megadjag	60,0,100,0,0,42,43	23,20,45,5,5,17,35	0	0,110,0,0,80	22,22,14	0-0	0
I	13114	6	1	21	21	8	Защитный пояс Бесстрашия	image_blt21gos_djag	65,0,105,0,0,47,48	22,15,28,0,3,12,20	0	0,111,0,0,55	19,19,0	0-0	0
I	13115	6	1	21	21	16	Пояс Гармонии духа	image_blt21gos_priest	83,0,77,81,0,20,0	25,0,25,26,24,0,0	0	0,105,0,0,0	20,20,19	0-0	0
I	13113	6	1	21	21	4	Пояс яркого Восхода	image_blt21gos_shield	20,0,83,0,0,82,80	0,0,28,6,6,30,30	0	0,109,0,0,40	25,14,5	0-0	0
I	13116	6	1	21	21	32	Ремень Безмятежности	image_blt21gos_mage	0,0,56,96,103,0,0	0,0,27,36,37,0,0	0	0,65,0,0,0	24,24,27	0-0	0
I	13112	6	1	21	21	2	Ремень Бесконечной Битвы	image_blt21gos_var	91,0,86,0,0,87,0	25,10,20,0,5,27,13	0	0,95,0,0,15	15,42,6	0-0	0
I	13111	6	1	21	21	1	Ремень из Рощи вурдалаков	image_blt21gos_rang	55,85,45,0,0,76,0	19,25,16,0,5,23,12	0	0,91,0,0,0	25,25,17	0-0	0
I	11369	6	2	21	21	2	Пояс Адского Сатаны	image_blt20death	91,0,86,0,0,87,0	47,15,42,5,3,47,21	0	40,100,0,0,69	25,25,25	0-0	0
I	11368	6	2	21	21	4	Пояс Золотой Черепахи	image_blt20bas	20,0,83,0,0,82,80	20,0,45,5,10,50,50	0	0,124,20,20,80	20,20,20	0-0	0
I	11373	6	2	21	21	8	Пояс Черного Единорога	image_blt20raksh	65,0,105,0,0,47,48	35,25,50,5,5,20,40	0	0,110,30,30,89	20,20,15	0-0	0
I	11371	6	2	21	21	32	Ремень Алого Феникса	image_blt20ghoul	0,0,56,96,103,0,0	0,0,40,70,70,0,0	0	40,49,45,45,45	25,25,20	0-0	0
I	11372	6	2	21	21	1	Ремень Изумрудного Дракона	image_blt20grif	55,85,45,0,0,76,0	30,50,31,3,5,40,21	0	0,120,0,0,54	30,30,30	0-0	0
I	11370	6	2	21	21	16	Ремень Лунного Грифона	image_blt20djin	83,0,77,81,0,20,0	25,18,40,30,35,15,17	0	59,120,0,0,50	20,20,25	0-0	0
I	9126	6	5	21	21	2	Крепкий оскверненный пояс варвара	image_blt_sea2	91,0,86,0,0,87,0	65,20,50,5,5,65,55	5	0,221,0,0,0	38,38,36	0-0	0
I	9128	6	5	21	21	8	Крепкий оскверненный пояс джаггернаута	image_blt_sea4	65,0,105,0,0,47,48	49,30,80,5,6,45,50	5	0,271,0,0,0	30,30,27	0-0	0
I	9129	6	5	21	21	16	Крепкий оскверненный пояс жреца	image_blt_sea5	83,0,77,71,0,20,0	45,20,60,50,50,20,20	5	0,241,0,0,0	34,34,34	0-0	0
I	9130	6	5	21	21	32	Крепкий оскверненный пояс мага	image_blt_sea6	0,0,56,96,103,0,0	0,0,63,101,101,0,0	5	0,221,0,0,0	38,38,36	0-0	0
I	9127	6	5	21	21	4	Крепкий оскверненный пояс мастера щита	image_blt_sea3	20,0,83,0,0,82,80	35,0,70,10,10,65,75	5	0,255,0,0,0	33,33,29	0-0	0
I	9125	6	5	21	21	1	Крепкий оскверненный пояс рейнджера	image_blt_sea1	55,85,45,0,0,76,0	49,60,35,8,8,65,40	5	0,221,0,0,0	40,40,32	0-0	0
I	9120	6	5	21	21	2	Оскверненный пояс варвара	image_blt_sea2	0,0,0,0,0,0,0	65,20,50,5,5,65,55	5	0,221,0,0,0	38,38,36	0-0	0
I	9122	6	5	21	21	8	Оскверненный пояс джаггернаута	image_blt_sea4	0,0,0,0,0,0,0	49,30,80,5,6,45,50	5	0,271,0,0,0	30,30,27	0-0	0
I	9123	6	5	21	21	16	Оскверненный пояс жреца	image_blt_sea5	0,0,0,0,0,0,0	45,20,60,50,50,20,20	5	0,241,0,0,0	34,34,34	0-0	0
I	9124	6	5	21	21	32	Оскверненный пояс мага	image_blt_sea6	0,0,0,0,0,0,0	0,0,63,101,101,0,0	5	0,221,0,0,0	38,38,36	0-0	0
I	9121	6	5	21	21	4	Оскверненный пояс мастера щита	image_blt_sea3	0,0,0,0,0,0,0	35,0,70,10,10,65,75	5	0,255,0,0,0	33,33,29	0-0	0
I	9119	6	5	21	21	1	Оскверненный пояс рейнджера	image_blt_sea1	0,0,0,0,0,0,0	49,60,35,8,8,65,40	5	0,221,0,0,0	40,40,32	0-0	0
I	2744	6	1	22	22	2	Пояс Избранника Хаоса	image_blt_22var	98,0,90,0,0,94,0	31,12,25,0,5,32,15	0	0,215,0,0,0	23,23,16	0-0	0
I	2746	6	1	22	22	8	Пояс Командора	image_blt_22djag	70,0,110,0,0,52,53	29,20,40,0,3,0,28	0	0,209,0,0,50	15,15,12	0-0	0
I	2745	6	1	22	22	4	Пояс Мечелома	image_blt_22shield	20,0,89,0,0,88,88	0,0,34,6,6,36,38	0	0,231,0,0,16	18,18,12	0-0	0
I	2747	6	1	22	22	16	Пояс Праведника	image_blt_22priest	90,0,84,87,0,20,0	30,0,30,30,30,0,0	0	0,215,0,0,0	23,23,16	0-0	0
I	2748	6	1	22	22	32	Ремень Наставника	image_blt_22mage	0,0,63,103,111,0,0	0,0,32,44,44,0,0	0	0,179,0,0,0	29,29,20	0-0	0
I	2743	6	1	22	22	1	Ремень Сумеречного Леса	image_blt_22luch	60,90,48,0,0,82,0	21,31,17,0,5,31,15	0	0,205,0,0,0	27,27,14	0-0	0
I	11885	6	7	22	22	32	Жаккардовый пояс Волхва	image_blt20+mage	0,0,63,103,111,0,0	0,0,50,75,75,0,0	5	25,82,25,25,25	66,66,68	0-0	0
I	11882	6	7	22	22	16	Замшевый ремень Прелата	image_blt20+priest	90,0,84,87,0,20,0	40,20,45,40,40,0,15	5	45,100,0,0,50	65,65,65	0-0	0
I	11876	6	7	22	22	4	Золотой ремень Воеводы	image_blt20+shield	20,0,89,0,0,88,88	20,0,55,10,5,55,55	5	65,100,30,30,0	65,65,55	0-0	0
I	11873	6	7	22	22	2	Костяной ремень Вандала	image_blt20+var	98,0,90,0,0,94,0	53,22,35,2,2,53,33	5	50,100,0,0,50	75,75,50	0-0	0
I	11870	6	7	22	22	1	Крокодиловый ремень Конкистадора	image_blt20+rang	60,90,48,0,0,82,0	40,55,25,3,3,44,30	5	48,100,0,0,30	85,85,44	0-0	0
I	11879	6	7	22	22	8	Пояс Серебряного Зубра	image_blt20+djag	70,0,110,0,0,52,53	41,25,60,5,5,20,44	5	60,120,30,30,40	55,55,50	0-0	0
I	2580	6	5	23	23	32	Кушак Провидца	image_blt_mageprise	0,0,71,111,120,0,0	0,0,65,100,105,0,0	2	0,188,0,0,0	60,60,60	0-0	0
I	2577	6	5	23	23	4	Пояс Болотных огней	image_blt_shieldprise	20,0,95,0,0,95,92	35,0,75,5,5,75,75	2	0,248,0,0,0	55,55,40	0-0	0
I	2579	6	5	23	23	16	Пояс Еретика	image_blt_priestprise	97,0,91,94,0,20,0	60,0,65,65,55,0,25	2	0,218,0,0,0	55,55,55	0-0	0
I	2576	6	5	23	23	2	Пояс Экспансии	image_blt_varprise	106,0,94,0,0,102,0	70,35,45,5,5,75,35	2	0,208,0,0,0	60,60,50	0-0	0
I	2578	6	5	23	23	8	Ремень Лазоревого Тура	image_blt_djagprise	75,0,115,0,0,57,58	65,25,75,5,5,30,65	2	0,284,0,0,0	45,45,42	0-0	0
I	2575	6	5	23	23	1	Ремень Небесной Армады	image_blt_rangprise	65,98,51,0,0,88,0	45,75,45,5,5,75,20	2	0,138,0,0,0	70,70,65	0-0	0
I	10568	7	1	1	1	1	Деревянное кольцо	image_ringwood	0,0,0,0,0,0,0	1,0,0,0,0,0,0	0	0,0,1,1,0	0,0,0	0-0	0
I	10566	7	1	1	1	4	Оловянное кольцо	image_ringolovo	0,0,0,0,0,0,0	0,0,1,0,0,0,0	0	0,0,1,1,0	0,0,0	0-0	0
I	10567	7	1	1	1	32	Стеклянное кольцо	image_ringglass	0,0,0,0,0,0,0	0,0,0,0,1,0,0	0	0,0,1,1,0	0,0,0	0-0	0
I	11917	7	1	2	2	1	Дубовое кольцо	image_ringwood	0,0,0,0,0,0,0	1,0,0,0,0,1,0	0	0,0,1,1,0	0,0,0	0-0	0
I	11916	7	1	2	2	4	Железное кольцо	image_ringolovo	0,0,0,0,0,0,0	0,0,1,0,0,0,1	0	0,0,1,1,0	0,0,0	0-0	0
I	11918	7	1	2	2	32	Хрустальное кольцо	image_ringglass	0,0,0,0,0,0,0	0,0,0,1,1,0,0	0	0,0,1,1,0	0,0,0	0-0	0
I	10658	7	1	3	3	8	Кольцо жизни	image_rng7	0,0,0,0,0,0,0	1,0,1,0,0,0,1	0	0,0,1,1,0	0,0,0	0-0	0
I	10659	7	1	3	3	16	Кольцо разума	image_rng8	0,0,0,0,0,0,0	0,0,1,1,1,0,0	0	0,0,1,1,0	0,0,0	0-0	0
I	10657	7	1	3	3	1	Кольцо силы	image_rng6	0,0,0,0,0,0,0	1,1,0,0,0,1,0	0	0,0,1,1,0	0,0,0	0-0	0
I	2433	7	1	4	4	4	Бронзовое кольцо	image_rng4lvl3	0,0,0,0,0,0,0	0,0,1,0,0,2,1	0	0,0,1,1,0	1,1,0	0-0	0
I	2439	7	1	4	4	8	Железное кольцо стражника	image_rng4lvl4	0,0,0,0,0,0,0	1,0,2,0,0,0,1	0	0,0,1,1,0	1,1,0	0-0	0
I	2430	7	1	4	4	2	Железное кольцо убийцы	image_rng4lvl2	0,0,0,0,0,0,0	1,0,1,0,0,2,0	0	0,0,1,1,0	1,1,0	0-0	0
I	2424	7	1	4	4	1	Колечко из яшмы	image_rng4lvl	0,0,0,0,0,0,0	1,2,0,0,0,1,0	0	0,0,1,1,0	1,1,0	0-0	0
I	2444	7	1	4	4	16	Кольцо послушания	image_rng4lvl5	0,0,0,0,0,0,0	1,0,1,1,1,0,0	0	0,0,1,1,0	1,1,0	0-0	0
I	2450	7	1	4	4	32	Кольцо ученика	image_rng4lvl6	0,0,0,0,0,0,0	0,0,0,2,2,0,0	0	0,0,1,1,0	1,1,0	0-0	0
I	148	7	1	5	5	8	Золотое кольцо	image_ring5	0,0,0,0,0,0,0	1,1,2,0,0,0,1	0	0,0,1,1,0	1,1,0	0-0	0
I	11976	7	1	5	5	16	Кольцо мистики	image_ring30_2	0,0,0,0,0,0,0	1,0,1,1,2,0,0	0	0,0,1,1,0	1,1,0	0-0	0
I	2426	7	1	5	5	1	Кольцо стрелка	image_rng5lvl	0,0,0,0,0,0,0	1,2,0,0,0,2,0	0	0,0,1,1,0	1,1,0	0-0	0
I	150	7	1	5	5	2	Кольцо уныния	image_ring3	0,0,0,0,0,0,0	2,0,1,0,0,1,1	0	0,0,1,1,0	1,1,0	0-0	0
I	149	7	1	5	5	4	Перстень с рубином	image_ring4	0,0,0,0,0,0,0	0,0,1,0,1,1,2	0	0,0,1,1,0	1,1,0	0-0	0
I	11973	7	1	5	5	32	Перстень ученика	image_ring34_2	0,0,0,0,0,0,0	0,0,1,2,2,0,0	0	0,0,1,1,0	1,1,0	0-0	0
I	13047	7	6	5	5	16	Кольцо диакона	image_ring79	8,0,0,8,0,0,0	1,0,2,2,2,0,0	0	0,0,5,5,0	1,1,0	0-0	0
I	13003	7	6	5	5	1	Кольцо молодого охотника	image_ring76	0,8,0,0,0,4,0	2,2,1,0,0,2,0	0	0,0,3,3,0	2,2,0	0-0	0
I	13011	7	6	5	5	2	Перстень злодея	image_ring78	12,0,0,0,0,8,0	2,0,2,0,0,2,1	0	0,0,3,3,0	2,2,0	0-0	0
I	2441	7	1	6	6	8	Кольцо живучести	image_rng6lvl3	0,0,0,0,0,0,0	2,0,2,0,0,0,2	0	0,0,2,2,0	2,1,0	0-0	0
I	153	7	1	6	6	32	Кольцо заклинателя	image_ring1	0,0,0,0,0,0,0	0,0,2,2,2,0,0	0	0,0,1,1,0	2,2,0	0-0	0
I	151	7	1	6	6	16	Кольцо послушника	image_ring12	0,0,0,0,0,0,0	2,0,2,0,2,0,0	0	0,0,1,1,0	2,2,0	0-0	0
I	2431	7	1	6	6	2	Кольцо рубаки	image_ring6lvl	0,0,0,0,0,0,0	2,0,2,0,0,2,0	0	0,0,1,1,0	3,1,0	0-0	0
I	2435	7	1	6	6	4	Кольцо щитоносца	image_rng6lvl2	0,0,0,0,0,0,0	0,0,2,0,0,2,2	0	0,0,1,1,0	2,2,0	0-0	0
I	152	7	1	6	6	1	Перстень озера	image_ring2	0,0,0,0,0,0,0	2,2,2,0,0,0,0	0	0,0,1,1,0	2,2,0	0-0	0
I	906	7	2	6	6	63	Перстень нежити	image_ring30	0,0,0,0,0,0,0	2,2,1,0,0,2,1	0	0,0,3,3,0	2,2,0	0-0	0
I	13041	7	6	6	6	8	Кольцо борца	image_ring80	11,0,16,0,0,0,6	2,2,2,0,0,0,2	0	0,0,10,10,0	1,1,0	0-0	0
I	13022	7	6	6	6	32	Кольцо фокусника	image_ring77	0,0,0,15,20,0,0	0,0,2,2,4,0,0	0	0,0,6,6,0	3,3,0	0-0	0
I	13032	7	6	6	6	4	Перстень заступника	image_ring81	0,0,12,0,0,8,8	0,0,2,0,0,4,2	0	0,0,8,8,0	2,2,0	0-0	0
I	2437	7	1	7	7	4	Бронзовый перстень блокирования	image_rng7lvl2	0,0,15,0,0,0,13	0,0,2,0,0,3,2	0	0,0,1,1,0	2,2,1	0-0	0
I	2448	7	1	7	7	16	Кольцо святости	image_rng7lvl4	14,0,0,18,0,0,0	1,0,2,2,2,0,0	0	0,0,2,2,0	2,1,1	0-0	0
I	2428	7	1	7	7	1	Кольцо следопыта	image_rng7lvl	0,14,0,0,0,6,0	2,2,0,0,0,3,0	0	0,0,1,1,0	2,2,1	0-0	0
I	2453	7	1	7	7	32	Перстень заклинателя	image_rng7lvl5	0,0,0,18,23,0,0	0,0,1,3,3,0,0	0	0,0,1,1,0	2,2,1	0-0	0
I	10122	7	1	7	7	2	Перстень затмения	image_ring75	16,0,11,0,0,8,0	3,0,2,0,0,2,0	0	0,0,2,2,0	2,1,1	0-0	0
I	2443	7	1	7	7	8	Стальное кольцо защитника	image_rng7lvl3	13,0,20,0,0,0,8	2,0,3,0,0,0,2	0	0,0,1,1,0	2,2,1	0-0	0
I	155	7	1	8	8	2	Кольцо затмения	image_ring8	27,0,14,0,0,18,0	3,0,2,0,0,2,1	0	0,0,2,2,0	3,3,0	0-0	0
I	2438	7	1	8	8	4	Латунное кольцо щитоносца	image_rng8lvl2	0,0,27,0,0,12,22	0,0,2,0,0,3,3	0	0,0,2,2,0	3,3,0	0-0	0
I	2429	7	1	8	8	1	Перстень авантюриста	image_rng8lvl	11,27,0,0,0,22,0	2,3,0,0,0,3,0	0	0,0,2,2,0	3,3,0	0-0	0
I	10676	7	1	8	8	32	Перстень с топазом	image_rngmage10	0,0,12,22,27,0,0	0,0,2,3,3,0,0	0	0,0,2,2,0	3,3,0	0-0	0
I	2449	7	1	8	8	16	Перстень священника	image_rng8lvl3	21,0,17,22,0,0,0	1,0,2,3,2,0,0	0	0,0,2,2,0	3,3,0	0-0	0
I	154	7	1	8	8	8	Платиновое кольцо	image_ring10	0,0,17,0,0,0,0	2,0,2,0,0,2,2	0	0,0,2,2,0	3,3,0	0-0	0
I	11937	7	1	8	8	8	Позолоченное кольцо защитника	image_rng8djag	16,0,29,0,0,0,12	3,0,3,0,0,0,2	0	0,0,3,3,0	2,3,0	0-0	0
I	915	7	2	8	8	32	Кольцо познания	image_ring34	0,0,12,22,27,0,0	0,0,3,4,4,0,0	0	0,0,3,3,0	3,3,1	0-0	0
I	10160	7	3	8	8	16	Кольцо капеллана	image_ring79	21,0,17,22,0,0,0	2,0,3,4,3,0,0	0	0,0,6,6,0	3,3,0	0-0	0
I	10134	7	3	8	8	1	Кольцо старого охотника	image_ring76	11,27,0,0,0,22,0	3,3,2,0,1,3,0	0	0,0,4,4,0	2,3,2	0-0	0
I	10151	7	3	8	8	2	Перстень душегуба	image_ring78	27,0,14,0,0,18,0	3,0,3,0,0,4,2	0	0,0,6,6,0	3,3,0	0-0	0
I	6014	7	6	8	8	63	Сияющее кристаллическое кольцо	image_rng_art	0,0,0,0,0,0,0	50,50,50,50,50,50,50	5	20,20,20,20,20	40,40,30	0-0	0
I	10977	7	1	9	9	2	Гранатовое кольцо	image_rng13	30,0,17,0,0,20,0	3,0,3,0,0,3,0	0	0,0,3,3,0	3,3,1	0-0	0
I	10678	7	1	9	9	16	Кольцо веры	image_rngprist9	25,0,20,26,0,0,0	3,0,2,2,2,0,0	0	0,0,3,3,0	3,3,1	0-0	0
I	13439	7	1	9	9	32	Кольцо посвященного	image_rng9mage	0,0,14,26,31,0,0	0,0,2,3,4,0,0	0	0,0,3,3,0	3,3,2	0-0	0
I	13430	7	1	9	9	8	Кольцо стражника	image_rng9djag	19,0,34,0,0,0,14	2,2,3,0,0,0,2	0	0,0,7,7,0	1,1,1	0-0	0
I	10677	7	1	9	9	1	Кольцо ястреба	image_rngluch9	12,30,0,0,0,24,0	3,2,2,0,0,2,0	0	0,0,3,3,0	3,3,1	0-0	0
I	10675	7	1	9	9	4	Стальное кольцо щитоносца	image_rng9	0,0,31,0,0,16,25	1,0,2,0,0,3,3	0	0,0,4,4,0	4,4,0	0-0	0
I	10172	7	3	9	9	8	Кольцо воителя	image_ring80	19,0,34,0,0,0,14	3,2,4,0,0,2,3	0	0,0,8,8,0	1,1,2	0-0	0
I	10144	7	3	9	9	32	Кольцо иллюзиониста	image_ring77	0,0,14,26,31,0,0	0,0,4,5,5,0,0	0	0,0,5,5,0	1,1,4	0-0	0
I	10181	7	3	9	9	4	Перстень покровителя	image_ring81	0,0,31,0,0,16,25	0,0,4,0,1,4,5	0	0,0,7,7,0	3,3,0	0-0	0
I	10680	7	1	10	10	32	Кольцо аколита	image_rng10	0,0,17,30,36,0,0	0,0,4,3,3,0,0	0	0,0,4,4,0	4,4,1	0-0	0
I	13420	7	1	10	10	2	Кольцо гномовержца	image_rng10var	35,0,21,0,0,25,0	3,0,3,0,0,3,1	0	0,0,4,4,0	4,4,1	0-0	0
I	13416	7	1	10	10	1	Кольцо лесного разведчика	image_rng10rang	15,34,0,0,0,28,0	2,3,2,0,0,3,0	0	0,0,4,4,0	4,4,1	0-0	0
I	10679	7	1	10	10	8	Кольцо преданности	image_rngdjag10	0,0,39,0,0,0,0	3,0,4,0,0,0,3	0	0,0,8,8,0	2,2,1	0-0	0
I	156	7	1	10	10	4	Лазурное кольцо	image_ring7	0,0,0,0,0,0,28	0,0,3,0,0,3,4	0	0,0,4,4,0	4,4,1	0-0	0
I	13434	7	1	10	10	16	Позолоченное кольцо священника	image_rng10priest	26,0,25,29,0,0,0	2,0,3,3,2,0,0	0	0,0,4,4,0	4,4,1	0-0	0
I	934	7	2	10	10	16	Адамантовое кольцо	image_ring38	0,0,25,29,0,0,0	3,0,4,4,3,0,0	0	0,0,5,5,0	4,4,3	0-0	0
I	10979	7	3	10	10	1	Берилловый перстень	image_rng15	15,34,0,0,0,28,0	4,5,3,0,1,3,0	0	0,0,4,3,0	5,5,0	0-0	0
I	10978	7	3	10	10	2	Медное кольцо гладиатора	image_rng14	35,0,21,0,0,25,0	5,0,5,0,0,5,1	0	0,0,4,4,0	5,5,0	0-0	0
I	13431	7	1	11	11	8	Железное кольцо телохранителя	image_rng11djag	27,0,44,0,0,0,18	3,3,4,0,0,0,3	0	0,0,8,8,0	2,2,2	0-0	0
I	157	7	1	11	11	1	Изумрудное кольцо	image_ring11	0,41,0,0,0,0,0	3,3,2,1,1,3,0	0	0,0,4,4,0	4,4,2	0-0	0
I	10953	7	1	11	11	4	Имперское кольцо	image_rng11_shield	0,0,41,0,0,24,32	0,0,4,0,1,4,4	0	0,0,4,4,0	4,4,2	0-0	0
I	13440	7	1	11	11	32	Кольцо архимага	image_rng11mage	0,0,21,35,41,0,0	0,0,3,5,5,0,0	0	0,0,3,3,0	3,3,4	0-0	0
I	13435	7	1	11	11	16	Кольцо храмовника	image_rng11priest	31,0,30,35,0,0,0	3,0,4,3,3,0,0	0	0,0,4,4,0	4,4,2	0-0	0
I	13421	7	1	11	11	2	Перстень темных богов	image_rng11var	41,0,22,0,0,30,0	4,0,4,0,0,4,1	0	0,0,5,5,0	5,5,0	0-0	0
I	941	7	2	11	11	2	Звериный рык	image_ring39	41,0,22,0,0,30,0	5,1,5,0,0,5,3	0	0,0,4,4,0	4,4,4	0-0	0
I	13425	7	2	11	11	4	Кольцо Восточного Императора	image_rng9shield	0,0,41,0,0,24,32	2,0,5,0,2,5,5	0	0,0,8,8,0	5,5,0	0-0	0
I	10249	7	2	11	11	8	Кольцо гвардейца	image_ring89	27,0,44,0,0,0,18	5,1,5,0,0,3,5	0	0,0,5,5,0	5,5,2	0-0	0
I	10096	7	3	11	11	32	Аметистовый перстень	image_ring70	0,0,21,35,41,0,0	0,0,5,8,10,0,0	0	0,0,10,10,0	5,5,5	0-0	0
I	10095	7	3	11	11	16	Кольцо благочестивости	image_ring71	31,0,30,35,0,0,0	6,1,6,5,5,0,0	0	0,0,8,8,0	6,6,5	0-0	0
I	13426	7	1	12	12	4	Кольцо легионера	image_rng12shield	0,0,43,0,0,30,36	0,0,6,0,0,6,6	0	0,0,5,5,0	4,4,1	0-0	0
I	13417	7	1	12	12	1	Кольцо эльфийского следопыта	image_rng12rang	19,42,0,0,0,34,0	5,5,3,0,0,5,0	0	0,0,5,5,0	4,4,1	0-0	0
I	159	7	1	12	12	32	Перстень магического мастерства	image_ring6	0,0,22,41,46,0,0	0,0,3,8,7,0,0	0	0,0,2,2,0	4,4,3	0-0	0
I	13422	7	1	12	12	2	Печатка гладиатора	image_rng12var	44,0,24,0,0,32,0	6,0,5,0,0,6,1	0	0,0,5,5,0	4,4,1	0-0	0
I	158	7	1	12	12	16	Позолоченное кольцо храмовника	image_ring9	35,0,34,40,0,0,0	5,0,3,5,5,0,0	0	0,0,4,4,0	3,3,3	0-0	0
I	13432	7	1	12	12	8	Стальное кольцо телохранителя	image_rng12djag	31,0,48,0,0,0,18	4,4,5,0,0,0,5	0	0,0,9,9,0	2,2,1	0-0	0
I	600	7	3	12	12	2	Аспид	image_ring31	44,0,24,0,0,32,0	10,0,8,0,0,12,2	0	0,0,7,7,0	9,9,1	0-0	0
I	10076	7	3	12	12	1	Кольцо лесных жителей	image_ring72	19,42,0,0,0,34,0	7,10,4,0,1,10,0	0	0,0,5,5,0	7,7,5	0-0	0
I	599	7	3	12	12	8	Кольцо неприкасаемого	image_ring32	31,0,48,0,0,0,18	6,4,6,0,4,6,6	0	0,0,6,6,0	8,8,3	0-0	0
I	10077	7	3	12	12	4	Кольцо шипов	image_ring73	0,0,43,0,0,30,36	3,0,10,0,0,10,9	0	0,0,5,5,0	10,10,1	0-0	0
I	477	7	1	13	13	2	Кольцо берсерка	image_ring20	48,0,27,0,0,38,0	6,2,5,0,0,7,2	0	0,0,3,3,0	7,7,0	0-0	0
I	480	7	1	13	13	8	Кольцо доминирования	image_ring22	34,0,54,0,0,0,22	6,4,6,0,0,0,6	0	0,0,5,5,0	6,6,0	0-0	0
I	478	7	1	13	13	1	Кольцо проводника духов	image_ring19	22,48,10,0,0,36,0	5,6,2,0,1,7,1	0	0,0,2,2,0	6,6,2	0-0	0
I	479	7	1	13	13	4	Кольцо центуриона	image_ring21	0,0,48,0,0,36,40	0,0,7,0,0,7,8	0	0,0,3,3,0	7,7,0	0-0	0
I	13436	7	1	13	13	16	Перстень паладина	image_rng13priest	40,0,39,45,0,0,0	5,2,6,4,3,0,2	0	0,0,6,6,0	4,4,2	0-0	0
I	13441	7	1	13	13	32	Печатка хранителя легенд	image_rng13mage	0,0,23,45,52,0,0	0,0,5,8,9,0,0	0	0,0,5,5,0	3,3,4	0-0	0
I	10441	7	2	13	13	1	Кольцо возмездия	image_ring127	22,48,10,0,0,36,0	7,12,0,0,0,10,0	0	0,0,8,8,0	8,8,0	0-0	0
I	10440	7	2	13	13	2	Кольцо мучителя	image_ring126	48,0,27,0,0,38,0	12,0,7,0,0,10,0	0	0,0,10,10,0	7,7,0	0-0	0
I	10439	7	2	13	13	8	Кольцо надзирателя	image_ring125	34,0,54,0,0,0,22	7,0,12,0,0,0,10	0	0,0,15,15,0	3,3,2	0-0	0
I	959	7	2	13	13	16	Кольцо святого нимба	image_ring46	40,0,39,45,0,0,0	8,2,8,4,7,0,0	0	0,5,8,8,5	4,4,2	0-0	0
I	288	7	2	13	13	32	Кольцо судьбы	image_ring15	0,0,23,45,52,0,0	0,0,7,12,10,0,0	0	0,0,8,8,0	5,5,4	0-0	0
I	11593	7	7	13	13	1	Кольцо захватчика	image_rng29	22,48,10,0,0,36,0	5,12,5,0,1,10,2	1	0,0,10,10,0	10,10,10	0-0	0
I	11598	7	7	13	13	32	Кольцо прорицателя	image_rng34	0,0,23,45,52,0,0	0,0,9,13,13,0,0	1	0,0,10,10,0	10,10,10	0-0	0
I	11596	7	7	13	13	8	Кольцо стойкости	image_rng31	34,0,54,0,0,0,22	9,3,12,1,1,2,7	1	0,0,10,10,0	10,10,10	0-0	0
I	11597	7	7	13	13	16	Перстень шамана	image_rng33r	40,0,39,45,0,0,0	8,0,9,9,9,0,0	1	0,0,10,10,0	10,10,10	0-0	0
I	11594	7	7	13	13	2	Печатка мучителя	image_rng30	48,0,27,0,0,38,0	12,0,7,0,1,12,3	1	0,0,10,10,0	10,10,10	0-0	0
I	11595	7	7	13	13	4	Печатка славы	image_rng32	0,0,48,0,0,36,40	1,0,11,1,1,11,10	1	0,0,10,10,0	10,10,10	0-0	0
I	13437	7	1	14	14	16	Кольцо паладина	image_rng14priest	45,0,45,50,0,0,0	6,2,6,4,4,0,4	0	0,0,8,8,0	5,5,2	0-0	0
I	13427	7	1	14	14	4	Кольцо патрициев	image_rng14shield	0,0,55,0,0,42,45	3,0,8,0,1,7,7	0	0,0,8,8,0	5,5,2	0-0	0
I	10950	7	1	14	14	32	Лиловое кольцо адепта	image_rng14_mage	0,0,25,55,62,0,0	0,0,7,9,10,0,0	0	0,0,2,2,0	8,8,2	0-0	0
I	10952	7	1	14	14	8	Перстень с нефритом	image_rng14_ranger	39,0,62,0,0,0,28	8,3,8,0,0,0,7	0	0,0,3,3,0	9,9,0	0-0	0
I	10946	7	1	14	14	2	Перстень с турмалином	image_rng14_var	55,0,36,0,0,45,0	9,2,6,0,0,9,0	0	0,0,3,3,0	9,9,0	0-0	0
I	10948	7	1	14	14	1	Позолоченное кольцо егеря	image_rng14_djag	25,55,14,0,0,45,0	6,6,5,1,1,7,0	0	0,0,3,3,0	6,6,4	0-0	0
I	10390	7	2	14	14	4	Кольцо воинской доблести	image_ring115	0,0,55,0,0,42,45	2,0,11,0,0,11,11	0	0,0,11,11,0	5,5,5	0-0	0
I	11988	7	3	14	14	4	Бронзовое кольцо Победы	image_rngshield14	0,0,55,0,0,42,45	7,0,12,4,4,11,11	0	0,0,13,13,0	7,7,5	0-0	0
I	11952	7	3	14	14	1	Кольцо главного егеря	image_rng14rang	25,55,14,0,0,45,0	11,11,5,3,3,11,5	0	0,0,11,11,0	8,8,5	0-0	0
I	10951	7	3	14	14	16	Кольцо прозрения	image_rng14_priest	45,0,45,50,0,0,0	10,3,10,11,10,2,3	0	0,0,8,8,0	8,8,7	0-0	0
I	13442	7	3	14	14	32	Перстень повелителя бурь	image_rng14mage	0,0,25,55,62,0,0	0,0,13,18,18,0,0	0	0,0,6,6,0	12,12,3	0-0	0
I	13423	7	1	15	15	2	Кольцо кровавого зова	image_rng15var	58,0,42,0,0,49,0	8,0,8,0,1,8,5	0	0,0,8,8,0	8,8,2	0-0	0
I	13184	7	1	15	15	1	Кольцо лесного дозора	image_rng15_rang	27,57,16,0,0,47,0	7,7,4,0,0,8,4	0	0,0,6,6,0	9,9,2	0-0	0
I	13185	7	1	15	15	8	Кольцо непреклонной силы	image_rng15_djag2	42,0,67,0,0,9,29	7,5,6,0,0,5,7	0	0,0,12,12,0	6,6,2	0-0	0
I	581	7	1	15	15	32	Кольцо хранителя легенд	image_ring27	0,0,27,60,69,0,0	0,0,6,12,12,0,0	0	0,0,5,5,0	8,8,4	0-0	0
I	10327	7	1	15	15	4	Перстень патрициев	image_ring102	0,0,57,0,0,45,47	0,0,8,0,5,8,9	0	0,0,7,7,0	10,10,0	0-0	0
I	582	7	1	15	15	16	Печатка паладина	image_ring28	47,0,47,52,0,0,0	6,4,8,6,6,0,0	0	0,0,6,6,0	6,6,6	0-0	0
I	971	7	2	15	15	1	Кольцо Вечной Весны	image_ring51	27,57,16,0,0,47,0	9,10,6,0,0,10,6	0	0,0,9,9,0	11,11,3	0-0	0
I	965	7	2	15	15	32	Перстень великого чернокнижника	image_ring50	0,0,27,60,69,0,0	0,0,9,16,16,0,0	0	4,4,5,5,4	10,10,3	0-0	0
I	10949	7	3	15	15	8	Кошачий Глаз	image_rng15_djag	42,0,67,0,0,9,29	13,5,15,2,1,5,13	0	0,0,13,13,0	11,11,9	0-0	0
I	10947	7	3	15	15	2	Перстень адского пламени	image_rng15_var	58,0,42,0,0,49,0	15,6,12,0,1,14,6	0	0,0,11,11,0	12,12,9	0-0	0
I	10199	7	1	16	16	2	Перстень вождя	image_ring83	61,0,48,0,0,55,0	9,4,8,0,0,10,3	0	0,0,9,9,0	7,9,7	0-0	0
I	13769	7	1	16	16	16	Печатка крестоносца	image_rng16_jrec	51,0,52,54,0,0,0	8,0,8,9,9,0,0	0	0,0,13,13,0	9,9,3	0-0	0
I	13767	7	1	16	16	1	Печатка лесного дозора	image_rng16_rang	29,60,20,0,0,49,0	4,10,6,0,0,10,4	0	0,0,9,9,0	8,8,7	0-0	0
I	13770	7	1	16	16	32	Печатка могущества	image_rng16_mage	0,0,30,68,73,0,0	0,0,8,13,13,0,0	0	0,0,9,9,0	8,8,7	0-0	0
I	13170	7	1	16	16	8	Печатка непреклонной силы	image_rng16djag	45,0,76,0,0,15,31	8,4,10,0,0,4,8	0	0,0,18,18,0	8,8,1	0-0	0
I	13768	7	1	16	16	4	Печатка патрициев	image_rng16_shield	0,0,59,0,0,48,50	0,0,10,2,2,10,10	0	0,0,17,17,0	7,7,3	0-0	0
I	10521	7	2	16	16	2	Перст смерти	image_rng300	61,0,48,0,0,55,0	14,0,8,2,2,14,6	0	0,0,10,10,0	16,16,4	0-0	0
I	978	7	2	16	16	8	Перстень "Скала"	image_ring63	45,0,76,0,0,15,31	6,8,14,0,0,4,14	0	0,0,10,10,0	16,16,4	0-0	0
I	677	7	6	16	16	16	Аметистовый перстень епископа	image_ring54	51,0,52,54,0,0,0	11,4,11,11,11,0,0	0	0,0,10,10,0	15,15,12	0-0	0
I	679	7	6	16	16	8	Бриллиантовый перстень героя	image_ring58	45,0,76,0,0,15,31	8,9,15,0,0,2,14	0	8,8,16,16,8	25,5,0	0-0	0
I	10067	7	6	16	16	63	Кольцо Стражей	image_ring74	0,0,0,0,0,0,0	0,0,0,0,0,0,0	0	0,0,0,0,0	45,45,45	0-0	0
I	675	7	6	16	16	1	Малахитовое кольцо Древних	image_ring55	29,60,20,0,0,49,0	10,12,5,0,2,14,5	0	0,0,11,11,0	16,16,10	0-0	0
I	678	7	6	16	16	2	Рубиновое кольцо кровавой жатвы	image_ring59	61,0,48,0,0,55,0	11,6,10,0,2,11,8	0	0,0,18,18,0	10,30,0	0-0	0
I	676	7	6	16	16	32	Сапфировое кольцо патриарха	image_ring56	0,0,30,68,73,0,0	0,0,10,19,18,0,0	0	7,7,12,12,7	11,11,9	0-0	0
I	680	7	6	16	16	4	Янтарное кольцо титанов	image_ring57	0,0,59,0,0,48,50	6,0,14,0,4,12,12	0	0,0,14,14,0	10,10,16	0-0	0
I	11547	7	7	16	16	4	Кольцо гордости	image_rng26	0,0,59,0,0,48,50	1,0,18,2,3,19,20	3	15,15,24,24,15	15,15,9	0-0	0
I	11545	7	7	16	16	1	Кольцо мстителя	image_rng23	29,60,20,0,0,49,0	10,20,7,1,2,15,8	2	11,10,20,20,10	25,25,15	0-0	0
I	11548	7	7	16	16	8	Кольцо непреклонного	image_rng25	45,0,76,0,0,15,31	15,5,19,2,2,5,15	3	10,10,35,35,10	20,20,0	0-0	0
I	11549	7	7	16	16	16	Перстень оракула	image_rng27	51,0,52,54,0,0,0	10,5,15,13,15,2,3	2	10,10,33,33,10	15,15,20	0-0	0
I	11546	7	7	16	16	2	Перстень палача	image_rng24	61,0,48,0,0,55,0	19,5,10,1,1,19,8	2	10,10,34,34,10	22,22,10	0-0	0
I	11550	7	7	16	16	32	Перстень пророка	image_rng28	0,0,30,68,73,0,0	0,0,15,23,25,0,0	2	10,10,31,31,10	19,19,16	0-0	0
I	13433	7	1	17	17	8	Кольцо кавалериста	image_rng17djag	51,0,86,0,0,20,35	8,6,8,1,1,5,8	0	0,0,18,18,0	7,7,5	0-0	0
I	13438	7	1	17	17	16	Кольцо крестоносца	image_rng17priest	54,0,55,56,0,0,0	8,4,8,8,5,0,4	0	0,0,13,13,0	8,8,7	0-0	0
I	13424	7	1	17	17	2	Кольцо ночного хищника	image_ring64	71,0,55,0,0,62,0	9,5,9,0,0,9,5	0	0,0,13,13,0	11,11,3	0-0	0
I	13428	7	1	17	17	4	Перстень античного витязя	image_rng17shield	20,0,61,0,0,51,53	5,0,12,0,0,10,10	0	0,0,13,13,0	11,11,3	0-0	0
I	13443	7	1	17	17	32	Перстень равновесия элементов	image_rng17mage	0,0,37,76,83,0,0	0,0,8,14,15,0,0	0	0,0,14,14,0	9,9,5	0-0	0
I	13418	7	1	17	17	1	Печатка золотого Феникса	image_rng17rang	39,69,24,0,0,59,0	7,9,6,1,1,9,4	0	0,0,11,11,0	12,12,3	0-0	0
I	10226	7	3	17	17	1	Кольцо лесных теней	image_ring85	39,69,24,0,0,59,0	12,13,10,3,3,19,7	0	0,0,25,25,0	22,22,1	0-0	0
I	10328	7	3	17	17	4	Кольцо обжигающего света	image_ring101	20,0,61,0,0,51,53	0,0,20,4,5,19,19	0	0,0,29,29,0	20,20,1	0-0	0
I	11094	7	3	17	17	2	Кольцо рыцарей ночи	image_rng17_var	71,0,55,0,0,62,0	20,3,14,1,2,19,8	0	0,0,30,30,0	18,18,3	0-0	0
I	10522	7	3	17	17	16	Перстень епископа	image_rng301	54,0,55,56,0,0,0	15,9,15,13,15,0,0	0	0,0,31,31,0	13,13,9	0-0	0
I	11093	7	3	17	17	32	Перстень небесной энергии	image_rng16	0,0,37,76,83,0,0	0,0,19,24,24,0,0	0	0,0,20,20,0	17,17,11	0-0	0
I	11095	7	3	17	17	8	Священное кольцо Титана	image_rng17_djag	51,0,86,0,0,20,35	17,12,20,2,1,3,12	0	0,0,35,35,0	17,17,1	0-0	0
I	10049	7	1	18	18	4	Кольцо античного витязя	image_ring68	20,0,63,0,0,60,60	6,0,10,0,3,11,11	0	0,0,15,15,0	11,11,4	0-0	0
I	10053	7	1	18	18	8	Кольцо древнего колосса	image_ring67	53,0,88,0,0,27,35	8,9,12,0,0,4,8	0	0,0,17,17,0	10,10,4	0-0	0
I	10048	7	1	18	18	1	Кольцо золотого Феникса	image_ring65	40,71,31,0,0,62,0	8,10,6,0,1,11,5	0	0,0,10,10,0	15,15,2	0-0	0
I	10051	7	1	18	18	32	Кольцо равновесия элементов	image_ring66	0,0,41,80,83,0,0	0,0,9,15,17,0,0	0	0,6,8,8,6	10,10,6	0-0	0
I	10052	7	1	18	18	16	Кольцо святого слова	image_ring69	63,0,57,62,0,0,0	10,0,11,10,10,0,0	0	0,0,13,13,0	12,12,4	0-0	0
I	10050	7	1	18	18	2	Перстень ночного хищника	image_rng17var	74,0,62,0,0,66,0	11,5,9,0,0,11,5	0	0,0,14,14,0	13,13,2	0-0	0
I	10397	7	2	18	18	63	Кольцо Стражей Башни	image_ring120	0,0,0,0,0,0,0	0,0,25,25,25,0,0	0	0,0,20,20,0	45,45,45	0-0	0
I	10398	7	2	18	18	63	Кольцо Стражей Ворот	image_ring121	0,0,0,0,0,0,0	25,0,25,0,0,0,25	0	0,0,20,20,0	45,45,45	0-0	0
I	10396	7	2	18	18	63	Кольцо Стражей Шпиля	image_ring119	0,0,0,0,0,0,0	25,25,0,0,0,25,0	0	0,0,20,20,0	45,45,45	0-0	0
I	13419	7	1	19	19	1	Кольцо Древних	image_rng19rang	44,73,36,0,0,64,0	8,9,9,0,0,14,5	0	0,0,20,20,0	15,15,5	0-0	0
I	13444	7	1	19	19	32	Кольцо великого волшебника	image_rng19mage	0,0,46,85,90,0,0	0,0,12,15,18,0,0	0	20,20,0,0,0	15,15,5	0-0	0
I	13771	7	1	19	19	2	Печатка атамана	image_rng19_var	78,0,71,0,0,69,0	14,0,11,0,0,14,6	0	0,0,20,20,0	15,15,5	0-0	0
I	13429	7	1	19	19	4	Печатка броненосца	image_rng19shield	20,0,69,0,0,68,67	0,0,15,0,0,15,15	0	0,0,26,26,0	12,12,5	0-0	0
I	13773	7	1	19	19	16	Печатка великомученика	image_rng19_jrec	70,0,62,69,0,0,0	10,0,11,12,12,0,0	0	0,0,25,25,0	14,14,3	0-0	0
I	13772	7	1	19	19	8	Печатка кавалериста	image_rng19_djag	55,0,94,0,0,35,38	11,6,14,0,0,0,14	0	0,0,30,30,0	13,13,1	0-0	0
I	10992	7	2	19	19	4	Кольцо Золотого дракона	image_ring174	20,0,69,0,0,68,67	6,0,26,0,6,26,26	0	0,0,80,80,0	13,13,6	0-0	0
I	2403	7	2	19	19	63	Кольцо всезнания	image_rng763	0,0,44,0,0,0,0	0,0,30,0,30,0,30	0	0,0,25,25,0	30,30,50	0-0	0
I	2401	7	2	19	19	63	Кольцо всесилия	image_rng765	54,0,0,0,0,0,0	30,0,30,30,0,0,0	0	0,0,25,25,0	40,50,30	0-0	0
I	2402	7	2	19	19	63	Кольцо сноровки	image_rng764	0,0,0,0,0,65,0	0,30,30,0,0,30,0	0	0,0,25,25,0	50,40,30	0-0	0
I	10319	7	7	19	19	1	Ратное кольцо Древних	image_ring95	44,73,36,0,0,64,0	15,30,15,0,0,30,15	5	31,0,40,40,0	40,40,33	0-0	0
I	10321	7	7	19	19	16	Ратное кольцо Епископа	image_ring96	70,0,62,69,0,0,0	30,15,30,15,15,0,0	5	0,0,60,60,0	40,40,30	0-0	0
I	10320	7	7	19	19	2	Ратное кольцо Жнеца	image_ring97	78,0,71,0,0,69,0	30,15,15,0,0,30,15	5	40,0,50,50,0	55,60,0	0-0	0
I	10318	7	7	19	19	4	Ратное кольцо Монолита	image_ring98	20,0,69,0,0,68,67	15,0,15,0,15,30,30	5	30,0,60,60,0	30,35,30	0-0	0
I	10322	7	7	19	19	32	Ратное кольцо Патриарха	image_ring94	0,0,46,85,90,0,0	0,0,35,35,35,0,0	5	0,0,25,25,0	50,50,40	0-0	0
I	10317	7	7	19	19	8	Ратное кольцо Титанов	image_ring99	55,0,94,0,0,35,38	15,15,30,0,0,15,30	5	40,40,40,40,40	30,25,20	0-0	0
I	11735	7	1	20	20	16	Золотая печатка Архиепископа	image_rng20priest	78,0,72,76,0,20,0	12,3,12,12,12,1,2	0	0,0,32,32,0	10,10,12	0-0	0
I	11731	7	1	20	20	1	Кольцо Древних лесных владык	image_rng20rang	50,80,43,0,0,71,0	10,15,5,2,2,15,5	0	0,0,25,25,0	15,15,10	0-0	0
I	11732	7	1	20	20	2	Кольцо Красной Орды	image_rng20var	86,0,81,0,0,76,0	15,5,8,2,2,15,7	0	0,0,30,30,0	20,20,0	0-0	0
I	11736	7	1	20	20	32	Перстень Патриарха Тьмы	image_rng20mage	0,0,51,91,98,0,0	0,0,13,20,21,0,0	0	0,0,21,21,0	14,14,14	0-0	0
I	11733	7	1	20	20	4	Сапфировый перстень Победоносца	image_rng20shield	20,0,78,0,0,77,75	5,0,15,2,2,15,15	0	0,0,35,35,0	10,10,10	0-0	0
I	11734	7	1	20	20	8	Янтарный перстень Неуязвимости	image_rng20djag	60,0,100,0,0,42,43	12,6,16,2,2,6,10	0	0,0,46,46,0	12,12,0	0-0	0
I	10715	7	3	20	20	2	Кольцо Адского Сатаны	image_rng_megavar	86,0,81,0,0,76,0	30,0,25,1,1,26,15	0	0,0,36,36,0	28,28,22	0-0	0
I	10761	7	3	20	20	32	Кольцо Алого Феникса	image_rng0003	0,0,51,91,98,0,0	0,0,25,36,37,0,0	0	0,0,27,27,0	25,25,32	0-0	0
I	10738	7	3	20	20	4	Кольцо Золотой Черепахи	image_rng11	20,0,78,0,0,77,75	0,0,31,6,6,25,30	0	0,0,55,55,0	20,20,20	0-0	0
I	10704	7	3	20	20	1	Перстень Лазурного Дракона	image_rng12	50,80,43,0,0,71,0	25,23,15,1,1,23,10	0	0,0,36,36,0	25,25,26	0-0	0
I	10750	7	3	20	20	16	Перстень Лунного Грифона	image_rng0002	78,0,72,76,0,20,0	18,12,20,16,20,0,12	0	0,0,37,37,0	26,26,24	0-0	0
I	10727	7	3	20	20	8	Печатка Черного Единорога	image_rng_megadjag	60,0,100,0,0,42,43	21,13,31,0,0,12,21	0	0,0,67,67,0	20,20,12	0-0	0
I	468	7	5	20	20	8	Кольцо повелителя брони III	image_rng270	0,0,0,0,0,0,0	35,15,70,5,5,15,65	5	52,52,52,52,52	32,32,24	0-0	0
I	1085	7	5	20	20	32	Кольцо повелителя магии III	image_rng2473	0,0,0,0,0,0,0	0,0,50,75,85,0,0	5	25,25,35,35,25	51,51,37	0-0	0
I	1093	7	5	20	20	2	Кольцо повелителя силы III	image_rng3264	0,0,0,0,0,0,0	55,15,45,5,5,65,20	5	0,0,99,99,0	46,46,26	0-0	0
I	1091	7	5	20	20	16	Кольцо повелителя слова III	image_rng1618	0,0,0,0,0,0,0	45,0,55,60,50,0,0	5	36,36,40,40,36	41,41,36	0-0	0
I	1088	7	5	20	20	1	Кольцо повелителя стрел III	image_ring33	0,0,0,0,0,0,0	40,60,20,5,5,65,15	5	25,25,25,25,25	56,56,37	0-0	0
I	1096	7	5	20	20	4	Кольцо повелителя щита III	image_rng943	0,0,0,0,0,0,0	0,0,65,5,5,65,70	5	0,0,115,115,0	41,41,22	0-0	0
I	2476	7	8	20	20	8	Клановое кольцо	image_rng214	0,0,0,0,0,0,0	100,0,30,0,0,200,100	0	0,0,0,0,0	0,0,0	0-0	0
I	2477	7	8	20	20	8	Клановое кольцо	image_rng972	0,0,0,0,0,0,0	0,0,170,200,0,0,0	5	0,0,0,0,0	0,0,0	0-0	0
I	2478	7	8	20	20	8	Клановое кольцо	image_ring104	0,0,0,0,0,0,0	30,0,0,0,0,200,200	0	0,0,0,0,0	0,0,0	0-0	0
I	13126	7	1	21	21	8	Блестящее кольцо Бесстрашия	image_rng21gos_djag	65,0,105,0,0,47,48	13,8,17,3,3,8,12	0	0,0,51,51,0	17,17,0	0-0	0
I	13128	7	1	21	21	32	Кольцо Безмятежности	image_rng21gos_mage	0,0,56,96,103,0,0	0,0,16,23,25,0,0	0	0,0,25,25,0	18,18,16	0-0	0
I	13123	7	1	21	21	1	Кольцо из Рощи вурдалаков	image_rng21gos_rang	55,85,45,0,0,76,0	12,17,7,3,3,17,5	0	0,0,29,29,0	19,19,12	0-0	0
I	13124	7	1	21	21	2	Перстень Бесконечной Битвы	image_rng21gos_var	91,0,86,0,0,87,0	17,7,10,3,3,17,7	0	0,0,35,35,0	25,25,0	0-0	0
I	13127	7	1	21	21	16	Перстень Гармонии духа	image_rng21gos_priest	83,0,77,81,0,20,0	14,4,14,14,14,2,2	0	0,0,37,37,0	15,15,12	0-0	0
I	13125	7	1	21	21	4	Печатка яркого Восхода	image_rng21gos_shield	20,0,83,0,0,82,80	5,0,17,4,4,17,17	0	0,0,40,40,0	15,15,10	0-0	0
I	11413	7	2	21	21	1	Глаз Изумрудного Дракона	image_rng18	55,85,45,0,0,76,0	26,25,20,3,3,25,15	0	0,0,45,45,0	33,33,25	0-0	0
I	11417	7	2	21	21	16	Кольцо Лунного Грифона	image_rng19	83,0,77,81,0,20,0	20,12,25,21,22,5,12	0	0,0,45,45,0	30,30,29	0-0	0
I	11418	7	2	21	21	32	Кольцо Снежного Феникса	image_rng20	0,0,56,96,103,0,0	0,0,28,44,45,0,0	0	0,0,46,46,0	25,25,35	0-0	0
I	11414	7	2	21	21	2	Перстень Адского Сатаны	image_rng22	91,0,86,0,0,87,0	33,10,25,2,2,30,15	0	0,0,51,51,0	30,30,25	0-0	0
I	11416	7	2	21	21	8	Перстень Черного Единорога	image_rng21	65,0,105,0,0,47,48	27,15,33,4,4,12,22	0	0,0,80,80,0	20,20,19	0-0	0
I	11415	7	2	21	21	4	Печатка Золотой Черепахи	image_rng17	20,0,83,0,0,82,80	10,0,31,6,6,30,34	0	0,0,70,70,0	25,25,19	0-0	0
I	2758	7	1	22	22	8	Кольцо Командора	image_rng_22djag	70,0,110,0,0,52,53	20,15,20,3,3,0,17	0	8,0,80,80,0	20,20,0	0-0	0
I	2757	7	1	22	22	4	Кольцо Мечелома	image_rng_22shield	20,0,89,0,0,88,88	0,0,20,9,9,20,20	0	0,0,72,72,0	17,17,12	0-0	0
I	2760	7	1	22	22	32	Кольцо Наставника	image_rng_22mage	0,0,63,103,111,0,0	0,0,20,28,30,0,0	0	25,0,46,46,0	20,20,17	0-0	0
I	2755	7	1	22	22	1	Кольцо Сумеречного Леса	image_rng_22luch	60,90,48,0,0,82,0	15,20,10,3,3,20,7	0	0,0,56,56,0	22,22,16	0-0	0
I	2756	7	1	22	22	2	Перстень Избранника Хаоса	image_rng_22var	98,0,90,0,0,94,0	20,7,15,3,3,20,10	0	0,0,60,60,8	30,30,0	0-0	0
I	2759	7	1	22	22	16	Перстень Праведника	image_rng_22priest	90,0,84,87,0,20,0	20,0,20,20,18,0,0	0	0,0,67,67,0	18,18,14	0-0	0
I	467	7	5	22	22	8	Кольцо повелителя брони II	image_rng270	0,0,0,0,0,0,0	45,20,70,5,5,20,75	5	59,59,59,59,59	35,35,25	0-0	0
I	1084	7	5	22	22	32	Кольцо повелителя магии II	image_rng2473	0,0,0,0,0,0,0	0,0,60,85,95,0,0	5	46,46,46,46,46	55,55,40	0-0	0
I	1092	7	5	22	22	2	Кольцо повелителя силы II	image_rng3264	0,0,0,0,0,0,0	60,20,50,5,5,70,30	5	44,44,44,44,44	50,50,30	0-0	0
I	1090	7	5	22	22	16	Кольцо повелителя слова II	image_rng1618	0,0,0,0,0,0,0	55,0,60,60,65,0,0	5	42,42,42,42,42	45,45,40	0-0	0
I	1087	7	5	22	22	1	Кольцо повелителя стрел II	image_ring33	0,0,0,0,0,0,0	45,60,25,5,5,70,30	5	30,30,30,30,30	60,60,40	0-0	0
I	1095	7	5	22	22	4	Кольцо повелителя щита II	image_rng943	0,0,0,0,0,0,0	15,0,70,5,5,70,75	5	51,51,51,51,51	45,45,25	0-0	0
I	9110	7	5	22	22	8	Крепкое оскверненное кольцо	image_rng_sea4	70,0,110,0,0,52,53	30,10,55,5,5,45,50	4	46,46,46,46,46	20,20,15	0-0	0
I	9109	7	5	22	22	4	Крепкое оскверненное кольцо	image_rng_sea3	20,0,89,0,0,88,88	30,0,55,5,5,45,60	4	40,40,40,40,40	25,20,25	0-0	0
I	9111	7	5	22	22	16	Крепкое оскверненное кольцо	image_rng_sea5	90,0,84,87,0,20,0	30,15,40,40,40,15,20	4	40,40,40,40,40	20,25,25	0-0	0
I	9112	7	5	22	22	32	Крепкое оскверненное кольцо	image_rng_sea6	0,0,63,103,111,0,0	0,0,50,75,75,0,0	4	36,36,36,36,36	25,25,30	0-0	0
I	9107	7	5	22	22	1	Крепкое оскверненное кольцо	image_rng_sea1	60,90,48,0,0,82,0	35,45,30,5,5,45,35	4	36,36,36,36,36	25,25,30	0-0	0
I	9108	7	5	22	22	2	Крепкое оскверненное кольцо	image_rng_sea2	98,0,90,0,0,94,0	50,20,45,5,5,45,30	4	36,36,36,36,36	25,25,30	0-0	0
I	11874	7	7	22	22	4	Золотое кольцо Воеводы	image_rng20+shield	20,0,89,0,0,88,88	15,0,44,5,10,45,46	5	51,0,75,75,0	49,49,36	0-0	0
I	11883	7	7	22	22	32	Лунный перстень Волхва	image_rng20+mage	0,0,63,103,111,0,0	0,0,41,62,62,0,0	5	0,0,50,50,40	50,50,55	0-0	0
I	11868	7	7	22	22	1	Малахитовое кольцо Конкистадора	image_rng20+rang	60,90,48,0,0,82,0	33,47,22,2,3,36,22	5	30,0,50,50,0	66,66,37	0-0	0
I	11877	7	7	22	22	8	Перстень Серебряного Зубра	image_rng20+djag	70,0,110,0,0,52,53	35,22,45,5,5,17,36	5	10,10,80,80,40	45,45,35	0-0	0
I	11880	7	7	22	22	16	Печатка Кровавого Прелата	image_rng20+priest	90,0,84,87,0,20,0	33,16,33,33,35,0,15	5	0,0,60,60,35	50,50,50	0-0	0
I	11871	7	7	22	22	2	Платиновое кольцо Вандала	image_rng20+var	98,0,90,0,0,94,0	45,20,27,1,2,45,25	5	50,0,61,61,0	60,60,31	0-0	0
I	2625	7	5	23	23	4	Кольцо Болотных огней	image_rng23_shield	20,0,95,0,0,95,92	0,0,65,5,5,65,65	2	0,0,106,106,0	40,40,20	0-0	0
I	2627	7	5	23	23	16	Кольцо Еретика	image_rng23_priest	97,0,91,94,0,20,0	45,0,55,55,50,0,0	2	0,0,91,91,0	40,40,35	0-0	0
I	2626	7	5	23	23	8	Кольцо Лазоревого Тура	image_rng23_djag	75,0,115,0,0,57,58	35,15,65,5,5,15,65	2	0,0,124,124,0	30,30,22	0-0	0
I	2623	7	5	23	23	1	Кольцо Небесной Армады	image_rng23_rang	65,98,51,0,0,88,0	40,55,20,5,5,65,15	2	0,0,60,60,0	55,55,36	0-0	0
I	2628	7	5	23	23	32	Кольцо Провидца	image_rng23_mage	0,0,71,111,120,0,0	0,0,50,75,80,0,0	2	0,0,70,70,0	50,50,36	0-0	0
I	2624	7	5	23	23	2	Кольцо Экспансии	image_rng23_var	106,0,94,0,0,102,0	55,10,45,5,5,65,20	2	0,0,91,91,0	45,45,25	0-0	0
I	317	8	1	0	0	2	Копье новобранца	image_spear8	0,0,0,0,0,0,0	1,0,0,0,0,0,0	0	0,0,0,0,0	0,0,0	8-22	2
I	183	8	1	2	2	2	Простое копье	image_spear1	5,0,0,0,0,0,0	5,1,2,0,0,0,0	0	0,0,1,1,0	0,0,0	25-35	3
I	184	8	1	4	4	2	Трезубец	image_spear6	8,0,0,0,0,4,0	5,0,3,0,0,2,0	0	0,0,2,2,0	0,0,0	38-50	3
I	185	8	1	6	6	2	Охотничье копье	image_spear8	14,0,0,0,0,8,0	7,0,4,0,0,3,0	0	0,0,2,2,0	2,2,1	54-80	3
I	186	8	1	7	7	2	Зубчатое копье	image_spear3	16,0,0,0,0,8,0	8,2,5,0,0,1,0	0	0,0,2,2,0	4,4,0	62-98	3
I	187	8	1	8	8	2	Железное копье	image_spear7	27,0,14,0,0,18,0	9,0,6,0,0,4,0	0	0,0,3,4,0	5,4,0	77-115	3
I	188	8	1	9	9	2	Усиленное железное копье	image_spear2	30,0,17,0,0,20,0	10,3,7,0,0,3,0	0	0,0,4,4,0	5,5,0	95-145	3
I	189	8	1	10	10	2	Стальное копье	image_spear9	35,0,21,0,0,25,0	14,3,8,0,0,3,0	0	0,0,5,5,0	6,6,0	120-168	3
I	939	8	2	10	10	2	Копье забвения	image_spear12	35,0,21,0,0,25,0	10,0,10,0,0,7,7	0	0,1,8,8,0	10,10,0	134-202	3
I	414	8	3	10	10	2	Генриетта	image_spear10	35,0,21,0,0,25,0	20,0,15,0,0,15,0	0	0,0,0,0,0	13,13,3	136-206	3
I	190	8	1	11	11	2	Боевое стальное копье	image_spear5	41,0,22,0,0,30,0	18,6,8,0,0,0,0	0	0,0,5,5,0	6,6,0	146-206	3
I	191	8	1	12	12	2	Великое копье	image_spear4	44,0,24,0,0,32,0	20,9,9,0,0,0,0	0	0,0,5,5,0	8,8,0	154-269	3
I	10827	8	1	13	13	2	Копье темных богов	image_spear_13	48,0,27,0,0,38,0	18,7,7,0,0,12,2	0	0,0,7,7,0	9,9,0	208-300	3
I	11809	8	2	13	13	2	Кровожадина	image_spear13_var	48,0,27,0,0,38,0	25,9,10,0,0,15,3	0	0,0,8,8,0	13,13,0	252-308	3
I	11136	8	3	14	14	2	Пика охотника на драконов	image_spear14_var	55,0,36,0,0,45,0	30,16,0,10,0,27,16	0	0,0,9,9,0	15,15,10	265-345	3
I	623	8	1	15	15	2	Пика кровавого зова	image_spear11	58,0,42,0,0,49,0	25,15,10,0,0,16,0	0	0,0,6,6,0	15,15,0	314-419	3
I	3076	8	2	15	15	2	Протазан красной звезды	image_spear20+2	58,0,42,0,0,49,0	23,10,23,0,0,23,10	0	0,0,9,9,0	20,20,0	368-438	3
I	11810	8	1	16	16	2	Штурмовое копье кровавого зова	image_spear16_var	61,0,48,0,0,55,0	30,17,13,0,0,19,0	0	0,0,10,10,0	17,17,0	376-500	3
I	683	8	3	16	16	2	Кровавый трезубец	image_spear18	61,0,48,0,0,55,0	38,17,30,5,5,30,17	0	0,0,37,37,0	15,15,10	436-616	3
I	3149	8	2	17	17	2	Пика убийцы драконов	image_spear17_var	71,0,55,0,0,62,0	50,30,0,10,0,50,29	0	0,0,19,19,0	25,25,19	456-592	3
I	3019	8	6	17	17	2	Алебарда Последней Надежды	image_spear_reaction	71,0,55,0,0,62,0	35,20,10,7,5,30,25	0	0,25,25,25,25	20,20,20	800-880	3
I	10057	8	1	18	18	2	Пика ночного хищника	image_spear19	74,0,62,0,0,66,0	36,10,18,3,5,22,10	0	0,0,19,19,0	20,20,0	578-712	3
I	11811	8	1	19	19	2	Менаулион атамана	image_spear19_var	78,0,71,0,0,69,0	38,17,20,4,5,24,12	0	0,0,25,25,0	18,18,11	666-846	3
I	3150	8	2	19	19	2	Пика победителя драконов	image_spear19_var1	78,0,71,0,0,69,0	65,35,0,16,0,65,35	0	0,0,42,42,0	30,30,25	630-882	3
I	3030	8	5	19	19	2	Растущий Двузубец Рока	image_spear_o	78,0,71,0,0,69,0	40,20,20,8,0,40,30	0	0,0,0,0,0	35,30,0	880-990	3
I	3080	8	7	19	19	2	Двухклинковая глефа демонов	image_spear19lvl	78,0,71,0,0,69,0	85,45,0,10,10,85,35	0	0,5,0,0,0	20,20,20	865-949	3
I	13206	8	1	20	20	2	Алебарда Красной Орды	image_spear20lvl	86,0,81,0,0,76,0	46,20,25,0,0,35,18	0	0,0,25,25,0	25,25,12	751-941	3
I	10716	8	3	20	20	2	Хвост Адского Сатаны	image_spear_megavar	86,0,81,0,0,76,0	68,42,41,8,4,74,34	0	0,0,60,60,0	63,63,5	1000-1177	3
I	3075	8	5	21	21	2	Искра Файрига	image_spear20+1	91,0,86,0,0,87,0	77,36,44,0,5,77,60	0	0,0,30,30,0	40,40,40	1001-1225	3
I	3127	8	5	21	21	2	Крепкая оскверненная пика	image_spear_sea	91,0,86,0,0,87,0	130,80,80,15,10,140,65	0	0,0,0,0,0	98,98,20	1303-1831	3
I	3095	8	5	21	21	2	Оскверненная пика	image_spear_sea	0,0,0,0,0,0,0	130,80,80,15,10,140,65	0	0,0,0,0,0	98,98,20	1303-1831	3
I	3151	8	2	22	22	2	Пика покорителя драконов	image_spear22_var	98,0,90,0,0,94,0	110,60,0,25,0,110,60	0	0,0,100,100,0	40,40,35	1089-1523	3
I	11651	8	2	22	22	2	Рожон Адского Сатаны	image_spear_var21	98,0,90,0,0,94,0	90,50,65,5,5,90,60	0	0,0,81,81,0	75,75,1	1247-1887	3
I	3084	8	7	22	22	2	Костяной гарпун Северного Вандала	image_spear_prise	98,0,90,0,0,94,0	110,50,90,4,4,130,80	0	0,0,0,0,0	60,60,2	1434-1700	3
I	3160	8	5	23	23	2	Гроза	image_spear23_var	106,0,94,0,0,102,0	130,60,85,0,0,140,65	6	20,20,20,20,20	100,100,108	1650-1798	3
I	192	9	1	3	3	2	Топор дровосека	image_axe1	5,0,0,0,0,4,0	3,2,1,0,0,3,0	0	0,0,3,3,0	0,0,0	32-52	3
I	13784	9	1	5	5	2	Простая алебарда	image_axe5var	8,0,0,0,0,7,0	4,2,3,0,0,3,1	0	0,0,3,3,0	1,1,0	38-52	2
I	193	9	1	6	6	2	Топор обычный	image_axe2	14,0,0,0,0,8,0	5,3,6,0,0,3,0	0	0,0,5,5,0	1,1,1	70-86	2
I	2463	9	1	7	7	2	Секира лидера	image_axe_bandito	0,0,0,0,0,0,0	4,3,4,0,0,4,4	0	0,0,1,1,0	5,5,1	88-98	2
I	194	9	1	10	10	2	Боевой топор	image_axe7	35,0,21,0,0,25,0	11,5,9,0,0,7,0	0	0,0,7,7,0	5,4,0	125-211	2
I	10113	9	1	10	10	2	Глефа наги	image_axe20	35,0,21,0,0,25,0	9,5,0,0,2,10,2	0	0,0,0,0,0	7,7,2	136-152	3
I	280	9	3	11	11	2	Угнетатель	image_axe9	41,0,22,0,0,30,0	15,0,15,0,0,20,8	0	0,0,0,0,0	15,15,0	207-283	3
I	195	9	1	12	12	2	Великий топор	image_axe8	44,0,24,0,0,32,0	12,9,12,0,0,9,4	0	0,0,5,5,0	10,10,0	219-274	2
I	11639	9	5	13	13	2	Тыквосекира	image_hallowaxe1	0,0,0,0,0,0,0	0,0,0,0,0,0,0	10	0,0,0,0,0	0,0,0	10-1000	3
I	622	9	1	14	14	2	Секира берсерка	image_axe12	55,0,36,0,0,45,0	13,13,13,0,5,14,8	0	0,0,6,6,0	12,12,4	337-376	2
I	13054	9	5	14	14	2	Сердцетопор	image_axe_valentin	0,0,0,0,0,0,0	0,0,0,0,0,0,0	10	14,14,14,14,14	14,14,14	110-1170	3
I	10314	9	7	16	16	2	Ритуальная секира палача	image_axe32	61,0,48,0,0,55,0	50,24,30,5,10,50,20	0	0,0,0,0,0	8,8,1	573-653	2
I	10056	9	1	17	17	2	Секира ночного хищника	image_axe18	71,0,55,0,0,62,0	22,14,22,5,5,22,14	0	0,0,14,14,0	25,25,0	570-654	2
I	10592	9	2	17	17	2	Ядовитая секира горных владык	image_axevar	71,0,55,0,0,62,0	30,18,25,6,6,35,20	0	0,0,1,1,0	30,30,13	666-680	2
I	10401	9	2	18	18	2	Гниющий топор палача	image_axe41	74,0,62,0,0,66,0	45,20,8,3,3,36,25	0	0,0,0,0,0	35,35,7	634-754	3
I	10717	9	3	20	20	2	Секира Адского Сатаны	image_axe_megavarbig	86,0,81,0,0,76,0	75,45,55,9,5,85,50	0	0,0,64,64,0	75,75,0	1175-1365	2
I	1078	9	6	20	20	2	Гигантская полыхающая секира	image_axe_obsidian1	0,0,0,0,0,0,0	90,50,50,3,3,90,60	0	0,0,0,0,0	87,87,0	964-1213	3
I	3047	9	5	21	21	2	Великая секира Узурпатора	image_axe20+2	91,0,86,0,0,87,0	75,35,35,0,5,72,55	0	0,0,52,52,0	36,36,36	1420-1626	2
I	3048	9	2	22	22	2	Проклятая коса Экспансии	image_spear20+	98,0,90,0,0,94,0	80,40,50,4,6,90,65	0	15,15,15,15,15	44,44,44	1337-1535	3
I	3092	9	2	22	22	2	Святой лабрис Адского Сатаны	image_axe_megavarbig_prime	98,0,90,0,0,94,0	100,65,75,10,10,118,62	0	16,16,16,16,16	80,80,52	1488-2168	2
I	3101	9	7	22	22	2	Обезглавливатель Северного Вандала	image_axe20+var	98,0,90,0,0,94,0	132,60,108,5,5,156,96	0	0,0,0,0,0	69,69,18	1656-2000	2
I	3119	9	8	22	22	2	Декапитатор Палача	image_axe_executioner	98,0,90,0,0,94,0	135,90,110,10,10,160,100	5	25,25,25,25,25	70,70,35	1638-2018	3
I	2783	9	2	23	23	2	Призрачная секира	image_axe_ghost	106,0,94,0,0,102,0	120,78,90,10,10,142,75	4	0,50,40,40,0	90,90,69	1705-1951	3
I	10548	10	1	0	0	63	Льняные штаны	image_nakoleniki143	0,0,0,0,0,0,0	0,0,0,0,0,0,1	0	0,0,0,0,1	0,0,0	0-0	0
I	9010	10	1	2	2	8	Войлочные поножи	image_nkn5	0,0,4,0,0,0,0	0,0,1,0,0,1,1	0	0,0,0,0,3	2,0,0	0-0	0
I	9009	10	1	2	2	1	Простые кожаные поножи	image_nakolenikivar	4,0,0,0,0,0,0	1,1,0,0,0,1,0	0	0,0,0,0,3	0,2,0	0-0	0
I	9011	10	1	2	2	16	Шелковые поножи	image_nakoleniki0001	0,0,0,4,0,0,0	0,0,1,1,1,0,0	0	0,0,0,0,1	2,1,0	0-0	0
I	10215	10	5	2	2	8	Поножи начинающего джаггернаута	image_nakoleniki65	0,0,0,0,0,0,0	1,0,2,0,0,0,2	0	0,0,0,0,2	0,0,0	0-0	0
I	9065	10	1	3	3	32	Атласная защита голени	image_nkn_mage3	0,0,0,4,4,0,0	0,0,0,2,2,0,0	0	0,0,0,0,0	1,1,0	0-0	0
I	9062	10	1	3	3	4	Железная защита голени	image_nkn_shield3	0,0,4,0,0,0,4	0,0,2,0,0,1,1	0	0,0,0,0,4	0,0,0	0-0	0
I	9061	10	1	3	3	1	Плотные кожаные поножи	image_nkn_rang3	0,6,0,0,0,0,0	1,2,0,0,0,1,0	0	0,0,0,0,2	0,1,0	0-0	0
I	9064	10	1	3	3	16	Плотные поножи разума	image_nkn_jrec3	5,0,0,5,0,0,0	0,0,2,1,1,0,0	0	0,0,0,0,2	1,0,0	0-0	0
I	9063	10	1	3	3	8	Простые железные поножи	image_nkn_djag3	5,0,5,0,0,0,0	1,0,2,0,0,0,1	0	0,0,0,0,4	0,0,0	0-0	0
I	2455	10	1	3	3	2	Укрепленные кожаные штаны	image_nkn3lvl	5,0,0,0,0,4,0	2,0,0,0,0,2,0	0	0,0,0,0,4	0,0,0	0-0	0
I	108	10	1	4	4	32	Браслеты ученика для ног	image_nakoleniki16	0,0,0,9,12,0,0	0,0,0,2,3,0,0	0	0,0,0,0,3	1,0,0	0-0	0
I	9066	10	1	4	4	4	Жесткие кожаные поножи	image_nkn_shield4	0,0,8,0,0,0,6	0,0,2,0,0,2,1	0	0,0,0,0,5	0,0,0	0-0	0
I	107	10	1	4	4	1	Кожаные щитки	image_nakoleniki22	0,8,0,0,0,0,0	1,1,2,0,0,1,0	0	0,0,0,0,5	0,0,0	0-0	0
I	9067	10	1	4	4	8	Полированные набедренники	image_nkn_djag4	6,0,6,0,0,0,0	2,0,2,0,0,0,1	0	0,0,0,0,5	0,0,0	0-0	0
I	109	10	1	4	4	16	Поножи из прочной кожи	image_nakoleniki24	0,0,6,8,0,0,0	0,0,1,1,3,0,0	0	0,0,0,0,5	0,0,0	0-0	0
I	11927	10	1	4	4	8	Укрепленные кожаные поножи	image_nkn4djag	6,0,8,0,0,0,0	2,1,2,0,0,0,0	0	0,0,0,0,5	0,0,0	0-0	0
I	9068	10	1	5	5	1	Блестящие кожаные поножи	image_nkn_rang5	0,8,0,0,0,5,0	2,2,0,0,0,2,0	0	0,0,0,0,2	1,1,0	0-0	0
I	110	10	1	5	5	8	Железная защита колен	image_nakoleniki23	8,0,8,0,0,0,0	2,0,2,0,0,0,2	0	0,0,0,0,6	0,0,0	0-0	0
I	111	10	1	5	5	2	Железная защита ног	image_nakoleniki2	8,0,0,0,0,7,0	2,0,2,0,0,2,0	0	0,0,0,0,6	0,0,0	0-0	0
I	112	10	1	5	5	4	Ленточные кожаные поножи	image_nakoleniki1	0,0,8,0,0,0,8	0,0,2,0,0,2,2	0	0,0,0,0,6	0,0,0	0-0	0
I	10126	10	1	5	5	32	Повязки заклинателя	image_nakoleniki54	0,0,0,10,16,0,0	0,0,1,2,3,0,0	0	0,0,0,0,4	1,0,0	0-0	0
I	11945	10	1	5	5	16	Поножи послушания	image_nkn5jrec	9,0,7,8,0,0,0	1,0,2,2,1,0,0	0	0,6,0,0,0	0,0,0	0-0	0
I	13020	10	6	5	5	32	Штаны фокусника	image_nakoleniki56	0,0,0,13,10,0,0	0,0,2,5,3,0,0	0	0,0,0,0,10	2,2,0	0-0	0
I	264	10	1	6	6	16	Железные поножи послушника	image_nakoleniki21	12,0,0,12,0,0,0	2,0,2,2,2,0,0	0	0,0,0,0,8	1,1,0	0-0	0
I	113	10	1	6	6	1	Клепаные кожаные поножи	image_nakoleniki7	6,12,0,0,0,4,0	2,2,2,0,0,2,0	0	0,0,0,0,8	1,1,0	0-0	0
I	9069	10	1	6	6	4	Кожаные набедренники	image_nkn_shield6	0,0,8,0,0,0,8	0,0,3,0,0,3,2	0	0,0,0,0,8	1,1,0	0-0	0
I	11928	10	1	6	6	8	Легкие железные поножи	image_nkn6djag	6,0,12,0,0,0,6	2,1,3,0,0,0,2	0	0,0,0,0,12	0,0,0	0-0	0
I	2456	10	1	6	6	2	Пластинчатые поножи бойца	image_nkn6lvl2	14,0,0,0,0,8,0	3,0,2,0,0,3,0	0	0,0,0,0,4	2,2,0	0-0	0
I	2420	10	1	6	6	32	Поножи заклинателя	image_nkn6lvl	0,0,0,15,20,0,0	0,0,1,3,4,0,0	0	0,0,0,0,5	1,1,1	0-0	0
I	909	10	2	6	6	4	Укрепленные поножи бойца	image_nakoleniki32	0,0,12,0,0,8,8	2,2,3,0,0,2,2	0	0,0,0,0,12	1,1,0	0-0	0
I	13039	10	6	6	6	8	Поножи борца	image_nakoleniki60	11,0,16,0,0,0,6	2,2,3,0,0,0,3	0	0,0,0,0,24	1,1,0	0-0	0
I	13048	10	6	6	6	16	Поножи диакона	image_nakoleniki59	12,0,0,12,0,0,0	3,0,2,3,2,0,0	0	0,0,0,0,13	3,3,1	0-0	0
I	2423	10	1	7	7	8	Железные поножи	image_nkn7lvl2	13,0,20,0,0,0,0	2,2,3,0,0,0,2	0	0,0,0,0,16	0,0,0	0-0	0
I	114	10	1	7	7	32	Наколенники заклинателя	image_nakoleniki15	0,0,0,18,23,0,0	0,0,1,4,4,0,0	0	0,0,0,0,5	2,2,1	0-0	0
I	266	10	1	7	7	4	Окованные кожаные поножи	image_nakoleniki20	0,0,15,0,0,10,10	0,0,3,0,0,3,3	0	0,0,0,0,12	1,1,0	0-0	0
I	263	10	1	7	7	2	Поножи с шипами	image_nakoleniki25	16,0,0,0,0,8,0	3,0,2,0,0,2,2	0	0,0,0,0,12	1,1,0	0-0	0
I	11948	10	1	7	7	16	Стальные поножи послушника	image_nkn7jrec	14,0,0,18,0,0,0	2,0,2,3,2,0,0	0	0,0,0,0,12	1,1,0	0-0	0
I	2422	10	1	7	7	1	Усиленные клепанные поножи	image_nkn7lvl	0,18,0,0,0,12,0	3,3,0,0,0,3,0	0	0,0,0,0,12	1,1,0	0-0	0
I	13034	10	6	7	7	4	Поножи заступника	image_nakoleniki61	0,0,13,0,0,0,15	2,0,3,0,1,3,3	0	0,0,0,0,20	3,3,0	0-0	0
I	13015	10	6	7	7	2	Поножи злодея	image_nakoleniki57	16,0,0,0,0,12,0	4,0,2,0,0,4,2	0	0,0,0,0,20	3,3,0	0-0	0
I	13007	10	6	7	7	1	Поножи молодого охотника	image_nakoleniki55	0,18,0,0,0,12,0	2,3,1,0,0,3,3	0	0,5,0,0,15	3,3,0	0-0	0
I	115	10	1	8	8	8	Латные железные поножи	image_nakoleniki3	16,0,29,0,0,0,12	2,3,3,0,1,0,2	0	0,0,0,0,17	1,0,0	0-0	0
I	116	10	1	8	8	16	Латные наколенники жреца	image_nakoleniki19	21,0,17,22,0,0,0	2,0,2,2,5,0,0	0	0,0,0,0,11	2,2,0	0-0	0
I	13313	10	1	8	8	2	Наколенники затмения	image_nkn8var	27,0,14,0,0,18,0	3,0,4,0,0,4,0	0	0,0,0,0,15	1,1,0	0-0	0
I	117	10	1	8	8	1	Наколенники следопыта	image_nakoleniki8	11,27,0,0,0,22,0	3,2,3,0,0,3,0	0	0,0,0,0,13	1,2,0	0-0	0
I	10783	10	1	8	8	0	Поножи Сокрушителя	image_nakoleniki143	0,0,0,0,0,0,0	1,1,1,1,1,1,1	0	1,1,1,1,1	1,1,1	0-0	0
I	13700	10	1	8	8	32	Поножи колдуна	image_nkn8mage	0,0,12,22,27,0,0	0,0,3,4,4,0,0	0	0,0,0,0,12	1,1,1	0-0	0
I	11006	10	1	8	8	4	Стальные наколенники щитоносца	image_nkn14	0,0,27,0,0,12,22	0,0,3,0,0,4,4	0	0,0,0,0,15	1,1,0	0-0	0
I	921	10	2	8	8	2	Поножи дикаря	image_nakoleniki33	27,0,14,0,0,18,0	5,0,3,0,0,4,3	0	0,0,0,0,13	3,3,0	0-0	0
I	10142	10	3	8	8	32	Штаны иллюзиониста	image_nakoleniki56	0,0,12,22,27,0,0	0,0,5,6,6,0,0	0	0,0,0,0,7	3,4,1	0-0	0
I	11352	10	5	8	8	63	Трусы ЕВРО2012	image_nakoleniki_f	0,0,0,0,0,0,0	0,0,0,0,0,0,0	0	40,40,40,40,40	25,25,25	0-0	0
I	299995	10	5	8	8	63	Хэллоуинские штанишки	image_nakoleniki138	0,0,0,0,0,0,0	0,0,0,0,0,0,0	2	44,44,44,44,44	20,20,20	0-0	0
I	13318	10	1	9	9	16	Латные поножи жреца	image_nkn9jrec	25,0,20,26,0,0,0	2,0,3,4,3,0,1	0	0,0,0,0,19	1,1,0	0-0	0
I	119	10	1	9	9	4	Легкие стальные поножи	image_nakoleniki17	0,0,31,0,0,16,25	2,0,3,0,2,3,3	0	0,0,0,0,19	1,1,0	0-0	0
I	120	10	1	9	9	32	Наколенники колдуна	image_nakoleniki14	0,0,14,26,31,0,0	0,0,3,5,5,0,0	0	0,0,0,0,8	3,3,1	0-0	0
I	10652	10	1	9	9	1	Наколенники охотника	image_nknluch9	12,30,0,0,0,24,0	2,4,3,0,0,4,0	0	0,0,0,0,19	1,1,0	0-0	0
I	11930	10	1	9	9	8	Полные железные поножи	image_nkn9djag	19,0,34,0,0,0,13	3,1,4,0,1,0,4	0	0,0,0,0,19	1,1,0	0-0	0
I	118	10	1	9	9	2	Поножи гномовержца	image_nakoleniki5	30,0,17,0,0,20,0	4,0,3,0,1,3,2	0	0,0,0,0,23	0,0,0	0-0	0
I	10170	10	3	9	9	8	Поножи воителя	image_nakoleniki60	19,0,34,0,0,0,14	4,3,4,0,0,3,4	0	0,0,0,0,30	2,2,3	0-0	0
I	10161	10	3	9	9	16	Поножи капеллана	image_nakoleniki59	25,0,20,26,0,0,0	3,0,5,4,4,0,2	0	0,0,0,0,19	4,4,4	0-0	0
I	13701	10	1	10	10	1	Наколенники лесного разведчика	image_nkn10rang	15,34,0,0,0,28,0	4,5,1,0,0,5,0	0	0,0,0,0,22	2,2,0	0-0	0
I	13314	10	1	10	10	2	Наколенники темных богов	image_nkn10var	35,0,21,0,0,25,0	5,0,5,0,0,5,0	0	0,0,0,0,22	2,2,0	0-0	0
I	265	10	1	10	10	8	Полные стальные поножи	image_nakoleniki18	21,0,39,0,0,0,16	3,2,5,0,0,1,4	0	0,0,0,0,26	1,1,0	0-0	0
I	13319	10	1	10	10	16	Поножи храмовника	image_nkn10jrec	26,0,25,29,0,0,0	3,0,4,4,4,0,0	0	0,0,0,0,22	2,2,0	0-0	0
I	13702	10	1	10	10	4	Стальные поножи щитоносца	image_nkn10shield	0,0,36,0,0,20,28	0,0,5,0,0,5,5	0	0,0,0,0,30	0,0,0	0-0	0
I	13703	10	1	10	10	32	Штаны аколита	image_nkn10mage	0,0,15,26,0,0,0	0,0,3,6,6,0,0	0	0,0,0,0,18	3,3,0	0-0	0
I	933	10	2	10	10	32	Заколдованные поножи	image_nakoleniki34	0,0,15,26,0,0,0	2,0,5,7,6,0,0	0	0,0,0,0,13	7,7,0	0-0	0
I	13146	10	2	10	10	16	Позолоченные поножи священника	image_nakoleniki59	26,0,25,29,0,0,0	5,0,6,5,4,0,0	0	0,0,0,0,25	4,4,0	0-0	0
I	10155	10	3	10	10	2	Поножи душегуба	image_nakoleniki57	35,0,21,0,0,25,0	5,2,5,0,1,5,3	0	0,0,0,0,25	6,6,4	0-0	0
I	10183	10	3	10	10	4	Поножи покровителя	image_nakoleniki61	0,0,36,0,0,20,28	2,0,6,0,1,6,6	0	0,0,0,0,45	4,4,0	0-0	0
I	10138	10	3	10	10	1	Поножи старого охотника	image_nakoleniki55	15,34,0,0,0,28,0	5,3,2,1,0,5,5	0	0,5,0,0,26	6,6,2	0-0	0
I	13705	10	1	11	11	4	Легкие имперские поножи	image_nkn11shield	0,0,41,0,0,24,32	1,0,6,0,0,5,6	0	0,0,0,0,36	0,0,0	0-0	0
I	13704	10	1	11	11	2	Наколенники гномовержца	image_nkn11var	41,0,22,0,0,30,0	6,0,5,0,0,5,2	0	0,0,0,0,32	1,1,0	0-0	0
I	13776	10	1	11	11	32	Поножи аколита	image_nkn11mage	0,0,21,35,41,0,0	0,0,3,7,8,0,0	0	0,0,0,0,20	4,4,0	0-0	0
I	13311	10	1	11	11	1	Поножи эльфийского следопыта	image_nkn11rang	18,41,0,0,0,32,0	4,5,3,0,0,5,1	0	0,0,0,0,28	2,2,0	0-0	0
I	13706	10	1	11	11	8	Стальные поножи телохранителя	image_nkn11djag	27,0,44,0,0,0,18	5,2,5,0,0,0,6	0	0,0,0,0,36	0,0,0	0-0	0
I	10250	10	2	11	11	4	Наколенники стража башни	image_nakoleniki73	0,0,41,0,0,24,32	4,0,6,0,2,6,6	0	0,0,0,0,42	2,2,0	0-0	0
I	10091	10	3	11	11	16	Поножи благочестивости	image_nakoleniki49	31,0,30,35,0,0,0	7,0,8,7,10,0,0	0	0,0,0,0,42	6,6,0	0-0	0
I	10654	10	3	11	11	1	Поножи лучника	image_nknluch11	18,41,0,0,0,32,0	8,8,5,2,1,8,0	0	0,0,0,0,28	8,8,2	0-0	0
I	10081	10	3	11	11	2	Сабатоны красной звезды	image_nakoleniki48	41,0,22,0,0,30,0	8,2,7,0,2,8,5	0	0,0,0,0,42	6,6,0	0-0	0
I	10092	10	3	11	11	8	Тяжелые пластинчатые поножи	image_nakoleniki50	27,0,44,0,0,0,18	7,7,12,0,0,0,6	0	0,0,0,0,58	2,2,0	0-0	0
I	10116	10	6	11	11	32	Поножи миноса	image_nakoleniki53	0,0,21,35,0,0,0	0,0,6,7,7,0,0	0	0,0,0,0,11	4,4,1	0-0	0
I	122	10	1	12	12	4	Имперские поножи	image_nakoleniki10	0,0,43,0,0,30,36	2,0,5,0,3,6,8	0	0,0,0,0,36	0,0,0	0-0	0
I	124	10	1	12	12	8	Латные поножи	image_nakoleniki12	31,0,48,0,0,0,18	6,3,8,0,2,0,5	0	0,0,0,0,36	0,0,0	0-0	0
I	123	10	1	12	12	32	Наколенники архимага	image_nakoleniki13	0,0,22,41,46,0,0	0,0,6,9,9,0,0	0	0,0,0,0,20	4,4,0	0-0	0
I	125	10	1	12	12	16	Наколенники храмовника	image_nakoleniki11	35,0,34,40,0,0,0	4,0,6,5,9,0,0	0	0,0,0,0,32	1,1,0	0-0	0
I	121	10	1	12	12	2	Поножи темных богов	image_nakoleniki4	44,0,24,0,0,32,0	6,0,5,0,2,6,5	0	0,0,0,0,36	0,0,0	0-0	0
I	126	10	1	12	12	1	Укрепленные поножи эльфийского следопыта	image_nakoleniki9	19,42,0,0,0,34,0	4,9,5,0,0,6,0	0	0,0,0,0,28	2,2,0	0-0	0
I	13707	10	1	13	13	16	Легкие поножи паладина	image_nkn13jrec	40,0,39,45,0,0,0	6,0,6,6,6,0,3	0	0,0,0,0,49	4,4,4	0-0	0
I	13312	10	1	13	13	1	Наколенники проводника духов	image_nkn13rang	22,48,10,0,0,36,0	5,7,4,0,0,9,2	0	0,0,0,0,37	10,10,0	0-0	0
I	13316	10	1	13	13	4	Наколенники центуриона	image_nkn13shield	0,0,48,0,0,36,40	0,0,8,0,2,9,8	0	0,0,0,0,57	5,5,0	0-0	0
I	10909	10	1	13	13	2	Поножи берсерка	image_nkn13_var	48,0,27,0,0,38,0	9,0,7,0,0,9,2	0	0,0,0,0,50	5,5,2	0-0	0
I	10653	10	1	13	13	8	Тяжелые латные поножи	image_nkndjag10	34,0,54,0,0,0,22	7,0,8,0,0,4,8	0	0,0,0,0,57	5,5,0	0-0	0
I	13708	10	1	13	13	32	Штаны хранителя легенд	image_nkn13mage	0,0,23,45,52,0,0	0,0,6,10,11,0,0	0	0,0,0,0,28	10,10,3	0-0	0
I	13459	10	2	13	13	4	Поножи Максимиллиана I	image_nkn_AB	0,0,0,0,0,0,0	6,0,18,1,1,16,12	3	0,0,0,0,105	7,7,7	0-0	0
I	10254	10	2	13	13	32	Поножи ментальной ауры	image_nakoleniki72	0,0,23,45,52,0,0	0,0,9,14,13,0,0	0	0,0,0,0,41	13,13,4	0-0	0
I	13465	10	2	13	13	16	Шаровары Адольфа I	image_nkn_AM	0,0,0,0,0,0,0	8,0,16,16,14,0,0	3	0,0,0,0,90	7,7,12	0-0	0
I	13453	10	2	13	13	1	Штаны Ингрид I	image_nkn_AR	0,0,0,0,0,0,0	10,10,10,1,1,16,6	3	0,0,0,0,91	9,9,9	0-0	0
I	10911	10	3	13	13	1	Наколенники главного егеря	image_nkn13_ranger	22,48,10,0,0,36,0	10,12,10,0,0,12,5	0	0,12,0,0,50	15,15,5	0-0	0
I	10912	10	3	13	13	4	Поножи стража башни	image_nkn13_shield	0,0,48,0,0,36,40	6,0,15,0,0,14,14	0	0,0,0,0,75	11,11,6	0-0	0
I	10914	10	3	13	13	16	Стальные поножи прозрения	image_nkn13_priest	40,0,39,45,0,0,0	10,0,10,10,10,0,9	0	0,0,0,0,75	11,11,6	0-0	0
I	13354	10	6	13	13	63	Поножи Максимиллиана I	image_nkn_AB	0,0,0,0,0,0,0	6,0,18,1,1,16,12	3	0,0,0,0,105	7,7,7	0-0	0
I	13360	10	6	13	13	63	Шаровары Адольфа I	image_nkn_AM	0,0,0,0,0,0,0	8,0,16,16,14,0,0	3	0,0,0,0,90	7,7,12	0-0	0
I	13348	10	6	13	13	63	Штаны Ингрид I	image_nkn_AR	0,0,0,0,0,0,0	10,10,10,1,1,16,6	3	0,0,0,0,91	9,9,9	0-0	0
I	11576	10	7	13	13	32	Галифе прорицателя	image_nkn35	0,0,23,45,52,0,0	0,0,14,19,19,0,0	0	0,21,0,0,78	10,10,10	0-0	0
I	11573	10	7	13	13	4	Кнемиды славы	image_nkn29	0,0,48,0,0,36,40	9,0,17,0,0,13,13	0	0,21,0,0,78	10,10,10	0-0	0
I	11575	10	7	13	13	16	Кнемиды шамана	image_nkn30	40,0,39,45,0,0,0	13,0,17,13,9,0,0	0	0,21,0,0,78	10,10,10	0-0	0
I	11572	10	7	13	13	1	Поножи захватчика	image_nkn27	22,48,10,0,0,36,0	13,17,9,0,0,13,0	0	0,21,0,0,78	10,10,10	0-0	0
I	10291	10	7	13	13	2	Поножи мучителя	image_nakoleniki80	48,0,27,0,0,38,0	13,0,13,0,0,17,9	0	0,21,0,0,78	10,10,10	0-0	0
I	11574	10	7	13	13	8	Поножи стойкости	image_nkn28	34,0,54,0,0,0,22	13,9,17,0,0,0,13	0	0,21,0,0,78	10,10,10	0-0	0
I	13709	10	1	14	14	1	Легкие поножи проводника духов	image_nkn14rang	25,55,14,0,0,45,0	8,10,4,0,0,10,0	0	0,0,0,0,41	11,11,3	0-0	0
I	13710	10	1	14	14	2	Наколенники берсерка	image_nkn14var	55,0,36,0,0,45,0	7,4,7,0,0,10,4	0	0,0,0,0,57	7,7,3	0-0	0
I	564	10	1	14	14	16	Наколенники паладина	image_nakoleniki29	45,0,45,50,0,0,0	6,5,7,6,8,0,0	0	0,0,0,0,50	11,11,0	0-0	0
I	13556	10	1	14	14	8	Поножи доминирования	image_nkn14_djag2	39,0,62,0,0,0,28	6,6,12,0,0,4,4	0	0,0,0,0,70	6,6,0	0-0	0
I	10190	10	1	14	14	4	Поножи центуриона	image_nakoleniki62	0,0,55,0,0,42,45	0,0,10,0,2,10,10	0	0,0,0,0,58	6,6,4	0-0	0
I	13322	10	1	14	14	32	Штаны повелителя бурь	image_nkn14mage	0,0,25,55,62,0,0	0,0,5,13,14,0,0	0	0,0,0,0,26	14,14,4	0-0	0
I	10394	10	2	14	14	1	Поножи эльфийского принца	image_nakoleniki105	25,55,14,0,0,45,0	9,14,8,0,0,9,3	0	0,0,0,0,54	14,14,6	0-0	0
I	10915	10	3	14	14	32	Галифе повелителя бурь	image_nkn14_mage	0,0,25,55,62,0,0	0,0,12,24,22,0,0	0	12,12,12,12,43	14,14,7	0-0	0
I	10910	10	3	14	14	2	Наколенники темной души	image_nkn14_var	55,0,36,0,0,45,0	14,8,13,0,3,14,6	0	0,0,0,0,59	19,19,11	0-0	0
I	10916	10	3	14	14	8	Поножи рыцарей чести	image_nkn14_djag	39,0,62,0,0,0,28	12,5,18,2,2,8,11	0	0,0,0,0,91	11,11,11	0-0	0
I	11989	10	3	14	14	4	Тяжелые поножи Победы	image_nknshield14	0,0,55,0,0,42,45	10,0,14,3,3,14,14	0	0,0,0,0,75	18,18,7	0-0	0
I	11398	10	5	14	14	63	Ледяные поножи	image_nkn_i	0,0,0,0,0,0,0	10,10,10,10,10,10,10	3	0,0,0,0,0	0,0,0	0-0	0
I	568	10	1	15	15	8	Наколенники доминирования	image_nakoleniki30	42,0,67,0,0,9,29	8,6,10,0,2,4,8	0	0,13,0,0,65	9,9,0	0-0	0
I	570	10	1	15	15	2	Наколенники кровавого зова	image_nakoleniki27	58,0,42,0,0,49,0	9,5,6,0,2,11,5	0	0,15,0,0,60	6,6,5	0-0	0
I	565	10	1	15	15	4	Наколенники патрициев	image_nakoleniki31	0,0,57,0,0,45,47	0,0,12,0,3,11,12	0	0,0,0,0,67	8,8,5	0-0	0
I	567	10	1	15	15	32	Наколенники хранителя легенд	image_nakoleniki28	0,0,27,60,69,0,0	0,0,9,15,14,0,0	0	8,8,8,8,10	12,12,8	0-0	0
I	13320	10	1	15	15	16	Поножи паладина	image_nkn15jrec	47,0,47,52,0,0,0	9,0,9,10,10,0,0	0	0,0,0,0,66	9,9,4	0-0	0
I	569	10	1	15	15	1	Поножи проводника духов	image_nakoleniki26	27,57,16,0,0,47,0	6,11,3,0,4,11,3	0	0,0,0,0,45	15,15,3	0-0	0
I	13203	10	2	15	15	63	Ледяные поножи МК1	image_nkn_i	0,0,0,0,0,0,0	12,12,12,12,12,12,12	3	15,15,15,15,15	6,6,6	0-0	0
I	10236	10	2	15	15	16	Поножи верховного жреца	image_nakoleniki69	47,0,47,52,0,0,0	10,5,14,10,12,0,0	0	0,0,0,0,57	14,14,14	0-0	0
I	10238	10	2	15	15	32	Поножи хранителя легенд	image_nakoleniki68	0,0,27,60,69,0,0	0,0,10,20,21,0,0	0	0,0,0,0,40	19,19,13	0-0	0
I	11527	10	7	15	15	32	Галифе пророка	image_nkn26	0,0,27,60,69,0,0	0,0,18,28,29,0,0	0	0,25,0,0,35	20,20,20	0-0	0
I	11524	10	7	15	15	4	Кнемиды гордости	image_nkn24	0,0,57,0,0,45,47	0,0,20,3,5,22,25	0	0,30,0,0,60	20,20,10	0-0	0
I	11525	10	7	15	15	8	Кнемиды непреклонного	image_nkn23	42,0,67,0,0,9,29	15,10,22,3,0,5,20	0	0,50,0,0,70	20,20,0	0-0	0
I	11522	10	7	15	15	1	Наколенники мстителя	image_nkn21	27,57,16,0,0,47,0	15,20,10,0,3,20,7	0	0,25,0,0,30	25,25,15	0-0	0
I	11523	10	7	15	15	2	Наколенники палача	image_nkn22	58,0,42,0,0,49,0	25,8,12,0,0,20,10	0	0,35,0,0,40	20,20,15	0-0	0
I	11526	10	7	15	15	16	Поножи оракула	image_nkn25	47,0,47,52,0,0,0	16,10,15,17,17,0,0	0	0,15,0,0,50	15,15,25	0-0	0
I	13711	10	1	16	16	2	Поножи вождя	image_nkn16var	61,0,48,0,0,55,0	12,0,12,0,0,12,6	0	0,0,0,0,68	11,11,4	0-0	0
I	13713	10	1	16	16	16	Поножи крестоносца	image_nkn16jrec	51,0,52,54,0,0,0	8,2,10,9,13,0,0	0	0,0,0,0,46	15,15,6	0-0	0
I	13150	10	1	16	16	1	Поножи лесного дозора	image_nkn16lvl_rang	29,60,20,0,0,49,0	7,11,5,0,2,12,5	0	0,0,0,0,48	13,13,8	0-0	0
I	13714	10	1	16	16	32	Поножи могущества	image_nkn16mage	0,0,30,68,73,0,0	0,0,10,16,16,0,0	0	0,0,0,0,42	13,13,10	0-0	0
I	13712	10	1	16	16	8	Поножи непреклонной силы	image_nkn16djag	45,0,76,0,0,15,31	10,7,13,0,0,0,12	0	0,0,0,0,84	10,10,0	0-0	0
I	10913	10	1	16	16	4	Тяжелые поножи патрициев	image_nkn16_shield	0,0,59,0,0,48,50	3,0,11,0,3,12,13	0	0,0,0,0,65	11,11,5	0-0	0
I	10514	10	2	16	16	8	Обсидиановые поножи колосса	image_nkn236	45,0,76,0,0,15,31	13,4,19,0,0,9,12	0	0,0,0,0,98	15,15,3	0-0	0
I	13477	10	2	16	16	4	Поножи Максимиллиана II	image_nkn_AB	0,0,0,0,0,0,0	14,0,24,1,1,24,20	3	0,0,0,0,136	16,16,16	0-0	0
I	10369	10	2	16	16	4	Поножи воинской доблести	image_nakoleniki82	0,0,59,0,0,48,50	10,0,14,0,5,14,14	0	0,10,0,0,85	15,15,4	0-0	0
I	10520	10	2	16	16	2	Поступь смерти	image_nkn250	61,0,48,0,0,55,0	16,0,15,0,0,20,6	0	0,0,0,0,43	22,22,12	0-0	0
I	13483	10	2	16	16	16	Шаровары Адольфа II	image_nkn_AM	0,0,0,0,0,0,0	12,0,24,24,24,0,0	3	0,0,0,0,100	19,19,24	0-0	0
I	13471	10	2	16	16	1	Штаны Ингрид II	image_nkn_AR	0,0,0,0,0,0,0	16,16,16,1,1,24,10	3	0,0,0,0,108	20,20,20	0-0	0
I	10587	10	3	16	16	16	Поножи епископа	image_nkn6	51,0,52,54,0,0,0	16,10,16,18,16,0,0	0	0,0,0,0,100	17,17,18	0-0	0
I	681	10	3	16	16	1	Поножи лесных теней	image_nakoleniki44	29,60,20,0,0,49,0	10,18,14,4,4,18,8	0	0,34,0,0,70	22,22,10	0-0	0
I	685	10	3	16	16	32	Поножи патриарха	image_nakoleniki43	0,0,30,68,73,0,0	0,0,24,26,26,0,0	0	20,20,20,20,20	20,20,14	0-0	0
I	13526	10	6	16	16	63	Ледяные поножи МК2	image_nkn_i	0,0,0,0,0,0,0	14,14,14,14,14,14,14	3	20,20,20,20,20	9,9,9	0-0	0
I	13372	10	6	16	16	63	Поножи Максимиллиана II	image_nkn_AB	0,0,0,0,0,0,0	14,0,24,1,1,24,20	3	0,0,0,0,136	16,16,16	0-0	0
I	13378	10	6	16	16	63	Шаровары Адольфа II	image_nkn_AM	0,0,0,0,0,0,0	12,0,24,24,24,0,0	3	0,0,0,0,100	19,19,24	0-0	0
I	13366	10	6	16	16	63	Штаны Ингрид II	image_nkn_AR	0,0,0,0,0,0,0	16,16,16,1,1,24,10	3	0,0,0,0,108	20,20,20	0-0	0
I	13715	10	1	17	17	1	Наколенники Золотого Феникса	image_nkn17rang	39,69,24,0,0,59,0	7,15,7,0,0,15,0	0	0,0,0,0,60	15,15,6	0-0	0
I	13716	10	1	17	17	4	Наколенники античного витязя	image_nkn17shield	20,0,61,0,0,51,53	0,0,14,0,0,15,15	0	0,0,0,0,93	9,9,3	0-0	0
I	13162	10	1	17	17	2	Наколенники ночного хищника	image_nkn17lvl_var	71,0,55,0,0,62,0	11,3,10,0,2,13,5	0	0,0,0,0,62	16,16,4	0-0	0
I	10031	10	1	17	17	8	Поножи древнего колосса	image_nakoleniki35	51,0,86,0,0,20,35	9,7,11,0,3,5,9	0	0,21,0,0,80	4,4,7	0-0	0
I	10030	10	1	17	17	16	Поножи святого слова	image_nakoleniki40	54,0,55,56,0,0,0	9,8,9,8,10,0,0	0	0,0,0,0,75	12,12,5	0-0	0
I	13717	10	1	17	17	32	Штаны равновесия элементов	image_nkn17mage	0,0,37,76,83,0,0	0,0,8,18,18,0,0	0	0,0,0,0,56	13,13,10	0-0	0
I	11049	10	2	17	17	32	Наколенники небесной энергии	image_nkn12	0,0,37,76,83,0,0	0,0,20,25,25,0,0	0	0,0,0,0,65	15,15,15	0-0	0
I	13222	10	2	17	17	8	Обсидиановые кнемиды колосса	image_nkn17rar_djag	51,0,86,0,0,20,35	14,10,18,2,1,11,14	0	0,0,0,0,86	15,15,8	0-0	0
I	10468	10	2	17	17	4	Поножи чемпиона	image_nakoleniki122	20,0,61,0,0,51,53	10,0,20,0,0,20,20	0	0,15,0,0,75	20,20,0	0-0	0
I	11046	10	2	17	17	1	Рейтузы Соколиной Охоты	image_nkn9	39,69,24,0,0,59,0	15,20,10,5,0,20,0	0	0,0,0,0,62	18,18,12	0-0	0
I	10553	10	3	17	17	4	Наколенники чемпиона	image_nkn251	20,0,61,0,0,51,53	10,0,20,0,5,21,23	0	0,30,0,0,80	18,26,17	0-0	0
I	11994	10	3	17	17	32	Поножи небесной энергии	image_nknmag17	0,0,37,76,83,0,0	0,0,25,27,27,0,0	0	0,50,0,0,71	20,20,16	0-0	0
I	10562	10	3	17	17	2	Поножи рыцарей ночи	image_nakoleniki500	71,0,55,0,0,62,0	23,0,14,4,4,20,14	0	0,0,0,0,119	25,25,10	0-0	0
I	11169	10	5	17	17	63	Ноги Дракона 2024	image_nkn_dracon	0,0,0,0,0,0,0	0,0,60,0,0,0,0	4	40,40,40,40,40	28,28,28	0-0	0
I	13563	10	6	17	17	63	Ледяные поножи МК3	image_nkn_i	0,0,0,0,0,0,0	17,17,17,17,17,17,17	3	30,30,30,30,30	15,15,15	0-0	0
I	11048	10	1	18	18	4	Латные поножи античного витязя	image_nkn11	20,0,63,0,0,60,60	0,0,17,0,5,16,16	0	0,0,0,0,90	9,9,6	0-0	0
I	13718	10	1	18	18	16	Наколенники святого слова	image_nkn18jrec2	63,0,57,62,0,0,0	12,0,12,13,12,0,5	0	0,0,0,0,80	13,13,4	0-0	0
I	10032	10	1	18	18	1	Поножи золотого Феникса	image_nakoleniki38	40,71,31,0,0,62,0	10,14,6,0,5,16,3	0	0,0,0,0,60	15,15,8	0-0	0
I	10033	10	1	18	18	2	Поножи ночного хищника	image_nakoleniki37	74,0,62,0,0,66,0	12,6,11,0,4,15,6	0	0,0,0,0,75	6,15,9	0-0	0
I	10034	10	1	18	18	32	Поножи равновесия элементов	image_nakoleniki36	0,0,41,80,83,0,0	0,0,14,20,20,0,0	0	10,10,10,10,26	12,12,10	0-0	0
I	13317	10	1	18	18	8	Укрепленные поножи древнего колосса	image_nkn18djag	53,0,88,0,0,27,35	12,0,15,0,3,10,14	0	0,0,0,0,108	9,9,0	0-0	0
I	13321	10	2	18	18	16	Латные поножи епископа	image_nkn18jrec	63,0,57,62,0,0,0	10,10,20,20,14,0,8	0	0,0,0,0,80	17,17,15	0-0	0
I	13555	10	2	18	18	2	Поножи горных владык	image_nkn18_var	74,0,62,0,0,66,0	18,10,20,0,0,22,12	0	0,0,0,0,83	17,17,14	0-0	0
I	11986	10	3	18	18	1	Наголенники Вечной Весны	image_nknrang18	40,71,31,0,0,62,0	15,30,15,2,3,28,2	0	0,0,0,0,121	22,22,19	0-0	0
I	11051	10	3	18	18	16	Поножи абсолютного познания	image_nkn18_priest	63,0,57,62,0,0,0	20,10,20,20,20,0,5	0	0,0,0,0,112	22,22,22	0-0	0
I	11054	10	3	18	18	8	Священные поножи Титана	image_nkn18_djag	53,0,88,0,0,27,35	20,15,25,5,5,10,15	0	0,0,0,0,156	17,17,14	0-0	0
I	13623	10	6	18	18	63	Ледяные поножи МК4	image_nkn_i	0,0,0,0,0,0,0	21,21,21,21,21,21,21	4	40,40,40,40,40	25,25,25	0-0	0
I	11771	10	7	18	18	2	Демонические кнемиды кровожадности	image_nkn19rat_var	74,0,62,0,0,66,0	40,10,20,0,0,40,20	0	0,50,0,0,100	45,45,10	0-0	0
I	11765	10	7	18	18	8	Кнемиды Лиловых Теней	image_nkn19rat_djag	53,0,88,0,0,27,35	30,15,40,0,0,15,30	0	0,60,0,0,140	28,28,16	0-0	0
I	11777	10	7	18	18	1	Наколенники Лесного Сумрака	image_nkn19rat_rang	40,71,31,0,0,62,0	25,40,15,0,0,30,20	0	0,50,0,0,80	44,44,18	0-0	0
I	11789	10	7	18	18	16	Платиновые поножи Апостола	image_nkn19rat_priest	63,0,57,62,0,0,0	25,10,30,30,30,0,5	0	0,51,0,0,90	30,30,33	0-0	0
I	11783	10	7	18	18	4	Сияющие поножи полудня	image_nkn19rat_shield	20,0,63,0,0,60,60	15,0,35,0,5,35,40	0	0,63,0,0,110	31,31,21	0-0	0
I	11795	10	7	18	18	32	Фланелевые лосины Чудотворца	image_nkn19rat_mage	0,0,41,80,83,0,0	0,0,30,50,50,0,0	0	0,50,0,0,86	32,32,32	0-0	0
I	11053	10	1	19	19	2	Кровавые поножи атамана	image_nkn19_var	78,0,71,0,0,69,0	20,0,18,2,0,20,10	0	0,0,0,0,76	13,13,10	0-0	0
I	10035	10	1	19	19	4	Поножи броненосца	image_nakoleniki39	20,0,69,0,0,68,67	12,0,17,0,5,18,18	0	0,0,0,0,83	12,12,9	0-0	0
I	11052	10	1	19	19	16	Тяжелые поножи великомученика	image_nkn19_priest	70,0,62,69,0,0,0	17,0,16,17,20,0,0	0	0,0,0,0,68	15,15,10	0-0	0
I	11047	10	1	19	19	1	Чешуйчатые рейтузы Древних	image_nkn10	44,73,36,0,0,64,0	15,20,10,0,0,18,7	0	0,0,0,0,58	16,16,12	0-0	0
I	11050	10	1	19	19	32	Чулки великого волшебника	image_nkn13	0,0,46,85,90,0,0	0,0,18,26,26,0,0	0	0,0,0,0,50	18,18,12	0-0	0
I	11055	10	1	19	19	8	Штурмовые поножи кавалериста	image_nkn19_djag	55,0,94,0,0,35,38	18,10,23,3,0,0,16	0	0,0,0,0,97	10,10,7	0-0	0
I	13495	10	2	19	19	4	Поножи Максимиллиана III	image_nkn_AB	0,0,0,0,0,0,0	22,0,40,2,2,38,30	3	0,0,0,0,166	24,24,24	0-0	0
I	13501	10	2	19	19	16	Шаровары Адольфа III	image_nkn_AM	0,0,0,0,0,0,0	18,0,38,40,38,0,0	3	0,0,0,0,120	28,28,34	0-0	0
I	13489	10	2	19	19	1	Штаны Ингрид III	image_nkn_AR	0,0,0,0,0,0,0	26,26,26,2,2,38,14	3	0,0,0,0,132	31,31,26	0-0	0
I	13315	10	3	19	19	2	Смертоносные поножи Жнеца	image_nkn19var	78,0,71,0,0,69,0	31,15,28,2,2,31,12	0	0,0,0,0,139	25,25,20	0-0	0
I	13323	10	3	19	19	32	Чулки огнепоклонника	image_nkn19mage	0,0,46,85,90,0,0	0,0,39,41,41,0,0	0	40,40,40,40,40	15,15,13	0-0	0
I	13640	10	3	19	19	4	Штурмовые поножи Монолита	image_nkn19_shield	20,0,69,0,0,68,67	11,0,35,5,0,35,35	0	0,44,0,0,124	20,20,17	0-0	0
I	13802	10	6	19	19	63	Ледяные поножи МК5	image_nkn_i	0,0,0,0,0,0,0	25,25,25,25,25,25,25	5	50,50,50,50,50	30,30,30	0-0	0
I	13390	10	6	19	19	63	Поножи Максимиллиана III	image_nkn_AB	0,0,0,0,0,0,0	22,0,40,2,2,38,30	3	0,0,0,0,166	24,24,24	0-0	0
I	13396	10	6	19	19	63	Шаровары Адольфа III	image_nkn_AM	0,0,0,0,0,0,0	18,0,38,40,38,0,0	3	0,0,0,0,120	28,28,34	0-0	0
I	13384	10	6	19	19	63	Штаны Ингрид III	image_nkn_AR	0,0,0,0,0,0,0	26,26,26,2,2,38,14	3	0,0,0,0,132	31,31,26	0-0	0
I	11693	10	1	20	20	16	Алые галифе Архиепископа	image_nkn20priest	78,0,72,76,0,20,0	20,0,22,20,22,0,0	0	0,0,0,0,94	16,16,16	0-0	0
I	11692	10	1	20	20	8	Вороненые поножи Неуязвимости	image_nkn20djag	60,0,100,0,0,42,43	20,13,25,2,2,5,17	0	0,0,0,0,125	12,12,10	0-0	0
I	11691	10	1	20	20	4	Лазурные кнемиды Победоносца	image_nkn20shield	20,0,78,0,0,77,75	0,0,26,2,5,25,26	0	0,0,0,0,107	15,15,12	0-0	0
I	11694	10	1	20	20	32	Лосины Патриарха Тьмы	image_nkn20mage	0,0,51,91,98,0,0	0,0,22,31,31,0,0	0	0,0,0,0,86	18,18,15	0-0	0
I	11690	10	1	20	20	2	Наголенники Красной Орды	image_nkn20var	86,0,81,0,0,76,0	25,7,15,1,0,25,11	0	0,0,0,0,93	20,20,10	0-0	0
I	11689	10	1	20	20	1	Наколенники Древних лесных владык	image_nkn20rang	50,80,43,0,0,71,0	15,25,10,0,0,24,10	0	0,0,0,0,80	21,21,13	0-0	0
I	2535	10	1	20	20	63	Подводные поножи	image_nkn_aqua	0,0,0,0,0,0,0	0,0,0,0,0,0,0	0	0,0,0,0,0	0,0,0	0-0	0
I	2517	10	2	20	20	63	Подводные поножи Атакующих	image_nkn_aqua	50,0,43,0,0,71,0	37,25,25,4,4,42,24	0	0,0,0,0,152	30,30,15	0-0	0
I	2523	10	2	20	20	63	Подводные поножи Защитников	image_nkn_aqua	20,0,78,0,0,42,43	25,16,43,5,5,29,38	0	0,0,0,0,180	23,23,15	0-0	0
I	2529	10	2	20	20	63	Подводные поножи Поддержки	image_nkn_aqua	0,0,51,76,0,0,0	17,7,32,47,50,0,8	0	0,0,0,0,163	22,22,22	0-0	0
I	10711	10	3	20	20	2	Поножи Адского Сатаны	image_nkn_megavar	86,0,81,0,0,76,0	47,10,30,3,3,40,28	0	0,30,0,0,130	30,26,15	0-0	0
I	10734	10	3	20	20	4	Поножи Золотой Черепахи	image_nkn7	20,0,78,0,0,77,75	20,0,42,6,6,42,45	0	0,20,0,0,145	23,23,20	0-0	0
I	10700	10	3	20	20	1	Поножи Лазурного Дракона	image_nkn8	50,80,43,0,0,71,0	27,41,22,4,4,43,20	0	0,32,0,0,120	30,30,15	0-0	0
I	10746	10	3	20	20	16	Поножи Лунного Грифона	image_nakoleniki0002	78,0,72,76,0,20,0	32,20,25,32,32,0,20	0	0,47,0,0,130	20,20,20	0-0	0
I	10723	10	3	20	20	8	Поножи Черного Единорога	image_nkn_megadjag	60,0,100,0,0,42,43	31,25,45,5,5,19,31	0	0,55,0,0,130	24,24,12	0-0	0
I	10757	10	3	20	20	32	Штаны Алого Феникса	image_nakoleniki0003	0,0,51,91,98,0,0	0,0,39,61,61,0,0	0	0,42,0,0,100	25,25,25	0-0	0
I	531	10	5	20	20	63	Поножи Змеееда	image_nkn_snake2025	0,0,0,0,0,0,0	56,40,56,44,44,40,56	7	0,0,0,0,302	40,40,40	0-0	0
I	525	10	5	20	20	63	Поножи Кролика	image_nkn_bunny	0,0,0,0,0,0,0	44,56,40,40,44,56,56	7	0,0,0,0,232	50,50,50	0-0	0
I	519	10	5	20	20	63	Поножи Тигромана	image_nkn_tiger	0,0,0,0,0,0,0	48,48,48,48,48,48,48	7	0,0,0,0,197	55,55,55	0-0	0
I	13822	10	6	20	20	63	Ледяные поножи МК6	image_nkn_i	0,0,0,0,0,0,0	35,35,35,35,35,35,35	5	60,60,60,60,60	40,40,40	0-0	0
I	13101	10	1	21	21	4	Латные поножи яркого Восхода	image_nkn21gos_shield	20,0,83,0,0,82,80	0,0,31,4,5,29,35	0	0,0,0,0,130	18,18,15	0-0	0
I	13103	10	1	21	21	16	Поножи Гармонии духа	image_nkn21gos_priest	83,0,77,81,0,20,0	23,0,24,26,24,0,7	0	0,0,0,0,111	19,19,20	0-0	0
I	13102	10	1	21	21	8	Сегментные поножи Бесстрашия	image_nkn21gos_djag	65,0,105,0,0,47,48	23,12,29,4,5,12,19	0	0,0,0,0,145	15,15,14	0-0	0
I	13100	10	1	21	21	2	Трубчатые поножи Бесконечной Битвы	image_nkn21gos_var	91,0,86,0,0,87,0	27,10,19,2,3,28,15	0	0,0,0,0,110	23,23,15	0-0	0
I	13099	10	1	21	21	1	Штаны из Рощи вурдалаков	image_nkn21gos_rang	55,85,45,0,0,76,0	18,28,14,2,3,25,14	0	0,0,0,0,96	25,25,17	0-0	0
I	13104	10	1	21	21	32	Элегантные штаны Безмятежности	image_nkn21gos_mage	0,0,56,96,103,0,0	0,0,34,35,35,0,0	0	0,0,0,0,103	21,21,20	0-0	0
I	11447	10	2	21	21	2	Кнемиды Адского Сатаны	image_nkn18	91,0,86,0,0,87,0	50,20,35,5,3,50,30	0	0,61,0,0,140	30,30,20	0-0	0
I	11448	10	2	21	21	4	Кнемиды Золотой Черепахи	image_nkn16	20,0,83,0,0,82,80	22,0,55,6,6,52,52	0	0,61,0,0,140	30,30,20	0-0	0
I	11449	10	2	21	21	8	Кнемиды Черного Единорога	image_nkn17	65,0,105,0,0,47,48	37,25,55,5,5,22,44	0	0,71,0,0,150	25,25,20	0-0	0
I	11451	10	2	21	21	32	Лосины Алого Феникса	image_nkn20	0,0,56,96,103,0,0	0,0,49,72,72,0,0	0	0,61,0,0,110	30,30,30	0-0	0
I	11446	10	2	21	21	1	Наколенники Изумрудного Дракона	image_nkn15	55,85,45,0,0,76,0	36,47,30,3,5,47,25	0	0,40,0,0,126	35,35,25	0-0	0
I	11450	10	2	21	21	16	Наколенники Лунного Грифона	image_nkn19	83,0,77,81,0,20,0	35,20,40,35,35,10,18	0	0,92,0,0,120	25,25,23	0-0	0
I	13513	10	2	21	21	4	Поножи Максимиллиана IV	image_nkn_AB	0,0,0,0,0,0,0	34,0,62,3,3,58,48	3	0,0,0,0,228	38,38,38	0-0	0
I	13519	10	2	21	21	16	Шаровары Адольфа IV	image_nkn_AM	0,0,0,0,0,0,0	28,0,58,62,60,0,0	3	0,0,0,0,176	42,42,50	0-0	0
I	13507	10	2	21	21	1	Штаны Ингрид IV	image_nkn_AR	0,0,0,0,0,0,0	40,40,40,3,3,58,24	3	0,0,0,0,190	46,46,40	0-0	0
I	13877	10	6	21	21	63	Ледяные поножи MK7	image_nkn_i	0,0,0,0,0,0,0	42,42,42,42,42,42,42	6	75,75,75,75,75	50,50,50	0-0	0
I	13408	10	6	21	21	63	Поножи Максимиллиана IV	image_nkn_AB	0,0,0,0,0,0,0	34,0,62,3,3,58,48	3	0,0,0,0,228	38,38,38	0-0	0
I	13414	10	6	21	21	63	Шаровары Адольфа IV	image_nkn_AM	0,0,0,0,0,0,0	28,0,58,62,60,0,0	3	0,0,0,0,176	42,42,50	0-0	0
I	13402	10	6	21	21	63	Штаны Ингрид IV	image_nkn_AR	0,0,0,0,0,0,0	40,40,40,3,3,58,24	3	0,0,0,0,190	46,46,40	0-0	0
I	2726	10	1	22	22	2	Наколенники Избранника Хаоса	image_nkn_22var	98,0,90,0,0,94,0	33,12,22,2,3,35,18	0	0,0,0,0,212	26,26,16	0-0	0
I	2728	10	1	22	22	8	Поножи Командора	image_nkn_22djag	70,0,110,0,0,52,53	27,14,40,4,5,0,35	0	0,0,0,0,241	18,18,17	0-0	0
I	2727	10	1	22	22	4	Поножи Мечелома	image_nkn_22shield	20,0,89,0,0,88,88	0,0,39,5,5,34,42	0	0,0,0,0,236	20,20,16	0-0	0
I	2729	10	1	22	22	16	Поножи Праведника	image_nkn_22priest	90,0,84,87,0,20,0	31,0,30,32,32,0,0	0	0,0,0,0,193	27,27,21	0-0	0
I	2725	10	1	22	22	1	Поножи Сумеречного Леса	image_nkn_22luch	60,90,48,0,0,82,0	21,33,17,2,3,32,17	0	0,0,0,0,192	28,28,20	0-0	0
I	2730	10	1	22	22	32	Штаны Наставника	image_nkn_22mage	0,0,63,103,111,0,0	0,0,41,42,42,0,0	0	0,0,0,0,199	27,27,19	0-0	0
I	2474	10	2	22	22	2	Ноги Падшего Варвара MK1	image_nkn_spawn	98,0,90,0,0,94,0	65,20,42,5,5,65,30	0	0,0,0,0,140	52,52,36	0-0	0
I	2489	10	2	22	22	8	Ноги Падшего Джаггернаута MK1	image_nkn_spawn	70,0,110,0,0,52,53	35,10,75,10,10,65,27	0	0,60,0,0,196	35,35,20	0-0	0
I	2495	10	2	22	22	16	Ноги Падшего Жреца MK1	image_nkn_spawn	90,0,84,87,0,20,0	50,0,59,56,52,0,15	0	0,20,0,0,152	39,40,42	0-0	0
I	2511	10	2	22	22	32	Ноги Падшего Мага MK1	image_nkn_spawn	0,0,63,103,111,0,0	0,0,74,79,79,0,0	0	0,60,0,0,120	41,40,38	0-0	0
I	2483	10	2	22	22	4	Ноги Падшего Мастера щита MK1	image_nkn_spawn	20,0,89,0,0,88,88	3,0,70,10,10,65,74	0	0,40,0,0,164	39,39,32	0-0	0
I	2468	10	2	22	22	1	Ноги Падшего Рейнджера MK1	image_nkn_spawn	60,90,48,0,0,82,0	40,60,30,5,5,65,27	0	0,0,0,0,129	54,54,37	0-0	0
I	2326	10	5	22	22	63	Хронопоножи	image_nkn_chrono	0,0,0,0,0,0,0	75,60,85,100,80,85,60	2	40,50,50,50,60	80,80,65	0-0	0
I	11866	10	7	22	22	32	Атласные лосины Волхва	image_nkn20+mage	0,0,63,103,111,0,0	0,0,72,98,99,0,0	0	0,69,0,0,150	66,66,70	0-0	0
I	11836	10	7	22	22	1	Велюровые наколенники Конкистадора	image_nkn20+rang	60,90,48,0,0,82,0	50,70,38,5,5,61,40	0	0,80,0,0,120	88,88,47	0-0	0
I	11848	10	7	22	22	4	Золотые поножи Воеводы	image_nkn20+shield	20,0,89,0,0,88,88	33,0,73,5,5,76,77	0	0,100,0,0,200	60,60,51	0-0	0
I	11842	10	7	22	22	2	Кнемиды Северного Вандала	image_nkn20+var	98,0,90,0,0,94,0	75,25,45,3,5,75,41	0	0,70,0,0,180	77,77,45	0-0	0
I	11854	10	7	22	22	8	Кнемиды Серебряного Зубра	image_nkn20+djag	70,0,110,0,0,52,53	65,28,75,5,5,25,66	0	50,100,0,0,200	55,55,41	0-0	0
I	11860	10	7	22	22	16	Поножи Кровавого Прелата	image_nkn20+priest	90,0,84,87,0,20,0	55,20,60,55,60,0,19	0	0,81,0,0,170	64,64,62	0-0	0
I	2591	10	2	23	23	2	Ноги Падшего Варвара MK2	image_nkn_spawn2	106,0,94,0,0,102,0	75,25,50,5,5,78,42	0	0,0,0,0,196	90,90,53	0-0	0
I	2603	10	2	23	23	8	Ноги Падшего Джаггернаута MK2	image_nkn_spawn2	75,0,115,0,0,57,58	40,15,90,10,10,78,37	0	0,75,0,0,285	55,55,45	0-0	0
I	2609	10	2	23	23	16	Ноги Падшего Жреца MK2	image_nkn_spawn2	97,0,91,94,0,20,0	55,0,70,70,65,0,20	0	0,60,0,0,210	70,70,55	0-0	0
I	2615	10	2	23	23	32	Ноги Падшего Мага MK2	image_nkn_spawn2	0,0,71,111,120,0,0	0,0,85,95,100,0,0	0	0,102,0,0,160	72,72,55	0-0	0
I	2597	10	2	23	23	4	Ноги Падшего Мастера щита MK2	image_nkn_spawn2	20,0,95,0,0,95,92	10,0,80,10,10,78,92	0	0,55,0,0,205	80,80,45	0-0	0
I	2585	10	2	23	23	1	Ноги Падшего Рейнджера MK2	image_nkn_spawn2	65,98,51,0,0,88,0	50,75,35,5,5,78,32	0	0,0,0,0,165	91,91,62	0-0	0
I	2801	10	2	23	23	32	Призрачные поножи Властелина	image_nkn_ghost6	0,0,71,94,0,0,0	0,0,85,127,128,0,0	3	0,30,0,0,300	75,75,70	0-0	0
I	2795	10	2	23	23	8	Призрачные поножи Исполина	image_nkn_ghost5	20,0,95,0,0,57,58	84,20,104,6,6,47,73	3	0,70,0,0,360	65,65,50	0-0	0
I	2777	10	2	23	23	16	Призрачные поножи Кардинала	image_nkn_ghost3	0,0,71,94,0,0,0	72,0,83,78,77,0,30	3	0,30,0,0,300	75,75,70	0-0	0
I	2771	10	2	23	23	4	Призрачные поножи Полководца	image_nkn_ghost2	20,0,95,0,0,57,58	35,0,102,6,6,100,91	3	0,70,0,0,360	65,65,50	0-0	0
I	2789	10	2	23	23	2	Призрачные штаны Атамана	image_nkn_ghost4	65,0,51,0,0,88,0	90,36,55,6,6,100,47	3	0,0,0,0,270	90,90,70	0-0	0
I	2765	10	2	23	23	1	Призрачные штаны Завоевателя	image_nkn_ghost1	65,0,51,0,0,88,0	54,90,50,6,6,100,34	3	0,0,0,0,270	90,90,70	0-0	0
I	2568	10	5	23	23	1	Наколенники Небесной Армады	image_nkn_rangprise	65,98,51,0,0,88,0	47,75,41,5,5,82,30	2	0,0,0,0,164	80,80,65	0-0	0
I	2569	10	5	23	23	2	Наколенники Экспансии	image_nkn_varprise	106,0,94,0,0,102,0	77,30,46,5,5,82,40	2	0,0,0,0,204	70,70,65	0-0	0
I	2570	10	5	23	23	4	Поножи Болотных огней	image_nkn_shieldprise	20,0,95,0,0,95,92	30,0,86,5,5,82,77	2	0,0,0,0,274	60,60,50	0-0	0
I	2572	10	5	23	23	16	Поножи Еретика	image_nkn_priestprise	97,0,91,94,0,20,0	60,0,70,66,64,0,25	2	0,0,0,0,240	60,60,67	0-0	0
I	2571	10	5	23	23	8	Поножи Лазоревого Тура	image_nkn_djagprise	75,0,115,0,0,57,58	70,20,85,5,5,40,60	2	0,0,0,0,300	50,50,57	0-0	0
I	2573	10	5	23	23	32	Штаны Провидца	image_nkn_mageprise	0,0,71,111,120,0,0	0,0,72,107,106,0,0	2	0,0,0,0,200	70,70,67	0-0	0
I	2639	10	6	24	24	2	Ноги Падшего Варвара MK3	image_nkn_spawn3	114,0,100,0,0,111,0	88,30,60,6,6,96,50	0	0,0,0,0,210	114,114,64	0-0	0
I	2651	10	6	24	24	8	Ноги Падшего Джаггернаута MK3	image_nkn_spawn3	80,0,120,0,0,63,63	48,18,108,12,12,96,42	0	0,90,0,0,342	66,66,54	0-0	0
I	2657	10	6	24	24	16	Ноги Падшего Жреца MK3	image_nkn_spawn3	100,0,102,100,0,20,0	66,0,84,84,78,0,24	0	0,72,0,0,252	84,84,66	0-0	0
I	2663	10	6	24	24	32	Ноги Падшего Мага MK3	image_nkn_spawn3	0,0,79,120,126,0,0	0,0,102,114,120,0,0	0	0,122,0,0,198	85,85,66	0-0	0
I	2645	10	6	24	24	4	Ноги Падшего Мастера щита MK3	image_nkn_spawn3	20,0,100,0,0,107,98	12,0,96,12,12,96,108	0	0,60,0,0,252	96,96,54	0-0	0
I	2633	10	6	24	24	1	Ноги Падшего Рейнджера MK3	image_nkn_spawn3	70,106,55,0,0,94,0	60,90,40,6,6,96,38	0	0,0,0,0,197	109,109,75	0-0	0
I	10547	11	1	0	0	63	Льняные ботинки	image_bots129	0,0,0,0,0,0,0	0,1,0,0,0,0,0	0	0,0,0,0,1	0,0,0	0-0	0
I	9007	11	1	1	1	8	Войлочные сапоги	image_bts5	0,0,3,0,0,0,0	0,1,1,0,0,0,0	0	0,0,0,0,3	0,1,0	0-0	0
I	9006	11	1	1	1	2	Простые кожаные сапоги	image_botsvar	3,0,0,0,0,0,0	1,0,0,0,0,1,0	0	0,0,0,0,3	1,0,0	0-0	0
I	9008	11	1	1	1	32	Шелковые туфли	image_bts0001	0,0,0,2,2,0,0	0,0,0,1,1,0,0	0	0,0,0,0,2	0,1,0	0-0	0
I	100096	11	9	1	1	0	Валенки	image_bots73	0,0,0,0,0,0,0	156,56,113,151,1,34,84	0	264,264,264,264,264	188,118,165	0-0	0
I	9080	11	1	3	3	32	Атласные туфли	image_bts_mage3	0,0,0,4,4,0,0	0,0,1,1,2,0,0	0	0,0,0,0,0	1,1,0	0-0	0
I	129	11	1	3	3	4	Клепаные кожаные сандалии	image_bots19	0,0,5,0,0,0,4	0,0,1,0,0,2,1	0	0,0,0,0,4	0,0,0	0-0	0
I	128	11	1	3	3	16	Кожаные ботинки	image_bots23	5,0,0,5,0,0,0	1,0,1,0,2,0,0	0	0,0,0,0,4	0,0,0	0-0	0
I	9079	11	1	3	3	1	Плотные кожаные ботинки	image_bts_rang3	0,6,0,0,0,0,0	1,1,1,0,0,1,0	0	0,0,0,0,2	1,0,0	0-0	0
I	127	11	1	3	3	2	Простые сандалии	image_bots24	5,0,0,0,0,4,0	1,0,3,0,0,0,0	0	0,0,0,0,4	0,0,0	0-0	0
I	2419	11	1	3	3	8	Укрепленные кожаные сапоги	image_bts3lvl	0,0,5,0,0,0,0	1,0,2,0,0,0,1	0	0,0,0,0,4	0,0,0	0-0	0
I	9083	11	1	4	4	16	Ботинки послушания	image_bts_jrec4	0,0,6,8,0,0,0	1,0,1,1,2,0,0	0	0,0,0,0,3	1,0,0	0-0	0
I	9082	11	1	4	4	8	Вороненые железные ботинки	image_bts_djag4	6,0,8,0,0,0,0	2,1,2,0,0,0,0	0	0,0,0,0,5	0,0,0	0-0	0
I	9081	11	1	4	4	2	Легкие плетеные ботинки	image_bts_var4	8,0,0,0,0,7,0	2,0,1,0,0,2,0	0	0,0,0,0,3	0,1,0	0-0	0
I	132	11	1	4	4	1	Походные ботинки	image_bots16	0,8,0,0,0,0,0	1,2,1,0,0,0,1	0	0,0,0,0,5	0,0,0	0-0	0
I	130	11	1	4	4	32	Сапоги ученика	image_bots1	0,0,0,9,12,0,0	0,0,1,2,2,0,0	0	0,0,0,0,3	0,1,0	0-0	0
I	131	11	1	4	4	4	Чешуйчатые сапоги	image_bots21	0,0,8,0,0,0,6	2,0,2,0,0,0,1	0	0,0,0,0,5	0,0,0	0-0	0
I	11624	11	1	5	5	63	Валенки костелуча	image_bts_scelluch	0,0,0,0,0,0,0	1,2,1,0,0,1,1	0	0,1,0,0,2	1,1,0	0-0	0
I	9085	11	1	5	5	8	Легкие стальные сапоги	image_bts_djag5	8,0,8,0,0,0,0	2,1,1,0,0,0,2	0	0,0,0,0,6	0,0,0	0-0	0
I	9084	11	1	5	5	1	Лесные ботинки	image_bts_rang5	0,8,0,0,0,5,0	1,2,1,0,0,2,0	0	0,0,0,0,4	1,0,0	0-0	0
I	258	11	1	5	5	4	Пластинчатые сапоги	image_bots22	0,0,8,0,0,0,8	0,0,2,0,0,2,2	0	0,0,0,0,6	0,0,0	0-0	0
I	133	11	1	5	5	2	Сапоги восточных племен	image_bots8	8,0,0,0,0,7,0	2,0,3,0,0,1,0	0	0,0,0,0,6	2,0,0	0-0	0
I	11946	11	1	5	5	16	Сапоги послушания	image_bts5jrec	9,0,7,8,0,0,0	2,0,1,1,2,0,0	0	0,0,0,0,6	0,0,0	0-0	0
I	134	11	1	5	5	32	Туфли заклинателя	image_bots17	0,0,0,10,16,0,0	0,0,1,2,3,0,0	0	0,0,0,0,4	0,1,0	0-0	0
I	13019	11	6	5	5	32	Ботинки фокусника	image_bots60	0,0,0,13,10,0,0	0,0,2,4,4,0,0	0	0,0,0,0,10	2,2,0	0-0	0
I	2421	11	1	6	6	32	Алые туфли заклинателя	image_bts6lvl	0,0,0,15,20,0,0	0,0,1,4,3,0,0	0	0,0,0,0,5	1,1,1	0-0	0
I	2457	11	1	6	6	2	Боевые сапоги дикаря	image_bts6lvl2	14,0,0,0,0,8,0	3,0,3,0,0,2,0	0	0,0,0,0,8	1,1,0	0-0	0
I	9086	11	1	6	6	16	Железные сапоги послушника	image_bts_jrec5	12,0,0,12,0,0,0	2,0,2,2,2,0,0	0	0,0,0,0,6	2,1,0	0-0	0
I	259	11	1	6	6	4	Окованные кожаные ботинки	image_bots6	0,0,12,0,0,8,8	0,0,3,0,0,2,3	0	0,0,0,0,12	0,0,0	0-0	0
I	135	11	1	6	6	1	Сапоги из прочной кожи	image_bots11	0,12,0,0,0,4,0	2,2,3,0,0,1,0	0	0,0,0,0,8	1,1,0	0-0	0
I	260	11	1	6	6	8	Тяжелые пластинчатые сапоги	image_bots3	6,0,12,0,0,0,6	2,2,3,0,0,1,0	0	0,0,0,0,14	0,0,0	0-0	0
I	908	11	2	6	6	2	Кустарные железные ботинки	image_bots34	10,0,8,0,0,6,0	3,2,3,0,0,2,2	0	0,0,0,0,18	0,0,2	0-0	0
I	100109	11	5	6	6	63	Валенки	image_bots73	0,0,0,0,0,0,0	0,0,0,0,0,0,0	0	50,50,50,50,50	10,10,10	0-0	0
I	13030	11	6	6	6	4	Ботинки заступника	image_bots64	0,0,12,0,0,8,8	2,0,2,0,0,3,3	0	0,0,0,0,20	2,2,0	0-0	0
I	13014	11	6	6	6	2	Ботинки злодея	image_bots61	14,0,0,0,0,9,0	3,2,2,0,0,3,0	0	0,0,0,0,18	2,3,0	0-0	0
I	13050	11	6	6	6	16	Сапоги диакона	image_bots62	12,0,0,12,0,0,0	2,0,3,3,2,0,0	0	0,0,0,0,16	3,3,0	0-0	0
I	13782	11	1	7	7	2	Ботинки дикаря	image_bts7var	16,0,0,0,0,8,0	3,0,3,0,0,3,0	0	0,0,0,0,12	1,1,0	0-0	0
I	571	11	1	7	7	1	Ботинки следопыта	image_bots2	0,18,0,0,0,12,0	2,3,2,0,0,2,0	0	0,0,0,0,8	2,2,0	0-0	0
I	13781	11	1	7	7	4	Бронзовые сапоги	image_bts7shield	0,0,15,0,0,10,10	0,0,3,0,0,3,3	0	0,0,0,0,12	1,1,0	0-0	0
I	136	11	1	7	7	16	Железные сапоги священника	image_bots7	14,0,0,18,0,0,0	2,0,2,2,3,0,0	0	0,0,0,0,12	1,1,0	0-0	0
I	11929	11	1	7	7	8	Простые железные ботинки	image_bts7djag	13,0,20,0,0,0,0	2,2,3,0,0,0,2	0	0,0,0,0,16	0,0,0	0-0	0
I	2462	11	1	7	7	63	Сапоги лидера	image_bts_bandit	0,0,0,0,0,0,0	2,2,2,0,0,2,2	0	0,0,0,0,10	1,1,1	0-0	0
I	137	11	1	7	7	32	Сапожки колдуна	image_bots4	0,0,0,18,23,0,0	0,0,3,3,3,0,0	0	0,0,0,0,12	1,1,0	0-0	0
I	13043	11	6	7	7	8	Сапоги борца	image_bots63	13,0,20,0,0,0,7	3,2,4,0,0,0,3	0	0,4,0,0,20	2,2,0	0-0	0
I	13006	11	6	7	7	1	Сапоги молодого охотника	image_bots59	0,18,0,0,0,12,0	3,3,2,0,0,3,1	0	0,0,0,0,20	3,3,0	0-0	0
I	13294	11	1	8	8	32	Ботинки заклинателя	image_bts8mage	0,0,12,22,27,0,0	0,0,3,4,4,0,0	0	0,0,0,0,9	2,2,1	0-0	0
I	11005	11	1	8	8	16	Пластинчатые ботинки священника	image_bts9	21,0,17,22,0,0,0	2,0,3,3,3,0,0	0	0,0,0,0,15	1,1,0	0-0	0
I	10779	11	1	8	8	0	Сапоги Сокрушителя	image_bots129	0,0,0,0,0,0,0	1,1,1,1,1,1,1	0	1,1,1,1,1	1,1,1	0-0	0
I	261	11	1	8	8	2	Сапоги затмения	image_bots25	27,0,14,0,0,18,0	4,1,3,0,0,3,0	0	0,0,0,0,19	0,0,0	0-0	0
I	11938	11	1	8	8	8	Сапоги защитника	image_bts8djag	16,0,29,0,0,0,12	2,2,3,0,1,0,3	0	0,0,0,0,15	1,1,0	0-0	0
I	262	11	1	8	8	1	Сапоги разведчика	image_bots12	11,27,0,0,0,22,0	2,4,3,0,0,2,0	0	0,0,0,0,11	2,2,0	0-0	0
I	138	11	1	8	8	8	Стальные сапоги	image_bots20	16,0,29,0,0,0,12	1,3,4,0,1,0,2	0	0,0,0,0,17	1,0,0	0-0	0
I	139	11	1	8	8	4	Усиленные чешуйчатые сапоги	image_bots18	0,0,27,0,0,12,22	1,0,2,0,0,4,4	0	0,0,0,0,17	1,0,0	0-0	0
I	10141	11	3	8	8	32	Ботинки иллюзиониста	image_bots60	0,0,12,22,27,0,0	0,0,5,6,6,0,0	0	0,0,0,0,10	2,2,2	0-0	0
I	11353	11	5	8	8	63	Бутсы ЕВРО2012	image_bots_f	0,0,0,0,0,0,0	0,0,0,0,0,0,0	0	40,40,40,40,40	25,25,25	0-0	0
I	13682	11	1	9	9	2	Ботинки гномовержца	image_bts9var	30,0,17,0,0,20,0	4,0,4,0,0,3,2	0	0,0,0,0,19	1,1,0	0-0	0
I	11004	11	1	9	9	32	Волшебные башмачки	image_bts8	0,0,14,26,31,0,0	0,0,5,4,4,0,0	0	0,0,0,0,8	3,3,1	0-0	0
I	13684	11	1	9	9	16	Сапоги культиста	image_bts9jrec	25,0,20,26,0,0,0	3,0,3,4,3,0,0	0	0,0,0,0,19	1,1,0	0-0	0
I	141	11	1	9	9	1	Сапоги следопыта	image_bts16_rang	12,30,0,0,0,24,0	3,3,3,0,1,3,0	0	0,0,0,0,15	2,2,0	0-0	0
I	13683	11	1	9	9	4	Стальные сапоги щитоносца	image_bts9shield	0,0,31,0,0,16,25	0,0,5,0,0,3,5	0	0,0,0,0,23	0,0,0	0-0	0
I	11931	11	1	9	9	8	Усиленные стальные сапоги	image_bts9djag	19,0,34,0,0,0,14	3,2,4,0,1,0,3	0	0,0,0,0,19	1,1,0	0-0	0
I	925	11	2	9	9	8	Сапоги стражника	image_bots36	19,0,34,0,0,0,14	4,4,4,0,0,4,2	0	0,0,0,0,26	1,1,0	0-0	0
I	10154	11	3	9	9	2	Ботинки душегуба	image_bots61	30,0,17,0,0,20,0	4,3,4,0,0,4,3	0	0,0,0,0,22	4,4,3	0-0	0
I	10179	11	3	9	9	4	Ботинки покровителя	image_bots64	0,0,31,0,0,16,25	4,0,5,0,0,5,4	0	0,0,0,0,27	5,5,0	0-0	0
I	10163	11	3	9	9	16	Сапоги капеллана	image_bots62	25,0,20,26,0,0,0	3,0,4,4,4,0,3	0	0,0,0,0,24	5,5,1	0-0	0
I	408	11	3	9	9	8	Сверхпрочные адамантовые сапоги	image_bots26	19,0,34,0,0,0,14	4,0,10,0,0,0,4	0	0,0,0,0,35	3,3,0	0-0	0
I	142	11	1	10	10	32	Башмачки аколита	image_bots15	0,0,17,30,36,0,0	0,0,3,6,6,0,0	0	0,0,0,0,14	4,4,0	0-0	0
I	13685	11	1	10	10	1	Ботинки лесного разведчика	image_bts10rang	15,34,0,0,0,28,0	4,5,1,0,0,5,0	0	0,0,0,0,22	2,2,0	0-0	0
I	10129	11	1	10	10	4	Легкие имперские сапоги	image_bots58	0,0,36,0,0,20,28	0,0,5,0,2,4,4	0	0,0,0,0,27	0,0,1	0-0	0
I	143	11	1	10	10	2	Сапоги гномовержца	image_bots5	35,0,21,0,0,25,0	4,0,4,0,2,4,1	0	0,0,0,0,26	1,1,0	0-0	0
I	13290	11	1	10	10	16	Сапоги священника	image_bots62	26,0,25,29,0,0,0	3,0,4,4,4,0,0	0	0,0,0,0,22	2,2,0	0-0	0
I	13686	11	1	10	10	8	Стальные сапоги телохранителя	image_bts10djag	21,0,39,0,0,0,16	5,0,5,0,0,0,5	0	0,0,0,0,30	0,0,0	0-0	0
I	13147	11	2	10	10	16	Позолоченные сапоги священника	image_bts10jrec	26,0,25,29,0,0,0	6,0,4,5,5,0,0	0	0,0,0,0,25	4,4,0	0-0	0
I	923	11	2	10	10	32	Сапоги посвященного	image_bots35	0,0,17,30,36,0,0	0,0,4,8,8,0,0	0	0,0,0,0,17	6,6,0	0-0	0
I	10174	11	3	10	10	8	Сапоги воителя	image_bots63	21,0,39,0,0,0,16	5,0,5,1,2,3,5	0	0,10,0,0,38	3,3,2	0-0	0
I	10137	11	3	10	10	1	Сапоги старого охотника	image_bots59	15,34,0,0,0,28,0	4,5,4,0,1,5,2	0	0,0,0,0,26	7,7,4	0-0	0
I	13282	11	1	11	11	1	Ботинки эльфийского следопыта	image_bts11rang	18,41,0,0,0,32,0	5,5,3,0,0,5,0	0	0,0,0,0,24	3,3,0	0-0	0
I	13688	11	1	11	11	4	Имперские сапоги	image_bts11shield	0,0,41,0,0,24,32	2,0,5,0,0,5,6	0	0,0,0,0,32	1,1,0	0-0	0
I	13689	11	1	11	11	32	Сапоги аколита	image_btsmage11	0,0,21,35,41,0,0	0,0,4,7,7,0,0	0	0,0,0,0,20	4,4,0	0-0	0
I	13687	11	1	11	11	2	Сапоги темных богов	image_bts11var2	41,0,22,0,0,30,0	5,1,4,0,0,5,3	0	0,0,0,0,28	2,2,0	0-0	0
I	144	11	1	11	11	16	Сапоги храмовника	image_bots13	31,0,30,35,0,0,0	3,2,3,3,7,0,0	0	0,0,0,0,25	2,2,1	0-0	0
I	145	11	1	11	11	8	Тяжелые латные ботинки	image_bots14	27,0,44,0,0,0,18	4,4,5,0,1,0,4	0	0,0,0,0,36	0,0,0	0-0	0
I	948	11	2	11	11	1	Сапоги Золотого Ястреба	image_bots37	18,41,0,0,0,32,0	4,6,4,0,3,6,1	0	0,0,0,0,26	6,6,0	0-0	0
I	13284	11	2	11	11	2	Сапоги мучительной скорби	image_bts11var	41,0,22,0,0,30,0	6,3,6,0,0,6,3	0	0,0,0,0,30	5,5,0	0-0	0
I	10656	11	3	11	11	32	Позолоченные сапоги мудрости	image_btsmage11	0,0,21,35,41,0,0	0,0,8,12,12,0,0	0	4,4,4,4,26	6,6,0	0-0	0
I	10899	11	3	11	11	2	Сапоги душегуба	image_bts11_var	41,0,22,0,0,30,0	7,2,7,1,2,8,5	0	0,0,0,0,46	5,5,0	0-0	0
I	10655	11	3	11	11	4	Сапоги легионера	image_btsshit11	0,0,41,0,0,24,32	5,0,8,2,1,8,8	0	0,0,0,0,42	6,6,0	0-0	0
I	13691	11	1	12	12	16	Боевые сапоги храмовника	image_bts12jrec	35,0,34,40,0,0,0	6,0,6,6,6,0,0	0	0,0,0,0,24	3,3,0	0-0	0
I	13692	11	1	12	12	32	Ботинки архимага	image_bts12mage	0,0,22,41,0,0,0	0,0,6,9,9,0,0	0	0,0,0,0,20	4,4,0	0-0	0
I	13690	11	1	12	12	8	Полные стальные сапоги	image_bts12djag	31,0,48,0,0,0,18	8,0,8,0,0,0,8	0	0,0,0,0,32	1,1,0	0-0	0
I	10900	11	1	12	12	2	Сапоги гладиатора	image_bts12_var	44,0,24,0,0,32,0	7,0,6,0,1,6,4	0	0,0,0,0,32	1,1,0	0-0	0
I	13283	11	1	12	12	1	Сапоги эльфийского следопыта	image_bts12rang	19,42,0,0,0,34,0	5,7,4,0,0,7,1	0	0,0,0,0,28	2,2,0	0-0	0
I	147	11	1	12	12	4	Тяжелые имперские сапоги	image_bots9	0,0,43,0,0,30,36	4,0,5,0,3,6,6	0	0,0,0,0,36	0,0,0	0-0	0
I	955	11	2	12	12	32	Сапоги ментальной ауры	image_bots38	0,0,22,41,0,0,0	0,0,16,8,8,0,0	0	24,24,24,24,24	-10,-10,-10	0-0	0
I	598	11	3	12	12	1	Ильверанта (Радуга)	image_bots33	19,42,0,0,0,34,0	8,9,8,0,4,9,5	0	0,0,0,0,36	6,6,2	0-0	0
I	10102	11	3	12	12	16	Сапоги благочестивости	image_bots53	35,0,34,40,0,0,0	10,3,10,10,10,0,0	0	0,0,0,0,66	0,0,0	0-0	0
I	10904	11	3	12	12	8	Тяжелые пластинчатые ботинки	image_bts12_djag	31,0,48,0,0,0,18	8,6,11,1,3,6,8	0	0,0,0,0,58	2,2,0	0-0	0
I	473	11	1	13	13	2	Ботинки берсерка	image_bots29	48,0,27,0,0,38,0	8,3,5,0,0,9,2	0	0,0,0,0,40	7,7,3	0-0	0
I	474	11	1	13	13	16	Ботинки паладина	image_bots30	40,0,39,45,0,0,0	6,3,6,6,6,0,0	0	0,0,0,0,49	4,4,4	0-0	0
I	471	11	1	13	13	1	Ботинки проводника духов	image_bots28	22,48,10,0,0,36,0	5,8,4,0,0,9,1	0	0,0,0,0,33	11,11,0	0-0	0
I	13693	11	1	13	13	4	Ботинки центуриона	image_bts13shield	0,0,48,0,0,36,40	0,0,8,1,1,8,9	0	0,0,0,0,61	4,4,0	0-0	0
I	472	11	1	13	13	32	Сапоги хранителя легенд	image_bots27	0,0,23,45,52,0,0	0,0,7,10,10,0,0	0	0,0,0,0,24	11,11,3	0-0	0
I	10905	11	1	13	13	8	Тяжелые латные сапоги	image_bts13_djag	34,0,54,0,0,0,22	6,4,9,0,0,2,6	0	0,0,0,0,65	3,3,0	0-0	0
I	10902	11	2	13	13	4	Ботинки Восточного Императора	image_bts13_shield	0,0,48,0,0,36,40	0,0,12,0,2,11,11	0	0,0,0,0,57	9,9,4	0-0	0
I	13460	11	2	13	13	4	Сапоги Максимиллиана I	image_bts_AB	0,0,0,0,0,0,0	6,0,18,1,1,16,12	3	0,0,0,0,105	7,7,7	0-0	0
I	13454	11	2	13	13	1	Сапожки Ингрид I	image_bts_AR	0,0,0,0,0,0,0	10,10,10,1,1,16,6	3	0,0,0,0,91	9,9,9	0-0	0
I	13466	11	2	13	13	16	Туфли Адольфа I	image_bts_AM	0,0,0,0,0,0,0	8,0,16,16,14,0,0	3	0,0,0,0,90	7,7,12	0-0	0
I	286	11	3	13	13	2	Сапоги темной души	image_bots41	48,0,27,0,0,38,0	13,8,10,0,0,13,5	0	0,0,0,0,57	20,20,0	0-0	0
I	13355	11	6	13	13	63	Сапоги Максимиллиана I	image_bts_AB	0,0,0,0,0,0,0	6,0,18,1,1,16,12	3	0,0,0,0,105	7,7,7	0-0	0
I	13349	11	6	13	13	63	Сапожки Ингрид I	image_bts_AR	0,0,0,0,0,0,0	10,10,10,1,1,16,6	3	0,0,0,0,91	9,9,9	0-0	0
I	13361	11	6	13	13	63	Туфли Адольфа I	image_bts_AM	0,0,0,0,0,0,0	8,0,16,16,14,0,0	3	0,0,0,0,90	7,7,12	0-0	0
I	11580	11	7	13	13	32	Башмачки прорицателя	image_bts28	0,0,23,45,52,0,0	0,0,17,18,17,0,0	0	0,24,0,0,75	10,10,10	0-0	0
I	11577	11	7	13	13	1	Ботинки захватчика	image_bts25	22,48,10,0,0,36,0	9,17,0,0,0,13,13	0	0,21,0,0,78	10,10,10	0-0	0
I	11579	11	7	13	13	8	Ботинки стойкости	image_bts27	34,0,54,0,0,0,22	13,0,17,0,0,9,13	0	0,21,0,0,78	10,10,10	0-0	0
I	11578	11	7	13	13	2	Сапоги мучителя	image_bts26	48,0,27,0,0,38,0	17,0,13,0,0,13,9	0	0,21,0,0,78	10,10,10	0-0	0
I	10289	11	7	13	13	4	Сапоги славы	image_bots85	0,0,48,0,0,36,40	9,0,13,0,0,17,13	0	0,21,0,0,78	10,10,10	0-0	0
I	10292	11	7	13	13	16	Сапоги шамана	image_bots86	40,0,39,45,0,0,0	9,0,13,17,13,0,0	0	0,21,0,0,78	10,10,10	0-0	0
I	13291	11	1	14	14	16	Паладинские сапоги	image_bts14jrec	45,0,45,50,0,0,0	5,3,7,7,7,0,3	0	0,0,0,0,58	9,9,0	0-0	0
I	13694	11	1	14	14	32	Сандалии повелителя бурь	image_bots98	0,0,25,55,62,0,0	0,0,6,13,13,0,0	0	0,0,0,0,30	13,13,4	0-0	0
I	10901	11	1	14	14	2	Сапоги берсерка	image_bts14_var	55,0,36,0,0,45,0	8,3,8,0,0,10,3	0	0,0,0,0,53	8,8,3	0-0	0
I	576	11	1	14	14	8	Сапоги доминирования	image_bots31	39,0,62,0,0,0,28	8,4,9,0,2,3,6	0	0,0,0,0,62	8,8,0	0-0	0
I	10186	11	1	14	14	1	Сапоги проводника духов	image_bots65	25,55,14,0,0,45,0	6,10,6,0,0,10,0	0	0,0,0,0,37	12,12,3	0-0	0
I	575	11	1	14	14	4	Сапоги центуриона	image_bts15shield	0,0,55,0,0,42,45	0,0,11,0,1,10,10	0	0,0,0,0,54	10,10,0	0-0	0
I	10533	11	3	14	14	8	Сапоги рыцарей чести	image_bts250	39,0,62,0,0,0,28	12,4,18,2,2,9,11	0	0,0,0,0,96	12,12,8	0-0	0
I	10907	11	3	14	14	16	Стальные сапоги прозрения	image_bts14_priest	45,0,45,50,0,0,0	11,0,13,15,13,0,6	0	0,0,0,0,84	12,12,12	0-0	0
I	10389	11	3	14	14	32	Туфли повелителя бурь	image_bts14mage	0,0,25,55,62,0,0	0,0,12,23,23,0,0	0	14,14,14,14,45	10,10,9	0-0	0
I	11399	11	5	14	14	63	Ледяные сапоги	image_bts_i	0,0,0,0,0,0,0	10,10,10,10,10,10,10	3	0,0,0,0,0	0,0,0	0-0	0
I	13695	11	1	15	15	1	Ботинки лесного дозора	image_bts15rang	27,57,16,0,0,47,0	9,11,5,0,0,11,2	0	0,0,0,0,52	14,14,2	0-0	0
I	10906	11	1	15	15	8	Ботинки непреклонной силы	image_bts15_djag	42,0,67,0,0,9,29	9,6,9,2,0,4,8	0	0,0,0,0,74	10,10,0	0-0	0
I	644	11	1	15	15	0	Сапоги немецких штурмовиков	image_bots10	0,0,0,0,0,0,0	40,40,40,40,40,40,40	0	30,30,30,30,30	35,35,35	0-0	0
I	13696	11	1	15	15	16	Сапоги паладина	image_bts15jrec	47,0,47,52,0,0,0	8,0,9,10,11,0,0	0	0,0,0,0,60	12,12,2	0-0	0
I	13286	11	1	15	15	4	Сапоги патрициев	image_bots32	0,0,57,0,0,45,47	0,0,13,0,0,11,14	0	0,0,0,0,74	10,10,0	0-0	0
I	10908	11	1	15	15	32	Туфли хранителя легенд	image_bts15_mage	0,0,27,60,69,0,0	0,0,10,15,13,0,0	0	5,5,5,5,23	11,11,9	0-0	0
I	10193	11	1	15	15	2	Тяжелые сапоги кровавого зова	image_bots67	58,0,42,0,0,49,0	10,6,7,0,0,11,4	0	0,0,0,0,50	13,13,4	0-0	0
I	13204	11	2	15	15	63	Ледяные сапоги МК1	image_bts_i	0,0,0,0,0,0,0	12,12,12,12,12,12,12	3	15,15,15,15,15	6,6,6	0-0	0
I	969	11	2	15	15	16	Сапоги верховного жреца	image_bots39	47,0,47,52,0,0,0	11,8,12,10,10,0,0	0	0,0,0,0,62	15,15,11	0-0	0
I	10388	11	3	15	15	1	Сандалии легкой поступи	image_bots97	27,57,16,0,0,47,0	15,18,13,0,0,14,8	0	0,35,0,0,80	13,13,13	0-0	0
I	10903	11	3	15	15	4	Сапоги Победы	image_bts15_shield	0,0,57,0,0,45,47	11,0,20,3,3,16,15	0	0,0,0,0,128	12,12,10	0-0	0
I	9039	11	5	15	15	63	Унты	image_bts_winter15	0,0,0,0,0,0,0	0,0,50,0,0,0,0	7	25,25,25,25,25	50,50,25	0-0	0
I	11530	11	7	15	15	4	Башмаки гордости	image_bts22	0,0,57,0,0,45,47	0,0,20,2,3,25,25	0	0,30,0,0,60	20,20,10	0-0	0
I	11532	11	7	15	15	16	Ботинки оракула	image_bts23	47,0,47,52,0,0,0	16,5,17,16,16,0,5	0	0,18,0,0,50	18,18,20	0-0	0
I	11529	11	7	15	15	2	Лапы палача	image_bts20	58,0,42,0,0,49,0	22,7,13,0,3,22,8	0	0,30,0,0,45	20,20,15	0-0	0
I	11528	11	7	15	15	1	Сандалии мстителя	image_bts19	27,57,16,0,0,47,0	12,20,10,0,3,20,10	0	0,20,0,0,35	25,25,15	0-0	0
I	11531	11	7	15	15	8	Сапоги непреклонного	image_bts21	42,0,67,0,0,9,29	17,10,22,0,3,5,18	0	0,40,0,0,70	15,15,10	0-0	0
I	11533	11	7	15	15	32	Сапожки пророка	image_bts24	0,0,27,60,69,0,0	0,0,16,29,30,0,0	0	0,17,0,0,50	19,19,19	0-0	0
I	10110	11	1	16	16	32	Башмаки хранителя легенд	image_bots57	0,0,30,68,73,0,0	0,0,8,17,17,0,0	0	5,5,5,5,33	11,11,9	0-0	0
I	10203	11	1	16	16	4	Ботинки патрициев	image_bots69	0,0,59,0,0,48,50	0,0,12,0,5,12,13	0	0,0,0,0,71	11,11,3	0-0	0
I	13698	11	1	16	16	2	Сапоги вождя	image_bts17var	61,0,48,0,0,55,0	13,0,11,0,0,12,6	0	0,0,0,0,64	12,12,4	0-0	0
I	10200	11	1	16	16	16	Сапоги крестоносца	image_bots68	51,0,52,54,0,0,0	8,2,9,10,13,0,0	0	0,0,0,0,42	13,13,10	0-0	0
I	13183	11	1	16	16	1	Сапоги лесного дозора	image_bts16rang	29,60,20,0,0,49,0	8,10,6,0,1,12,5	0	0,0,0,0,52	12,12,8	0-0	0
I	13697	11	1	16	16	8	Сапоги непреклонной силы	image_bts16djag	45,0,76,0,0,15,31	10,7,12,0,0,0,13	0	0,0,0,0,81	10,10,1	0-0	0
I	987	11	2	16	16	8	Обсидиановые сапоги колосса	image_bots56	45,0,76,0,0,15,31	11,7,15,0,3,7,14	0	0,0,0,0,83	21,21,0	0-0	0
I	13478	11	2	16	16	4	Сапоги Максимиллиана II	image_bts_AB	0,0,0,0,0,0,0	14,0,24,1,1,24,20	3	0,0,0,0,136	16,16,16	0-0	0
I	13287	11	2	16	16	4	Сапоги воинской доблести	image_bts16shield	0,0,59,0,0,48,50	5,0,15,0,5,16,16	0	0,0,0,0,90	14,14,7	0-0	0
I	980	11	2	16	16	1	Сапоги эльфийского принца	image_bots55	29,60,20,0,0,49,0	8,11,9,5,5,13,6	0	0,0,0,0,59	15,15,16	0-0	0
I	13472	11	2	16	16	1	Сапожки Ингрид II	image_bts_AR	0,0,0,0,0,0,0	16,16,16,1,1,24,10	3	0,0,0,0,108	20,20,20	0-0	0
I	13134	11	2	16	16	2	Следы смерти	image_bts16lvl_var	61,0,48,0,0,55,0	16,6,12,0,0,14,9	0	0,0,0,0,62	15,15,15	0-0	0
I	13484	11	2	16	16	16	Туфли Адольфа II	image_bts_AM	0,0,0,0,0,0,0	12,0,24,24,24,0,0	3	0,0,0,0,100	19,19,24	0-0	0
I	13642	11	3	16	16	8	Сапоги Титана	image_bts16_djag	45,0,76,0,0,15,31	15,11,20,2,2,11,15	0	0,0,0,0,120	18,18,10	0-0	0
I	10383	11	3	16	16	2	Сапоги рыцарей ночи	image_bots95	61,0,48,0,0,55,0	15,10,15,2,5,17,12	0	0,0,0,0,95	22,22,13	0-0	0
I	13527	11	6	16	16	63	Ледяные сапоги МК2	image_bts_i	0,0,0,0,0,0,0	14,14,14,14,14,14,14	3	20,20,20,20,20	9,9,9	0-0	0
I	13373	11	6	16	16	63	Сапоги Максимиллиана II	image_bts_AB	0,0,0,0,0,0,0	14,0,24,1,1,24,20	3	0,0,0,0,136	16,16,16	0-0	0
I	3011	11	6	16	16	32	Сапоги концентрации	image_bots42	0,0,30,68,73,0,0	0,0,13,22,26,0,0	0	0,0,0,0,32	17,17,19	0-0	0
I	13367	11	6	16	16	63	Сапожки Ингрид II	image_bts_AR	0,0,0,0,0,0,0	16,16,16,1,1,24,10	3	0,0,0,0,108	20,20,20	0-0	0
I	13379	11	6	16	16	63	Туфли Адольфа II	image_bts_AM	0,0,0,0,0,0,0	12,0,24,24,24,0,0	3	0,0,0,0,100	19,19,24	0-0	0
I	13288	11	1	17	17	4	Ботинки античного витязя	image_bts17shield	20,0,61,0,0,51,53	0,0,12,0,5,13,14	0	0,0,0,0,89	10,10,3	0-0	0
I	13699	11	1	17	17	8	Ботинки древнего колосса	image_bts17djag	51,0,86,0,0,20,35	9,6,14,0,2,0,13	0	0,0,0,0,104	7,7,2	0-0	0
I	13775	11	1	17	17	32	Ботинки равновесия элементов	image_bts17_mage	0,0,37,76,83,0,0	0,0,10,17,17,0,0	0	0,0,0,0,50	13,13,12	0-0	0
I	13774	11	1	17	17	16	Ботинки святого слова	image_bts17_jrec	54,0,55,56,0,0,0	10,6,12,8,8,0,0	0	0,0,0,0,75	9,9,9	0-0	0
I	13223	11	1	17	17	1	Сапоги золотого Феникса	image_bots46	39,69,24,0,0,59,0	11,11,6,0,1,13,2	0	0,0,0,0,58	20,20,0	0-0	0
I	10036	11	1	17	17	2	Сапоги ночного хищника	image_bots45	71,0,55,0,0,62,0	12,6,8,0,0,13,5	0	0,30,0,0,56	10,10,4	0-0	0
I	10526	11	2	17	17	32	Сапоги патриарха	image_bts300	0,0,37,76,83,0,0	0,0,16,27,27,0,0	0	6,20,6,6,30	12,12,18	0-0	0
I	13292	11	2	17	17	16	Сапоги святой Инквизиции	image_bts17jrec	54,0,55,56,0,0,0	14,11,15,15,15,0,0	0	0,0,0,0,80	15,15,10	0-0	0
I	10228	11	3	17	17	16	Сапоги епископа	image_bots76	54,0,55,56,0,0,0	17,0,17,17,17,0,11	0	0,0,0,0,111	21,21,18	0-0	0
I	10561	11	3	17	17	1	Сапоги лесных теней	image_bots500	39,69,24,0,0,59,0	16,19,14,6,6,18,0	0	0,0,0,0,121	23,23,12	0-0	0
I	10453	11	3	17	17	4	Сапоги чемпиона	image_bots106	20,0,61,0,0,51,53	2,0,25,0,3,25,24	0	0,0,0,0,150	15,15,13	0-0	0
I	11044	11	3	17	17	8	Священные сапоги Титана	image_bts17_djag	51,0,86,0,0,20,35	20,10,22,4,3,5,15	0	0,0,0,0,175	11,11,10	0-0	0
I	368	11	5	17	17	63	Ковбойские сапоги Аквиллиона	image_bts_NY2020	0,0,0,0,0,0,0	0,0,0,0,0,0,0	0	0,0,0,0,210	201,201,201	0-0	0
I	11167	11	5	17	17	63	Ступни Дракона 2024	image_bts_dracon	0,0,0,0,0,0,0	0,0,60,0,0,0,0	4	40,40,40,40,40	28,28,28	0-0	0
I	13564	11	6	17	17	63	Ледяные сапоги МК3	image_bts_i	0,0,0,0,0,0,0	17,17,17,17,17,17,17	3	30,30,30,30,30	15,15,15	0-0	0
I	13285	11	1	18	18	2	Боевые сапоги ночного хищника	image_bts18var	74,0,62,0,0,66,0	14,8,13,0,0,15,4	0	0,0,0,0,80	13,13,4	0-0	0
I	10041	11	1	18	18	1	Сапоги Древних	image_bts17_rang	40,71,31,0,0,62,0	10,14,8,0,3,15,4	0	0,25,0,0,55	10,10,8	0-0	0
I	10038	11	1	18	18	4	Сапоги античного витязя	image_bots47	20,0,63,0,0,60,60	6,0,16,1,1,15,15	0	0,5,0,0,86	8,8,7	0-0	0
I	10040	11	1	18	18	8	Сапоги древнего колосса	image_bots43	53,0,88,0,0,27,35	11,9,14,0,3,7,10	0	0,23,0,0,63	13,13,2	0-0	0
I	10039	11	1	18	18	16	Сапоги святого слова	image_bots48	63,0,57,62,0,0,0	10,7,10,11,10,0,6	0	10,10,10,10,74	6,6,2	0-0	0
I	13295	11	1	18	18	32	Сапожки равновесия элементов	image_bts18mage	0,0,41,80,83,0,0	0,0,15,19,20,0,0	0	0,0,0,0,66	12,12,10	0-0	0
I	11040	11	3	18	18	32	Башмаки огнепоклонника	image_bts12	0,0,41,80,83,0,0	0,0,26,33,36,0,0	0	0,0,0,0,86	30,30,20	0-0	0
I	11042	11	3	18	18	2	Крушащие сапоги Жнеца	image_bts18_var	74,0,62,0,0,66,0	33,0,20,2,2,28,10	0	0,0,0,0,150	20,20,12	0-0	0
I	10469	11	5	18	18	63	Сапоги творчества Дарта Ревана	image_bots115	0,0,0,0,0,0,0	0,0,18,30,35,0,0	0	0,0,0,0,51	10,10,20	0-0	0
I	13624	11	6	18	18	63	Ледяные сапоги МК4	image_bts_i	0,0,0,0,0,0,0	21,21,21,21,21,21,21	4	40,40,40,40,40	25,25,25	0-0	0
I	11792	11	7	18	18	32	Бархатные башмачки Чудотворца	image_bts19rat_mage	0,0,41,80,83,0,0	0,0,28,51,51,0,0	0	0,51,0,0,90	30,30,33	0-0	0
I	11768	11	7	18	18	2	Демонические ботинки кровожадности	image_bts19rat_var	74,0,62,0,0,66,0	40,10,20,0,0,40,20	0	0,52,0,0,95	42,42,15	0-0	0
I	11786	11	7	18	18	16	Платиновые сапоги Апостола	image_bts19rat_priest	63,0,57,62,0,0,0	30,10,25,25,30,0,10	0	0,40,0,0,96	32,32,32	0-0	0
I	11762	11	7	18	18	8	Сабатоны Лиловых Теней	image_bts19rat_djag	53,0,88,0,0,27,35	35,10,40,5,0,10,30	0	0,70,0,0,130	28,28,16	0-0	0
I	11774	11	7	18	18	1	Сафьяновые сапоги Лесного Сумрака	image_bts19rat_rang	40,71,31,0,0,62,0	25,40,15,0,0,30,20	0	0,45,0,0,85	44,44,18	0-0	0
I	11780	11	7	18	18	4	Сияющие ботинки полудня	image_bts19rat_shield	20,0,63,0,0,60,60	15,0,35,0,5,40,35	0	0,62,0,0,110	32,32,20	0-0	0
I	11038	11	1	19	19	1	Перистые сапожки Древних	image_bts10	44,73,36,0,0,64,0	16,18,10,0,0,18,8	0	0,0,0,0,89	15,15,3	0-0	0
I	11043	11	1	19	19	2	Пламенеющие сапоги атамана	image_bts19_var	78,0,71,0,0,69,0	22,0,18,0,0,20,10	0	0,0,0,0,101	12,12,3	0-0	0
I	11039	11	1	19	19	4	Пластинчатые ботинки броненосца	image_bts11	20,0,69,0,0,68,67	0,0,21,0,5,20,24	0	0,0,0,0,109	10,10,3	0-0	0
I	10037	11	1	19	19	32	Сапожки великого волшебника	image_bots44	0,0,46,85,90,0,0	0,0,21,24,25,0,0	0	10,10,10,10,57	13,13,3	0-0	0
I	11041	11	1	19	19	16	Тяжелые ботинки великомученика	image_bts19_priest	70,0,62,69,0,0,0	17,0,16,18,19,0,0	0	0,0,0,0,98	12,12,4	0-0	0
I	11045	11	1	19	19	8	Штурмовые ботинки кавалериста	image_bts19_djag	55,0,94,0,0,35,38	18,10,24,0,0,0,18	0	0,0,0,0,120	8,8,2	0-0	0
I	13496	11	2	19	19	4	Сапоги Максимиллиана III	image_bts_AB	0,0,0,0,0,0,0	22,0,40,2,2,38,30	3	0,0,0,0,166	24,24,24	0-0	0
I	13490	11	2	19	19	1	Сапожки Ингрид III	image_bts_AR	0,0,0,0,0,0,0	26,26,26,2,2,38,14	3	0,0,0,0,132	31,31,26	0-0	0
I	13502	11	2	19	19	16	Туфли Адольфа III	image_bts_AM	0,0,0,0,0,0,0	18,0,38,40,38,0,0	3	0,0,0,0,120	28,28,34	0-0	0
I	13293	11	3	19	19	16	Сапоги абсолютного познания	image_bts19jrec	70,0,62,69,0,0,0	20,5,26,25,25,0,20	0	0,85,0,0,100	15,15,18	0-0	0
I	13554	11	3	19	19	1	Сапожки Вечной Весны	image_bts19_rang	44,73,36,0,0,64,0	30,31,17,0,0,31,12	0	0,0,0,0,100	31,31,25	0-0	0
I	13289	11	3	19	19	4	Штурмовые сапоги Монолита	image_bts19shield	20,0,69,0,0,68,67	6,0,35,0,5,35,40	0	0,72,0,0,102	20,20,15	0-0	0
I	13803	11	6	19	19	63	Ледяные сапоги МК5	image_bts_i	0,0,0,0,0,0,0	25,25,25,25,25,25,25	5	50,50,50,50,50	30,30,30	0-0	0
I	13391	11	6	19	19	63	Сапоги Максимиллиана III	image_bts_AB	0,0,0,0,0,0,0	22,0,40,2,2,38,30	3	0,0,0,0,166	24,24,24	0-0	0
I	13385	11	6	19	19	63	Сапожки Ингрид III	image_bts_AR	0,0,0,0,0,0,0	26,26,26,2,2,38,14	3	0,0,0,0,132	31,31,26	0-0	0
I	13397	11	6	19	19	63	Туфли Адольфа III	image_bts_AM	0,0,0,0,0,0,0	18,0,38,40,38,0,0	3	0,0,0,0,120	28,28,34	0-0	0
I	11702	11	1	20	20	2	Ботинки Красной Орды	image_bts20var	86,0,81,0,0,76,0	22,3,15,2,2,25,15	0	0,0,0,0,113	18,18,6	0-0	0
I	11705	11	1	20	20	16	Золоченые ботинки Архиепископа	image_bts20priest	78,0,72,76,0,20,0	21,0,21,21,21,0,0	0	0,0,0,0,107	15,15,12	0-0	0
I	2536	11	1	20	20	63	Подводные сапоги	image_bts_aqua	0,0,0,0,0,0,0	0,0,0,0,0,0,0	0	0,0,0,0,0	0,0,0	0-0	0
I	11701	11	1	20	20	1	Сабатоны Древних лесных владык	image_bts20rang	50,80,43,0,0,71,0	14,22,10,0,3,25,10	0	0,0,0,0,102	20,20,7	0-0	0
I	11706	11	1	20	20	32	Сапожки Патриарха Тьмы	image_bts20mage	0,0,51,91,98,0,0	0,0,22,31,31,0,0	0	7,7,7,7,70	15,15,15	0-0	0
I	11704	11	1	20	20	8	Титановые ботинки Неуязвимости	image_bts20djag	60,0,100,0,0,42,43	20,14,25,3,2,0,20	0	0,0,0,0,137	12,12,6	0-0	0
I	11703	11	1	20	20	4	Штурмовые сапоги Победоносца	image_bts20shield	20,0,78,0,0,77,75	0,0,25,4,5,25,25	0	0,0,0,0,122	15,15,7	0-0	0
I	2518	11	2	20	20	63	Подводные сапоги Атакующих	image_bts_aqua	50,0,43,0,0,71,0	44,29,23,4,4,38,19	0	0,0,0,0,136	28,28,23	0-0	0
I	2524	11	2	20	20	63	Подводные сапоги Защитников	image_bts_aqua	20,0,78,0,0,42,43	19,19,45,4,3,30,41	0	0,0,0,0,202	19,19,13	0-0	0
I	2530	11	2	20	20	63	Подводные сапоги Поддержки	image_bts_aqua	0,0,51,76,0,0,0	19,10,23,42,48,0,19	0	0,0,0,0,154	22,22,25	0-0	0
I	10712	11	3	20	20	2	Сапоги Адского Сатаны	image_bts_megavar	86,0,81,0,0,76,0	47,21,25,4,4,36,24	0	0,0,0,0,118	28,34,25	0-0	0
I	10735	11	3	20	20	4	Сапоги Золотой Черепахи	image_bts6	20,0,78,0,0,77,75	19,0,42,5,10,40,45	0	0,87,0,0,87	23,23,17	0-0	0
I	10701	11	3	20	20	1	Сапоги Лазурного Дракона	image_bts7	50,80,43,0,0,71,0	41,36,21,4,4,40,15	0	0,30,0,0,110	30,30,19	0-0	0
I	10747	11	3	20	20	16	Сапоги Лунного Грифона	image_bots0002	78,0,72,76,0,20,0	30,15,27,27,32,0,30	0	0,0,0,0,142	25,25,25	0-0	0
I	10724	11	3	20	20	8	Сапоги Черного Единорога	image_bts_megadjag	60,0,100,0,0,42,43	26,26,48,3,3,20,35	0	0,39,0,0,160	22,22,10	0-0	0
I	10758	11	3	20	20	32	Сапожки Алого Феникса	image_bots0003	0,0,51,91,98,0,0	0,0,35,61,65,0,0	0	0,0,0,0,109	25,25,36	0-0	0
I	13837	11	5	20	20	2	Новогодние валенки Атакующих	image_bots73a	50,0,43,0,0,71,0	25,25,17,5,5,26,17	2	0,0,0,0,126	20,20,8	0-0	0
I	13843	11	5	20	20	8	Новогодние валенки Защитников	image_bots73a	20,0,78,0,0,42,43	22,15,25,2,3,26,27	2	0,0,0,0,146	15,15,8	0-0	0
I	13848	11	5	20	20	16	Новогодние валенки Поддержки	image_bots73a	0,0,51,76,0,0,0	26,0,25,34,35,0,0	2	0,0,0,0,125	15,15,15	0-0	0
I	532	11	5	20	20	63	Сапоги Змеееда	image_bts_snake2025	0,0,0,0,0,0,0	56,40,56,44,44,40,56	7	0,0,0,0,302	40,40,40	0-0	0
I	526	11	5	20	20	63	Сапоги Кролика	image_bts_bunny	0,0,0,0,0,0,0	44,56,40,40,44,56,56	7	0,0,0,0,232	50,50,50	0-0	0
I	520	11	5	20	20	63	Сапоги Тигромана	image_bts_tiger	0,0,0,0,0,0,0	48,48,48,48,48,48,48	7	0,0,0,0,197	55,55,55	0-0	0
I	10470	11	5	20	20	63	Сапоги творчества СветВоТьме	image_bots114	0,0,0,0,0,0,0	40,21,30,0,0,40,30	0	0,0,0,0,100	31,31,31	0-0	0
I	13823	11	6	20	20	63	Ледяные сапоги МК6	image_bts_i	0,0,0,0,0,0,0	35,35,35,35,35,35,35	5	60,60,60,60,60	40,40,40	0-0	0
I	13109	11	1	21	21	16	Ботинки Гармонии духа	image_bts21gos_priest	83,0,77,81,0,20,0	24,0,24,24,24,0,8	0	0,0,0,0,131	17,17,16	0-0	0
I	13105	11	1	21	21	1	Ботинки из Рощи вурдалаков	image_bts21gos_rang	55,85,45,0,0,76,0	18,26,13,4,5,25,13	0	0,0,0,0,110	23,23,15	0-0	0
I	13108	11	1	21	21	8	Защитные сабатоны Бесстрашия	image_bts21gos_djag	65,0,105,0,0,47,48	24,12,30,4,3,10,21	0	0,0,0,0,162	13,13,11	0-0	0
I	13107	11	1	21	21	4	Латные сапоги яркого Восхода	image_bts21gos_shield	20,0,83,0,0,82,80	0,0,31,5,6,31,31	0	0,0,0,0,150	16,16,11	0-0	0
I	13106	11	1	21	21	2	Сапоги Бесконечной Битвы	image_bts21gos_var	91,0,86,0,0,87,0	26,10,20,3,3,27,15	0	0,0,0,0,120	22,22,13	0-0	0
I	13110	11	1	21	21	32	Элегантные туфли Безмятежности	image_bts21gos_mage	0,0,56,96,103,0,0	0,0,26,39,39,0,0	0	0,20,10,10,85	17,17,18	0-0	0
I	11445	11	2	21	21	32	Башмачки Алого Феникса	image_bts18	0,0,56,96,103,0,0	0,0,41,76,76,0,0	0	0,43,0,0,110	30,30,36	0-0	0
I	11442	11	2	21	21	4	Ботинки Золотой Черепахи	image_bts14	20,0,83,0,0,82,80	25,0,48,5,10,50,55	0	0,101,0,0,120	25,25,20	0-0	0
I	11444	11	2	21	21	16	Ботинки Лунного Грифона	image_bts17	83,0,77,81,0,20,0	35,18,40,35,35,0,30	0	0,0,0,0,171	30,30,30	0-0	0
I	11443	11	2	21	21	8	Ботинки Черного Единорога	image_bts15	65,0,105,0,0,47,48	37,26,53,10,5,22,40	0	0,73,0,0,160	22,22,20	0-0	0
I	11441	11	2	21	21	2	Лапы Адского Сатаны	image_bts16	91,0,86,0,0,87,0	47,22,36,5,5,45,33	0	0,46,0,0,130	30,35,25	0-0	0
I	11440	11	2	21	21	1	Сабатоны Изумрудного Дракона	image_bts13	55,85,45,0,0,76,0	41,42,30,5,5,40,30	0	0,50,0,0,116	35,35,25	0-0	0
I	13514	11	2	21	21	4	Сапоги Максимиллиана IV	image_bts_AB	0,0,0,0,0,0,0	34,0,62,3,3,58,48	3	0,0,0,0,228	38,38,38	0-0	0
I	13508	11	2	21	21	1	Сапожки Ингрид IV	image_bts_AR	0,0,0,0,0,0,0	40,40,40,3,3,58,24	3	0,0,0,0,190	46,46,40	0-0	0
I	13520	11	2	21	21	16	Туфли Адольфа IV	image_bts_AM	0,0,0,0,0,0,0	28,0,58,62,60,0,0	3	0,0,0,0,176	42,42,50	0-0	0
I	13878	11	6	21	21	63	Ледяные сапоги MK7	image_bts_i	0,0,0,0,0,0,0	42,42,42,42,42,42,42	6	75,75,75,75,75	50,50,50	0-0	0
I	13409	11	6	21	21	63	Сапоги Максимиллиана IV	image_bts_AB	0,0,0,0,0,0,0	34,0,62,3,3,58,48	3	0,0,0,0,228	38,38,38	0-0	0
I	13403	11	6	21	21	63	Сапожки Ингрид IV	image_bts_AR	0,0,0,0,0,0,0	40,40,40,3,3,58,24	3	0,0,0,0,190	46,46,40	0-0	0
I	13415	11	6	21	21	63	Туфли Адольфа IV	image_bts_AM	0,0,0,0,0,0,0	28,0,58,62,60,0,0	3	0,0,0,0,176	42,42,50	0-0	0
I	2719	11	1	22	22	1	Ботинки Сумеречного Леса	image_bts22luch	60,90,48,0,0,82,0	22,32,15,4,5,32,15	0	0,0,0,0,204	25,25,20	0-0	0
I	2720	11	1	22	22	2	Сапоги Избранника Хаоса	image_bts22var	98,0,90,0,0,94,0	31,10,25,3,3,35,18	0	0,0,0,0,213	25,25,17	0-0	0
I	2722	11	1	22	22	8	Сапоги Командора	image_bts22djag	70,0,110,0,0,52,53	28,14,40,4,3,0,36	0	0,0,0,0,265	15,15,13	0-0	0
I	2721	11	1	22	22	4	Сапоги Мечелома	image_bts22shield	20,0,89,0,0,88,88	0,0,40,5,6,37,37	0	0,0,0,0,248	20,20,12	0-0	0
I	2723	11	1	22	22	16	Сапоги Праведника	image_bts22priest	90,0,84,87,0,20,0	30,0,31,32,32,0,0	0	0,0,0,0,227	20,20,19	0-0	0
I	2724	11	1	22	22	32	Туфли Наставника	image_bts22mage	0,0,63,103,111,0,0	0,0,30,47,48,0,0	0	0,0,0,0,204	25,25,20	0-0	0
I	2475	11	2	22	22	2	Ступни Падшего Варвара MK1	image_bts_spawn	98,0,90,0,0,94,0	60,20,43,7,7,65,30	0	0,0,0,0,140	55,55,32	0-0	0
I	2490	11	2	22	22	8	Ступни Падшего Джаггернаута MK1	image_bts_spawn	70,0,110,0,0,52,53	46,0,75,10,10,65,26	0	0,80,0,0,200	29,29,20	0-0	0
I	2496	11	2	22	22	16	Ступни Падшего Жреца MK1	image_bts_spawn	90,0,84,87,0,20,0	52,0,59,52,52,0,17	0	0,30,0,0,148	47,47,30	0-0	0
I	2512	11	2	22	22	32	Ступни Падшего Мага MK1	image_bts_spawn	0,0,63,103,111,0,0	0,0,58,87,87,0,0	0	0,60,0,0,129	37,38,39	0-0	0
I	2484	11	2	22	22	4	Ступни Падшего Мастера щита MK1	image_bts_spawn	20,0,89,0,0,88,88	7,0,70,10,10,65,70	0	0,0,0,0,236	37,37,24	0-0	0
I	2469	11	2	22	22	1	Ступни Падшего Рейнджера MK1	image_bts_spawn	60,90,48,0,0,82,0	40,56,30,6,10,65,25	0	0,0,0,0,130	50,50,42	0-0	0
I	2327	11	5	22	22	63	Хроносапоги	image_bts_chrono	0,0,0,0,0,0,0	75,60,85,100,80,85,60	2	40,50,50,50,60	80,80,65	0-0	0
I	11861	11	7	22	22	16	Ботинки Кровавого Прелата	image_bts20+priest	90,0,84,87,0,20,0	60,20,60,55,60,14,0	0	50,100,0,0,150	57,57,55	0-0	0
I	11843	11	7	22	22	2	Ботинки Северного Вандала	image_bts20+var	98,0,90,0,0,94,0	75,25,45,3,5,75,41	0	50,100,0,0,150	75,75,31	0-0	0
I	11849	11	7	22	22	4	Золотые сапоги Воеводы	image_bts20+shield	20,0,89,0,0,88,88	32,0,75,5,5,75,77	0	50,100,0,0,200	55,55,41	0-0	0
I	11855	11	7	22	22	8	Сабатоны Серебряного Зубра	image_bts20+djag	70,0,110,0,0,52,53	65,27,77,5,5,25,65	0	50,140,0,0,210	50,50,31	0-0	0
I	11867	11	7	22	22	32	Сатиновые башмачки Волхва	image_bts20+mage	0,0,63,103,111,0,0	0,0,71,99,99,0,0	0	43,100,0,0,150	55,55,60	0-0	0
I	11837	11	7	22	22	1	Сафьяновые сапоги Конкистадора	image_bts20+rang	60,90,48,0,0,82,0	45,75,36,5,5,66,37	0	0,100,0,0,150	80,80,41	0-0	0
I	2778	11	2	23	23	16	Призрачные ботинки Кардинала	image_bts_ghost3	0,0,71,94,0,0,0	83,0,95,61,61,0,40	3	0,45,0,0,300	75,75,65	0-0	0
I	2796	11	2	23	23	8	Призрачные сапоги Исполина	image_bts_ghost5	20,0,95,0,0,57,58	74,20,111,6,6,48,75	3	0,80,0,0,360	70,70,40	0-0	0
I	2772	11	2	23	23	4	Призрачные сапоги Полководца	image_bts_ghost2	20,0,95,0,0,57,58	35,0,91,6,6,100,102	3	0,80,0,0,360	70,70,40	0-0	0
I	2790	11	2	23	23	2	Призрачные сапожки Атамана	image_bts_ghost4	65,0,51,0,0,88,0	90,36,60,6,6,100,42	3	0,0,0,0,290	85,85,70	0-0	0
I	2766	11	2	23	23	1	Призрачные сапожки Завоевателя	image_bts_ghost1	65,0,51,0,0,88,0	61,77,50,6,6,100,40	3	0,0,0,0,290	85,85,70	0-0	0
I	2802	11	2	23	23	32	Призрачные туфли Властелина	image_bts_ghost6	0,0,71,94,0,0,0	0,0,95,122,123,0,0	3	0,45,0,0,300	75,75,65	0-0	0
I	2592	11	2	23	23	2	Ступни Падшего Варвара MK2	image_bts_spawn2	106,0,94,0,0,102,0	70,25,50,10,10,78,37	0	0,0,0,0,196	90,90,53	0-0	0
I	2604	11	2	23	23	8	Ступни Падшего Джаггернаута MK2	image_bts_spawn2	75,0,115,0,0,57,58	50,0,90,10,10,78,42	0	0,75,0,0,270	55,55,50	0-0	0
I	2610	11	2	23	23	16	Ступни Падшего Жреца MK2	image_bts_spawn2	97,0,91,94,0,20,0	60,0,70,65,65,0,20	0	0,40,0,0,210	75,75,55	0-0	0
I	2616	11	2	23	23	32	Ступни Падшего Мага MK2	image_bts_spawn2	0,0,71,111,120,0,0	0,0,70,105,105,0,0	0	0,90,0,0,160	75,75,55	0-0	0
I	2598	11	2	23	23	4	Ступни Падшего Мастера щита MK2	image_bts_spawn2	20,0,95,0,0,95,92	15,0,80,10,10,78,87	0	0,0,0,0,280	75,75,45	0-0	0
I	2586	11	2	23	23	1	Ступни Падшего Рейнджера MK2	image_bts_spawn2	65,98,51,0,0,88,0	50,65,35,10,10,78,32	0	0,0,0,0,165	88,88,66	0-0	0
I	2551	11	5	23	23	2	Ботфорты Экспансии	image_bts_varprise	106,0,94,0,0,102,0	77,30,51,5,5,82,35	2	0,0,0,0,224	70,70,55	0-0	0
I	2552	11	5	23	23	4	Сапоги Болотных огней	image_bts_shieldprise	20,0,95,0,0,95,92	30,0,76,5,5,82,87	2	0,0,0,0,280	55,55,57	0-0	0
I	2554	11	5	23	23	16	Сапоги Еретика	image_bts_priestprise	97,0,91,94,0,20,0	70,0,80,51,51,0,33	2	0,0,0,0,250	60,60,62	0-0	0
I	2553	11	5	23	23	8	Сапоги Лазоревого Тура	image_bts_djagprise	75,0,115,0,0,57,58	60,20,93,5,5,40,62	2	0,0,0,0,300	50,50,57	0-0	0
I	2550	11	5	23	23	1	Сапожки Небесной Армады	image_bts_rangprise	65,98,51,0,0,88,0	45,65,41,5,5,82,42	2	0,0,0,0,184	80,80,55	0-0	0
I	2555	11	5	23	23	32	Туфли Провидца	image_bts_mageprise	0,0,71,111,120,0,0	0,0,80,103,102,0,0	2	0,0,0,0,210	70,70,62	0-0	0
I	2640	11	6	24	24	2	Ступни Падшего Варвара MK3	image_bts_spawn3	114,0,100,0,0,111,0	82,30,60,12,12,96,44	0	0,0,0,0,208	113,113,66	0-0	0
I	2652	11	6	24	24	8	Ступни Падшего Джаггернаута MK3	image_bts_spawn3	80,0,120,0,0,63,63	58,0,108,12,12,96,50	0	0,90,0,0,324	66,66,60	0-0	0
I	2658	11	6	24	24	16	Ступни Падшего Жреца MK3	image_bts_spawn3	100,0,102,100,0,20,0	72,0,84,78,78,0,24	0	0,48,0,0,252	90,90,66	0-0	0
I	2664	11	6	24	24	32	Ступни Падшего Мага MK3	image_bts_spawn3	0,0,79,120,126,0,0	0,0,84,126,126,0,0	0	0,108,0,0,192	90,90,66	0-0	0
I	2646	11	6	24	24	4	Ступни Падшего Мастера щита MK3	image_bts_spawn3	20,0,100,0,0,107,98	15,0,96,12,12,96,105	0	0,0,0,0,336	90,90,54	0-0	0
I	2634	11	6	24	24	1	Ступни Падшего Рейнджера MK3	image_bts_spawn3	70,106,55,0,0,94,0	60,78,40,12,12,96,38	0	0,0,0,0,196	107,107,78	0-0	0
I	200348	12	1	0	0	0	Меч андроида	image_sword13	0,0,0,0,0,0,0	0,0,0,0,0,0,0	0	0,0,0,0,0	0,0,0	1-3	1
I	10549	12	1	0	0	8	Меч новобранца	image_sword61	0,0,0,0,0,0,0	1,0,0,0,0,0,0	0	0,0,0,0,0	0,0,0	8-9	1
I	712	12	1	1	1	63	Меч скелета воина	image_sword27	0,0,0,0,0,0,0	2,1,0,0,0,1,0	0	0,0,0,0,0	0,0,0	7-13	1
I	224	12	1	1	1	8	Тренировочный меч	image_sword13	0,0,0,0,0,0,0	2,0,1,0,0,0,1	0	0,0,0,0,0	0,0,0	9-11	1
I	248	12	1	2	2	4	Танто	image_sword14	0,0,3,0,0,0,4	1,1,0,0,0,1,1	0	0,0,0,0,0	0,0,0	12-12	1
I	225	12	1	3	3	8	Бронзовый меч	image_sword6	5,0,5,0,0,0,0	2,1,2,0,0,0,0	0	0,0,0,0,0	0,0,0	13-17	1
I	11631	12	1	3	3	63	Меч скелета палача	image_sword_scelbutch	0,0,0,0,0,0,0	1,0,2,0,0,1,1	0	0,0,0,0,0	0,0,0	12-18	1
I	234	12	1	3	3	8	Простая сабля	image_sword5	5,0,5,0,0,0,0	1,1,2,0,0,1,0	0	0,0,0,0,0	0,0,0	15-15	1
I	249	12	1	4	4	4	Вакизаси	image_sword15	0,0,0,0,0,0,5	2,1,0,0,0,2,1	0	0,0,0,0,0	0,0,0	15-21	1
I	226	12	1	4	4	8	Длинный железный меч	image_sword2	6,0,6,0,0,0,0	2,1,2,0,0,0,1	0	0,0,0,0,0	0,0,0	16-20	1
I	11471	12	1	4	4	63	Кинжал бандита	image_sword_b	0,0,0,0,0,0,0	4,1,0,0,0,2,0	0	0,0,0,0,0	0,0,0	12-24	1
I	227	12	1	5	5	8	Стальной меч	image_sword1	8,0,8,0,0,0,0	3,1,3,0,0,0,0	0	0,0,0,0,0	0,0,0	20-26	1
I	250	12	1	6	6	4	Ниндзя-то	image_sword17	0,0,12,0,0,0,8	3,2,0,0,0,2,1	0	0,0,0,0,0	0,0,0	24-32	1
I	235	12	1	6	6	8	Сбалансированная сабля	image_sword10	9,0,0,0,0,0,0	2,2,2,0,0,2,0	0	0,0,0,0,0	0,0,0	26-30	1
I	905	12	2	6	6	8	Самодельный железный меч	image_sword22	8,0,8,0,0,0,0	2,2,3,0,0,2,2	0	0,0,0,0,0	0,0,0	25-37	1
I	228	12	1	7	7	8	Меч охранника	image_sword3	13,0,20,0,0,0,0	3,2,4,0,0,0,1	0	0,0,0,0,0	2,2,0	25-41	1
I	229	12	1	8	8	8	Боевой меч	image_sword11	16,0,29,0,0,0,12	3,3,5,0,0,0,1	0	0,0,6,6,0	2,2,0	34-46	1
I	251	12	1	8	8	4	Нодати	image_sword19	0,0,27,0,0,12,22	4,3,0,0,0,3,2	0	0,0,4,4,0	3,3,0	28-52	1
I	3013	12	5	8	8	8	Зазубренный тесак открытых ран	image_sword37	0,0,29,0,0,0,12	4,3,5,0,0,0,4	0	0,0,0,0,0	7,7,0	40-40	1
I	230	12	1	9	9	8	Полуторный стальной меч	image_sword12	19,0,34,0,0,0,14	4,2,6,0,0,1,1	0	0,0,5,5,0	3,3,3	37-59	1
I	236	12	1	9	9	8	Ятаган	image_sword4	19,0,0,0,0,0,0	5,3,3,0,0,3,0	0	0,0,5,5,0	3,3,3	43-53	1
I	3004	12	6	9	9	4	Стальной меч порчи	image_sword31	0,0,31,0,0,16,25	6,3,2,0,0,2,4	0	0,0,0,0,0	4,4,2	48-58	1
I	3002	12	6	9	9	8	Стальной меч усиления	image_sword30	19,0,34,0,0,0,14	4,3,5,0,0,2,3	0	0,0,0,0,0	4,4,2	48-58	1
I	231	12	1	10	10	8	Кровавый меч	image_sword7	21,0,39,0,0,0,16	4,3,6,0,0,1,2	0	0,0,10,10,0	5,5,0	50-66	1
I	252	12	1	10	10	4	Нагамаки	image_sword18	0,0,36,0,0,20,28	6,5,0,0,0,3,2	0	0,0,10,10,0	5,5,0	51-65	1
I	10115	12	6	10	10	8	Меч рыцаря смерти	image_sword38	21,0,39,0,0,0,16	6,2,4,0,0,0,6	0	0,0,1,1,0	8,8,0	48-68	1
I	232	12	1	11	11	8	Рунный меч	image_sword8	27,0,44,0,0,0,18	5,4,7,0,0,0,3	0	0,0,8,8,0	6,6,3	64-77	1
I	938	12	2	11	11	8	Меч акул	image_sword25	27,0,44,0,0,0,18	6,4,6,3,0,4,3	0	0,0,5,5,0	10,10,5	70-84	1
I	278	12	3	11	11	8	Меч Красного Сокола	image_sword20	27,0,44,0,0,0,18	10,5,5,0,0,5,10	0	0,0,11,11,0	10,10,9	74-94	1
I	3040	12	5	11	11	8	Букет джаггернаута	image_sword_8marth	0,0,0,0,0,0,0	8,8,8,8,8,8,8	4	88,88,88,88,88	88,88,88	88-288	2
I	3141	12	5	11	11	8	Зубчатый тесак открытых ран	image_sword11lvl	27,0,44,0,0,0,18	6,6,6,0,0,0,6	0	0,0,0,0,0	11,11,7	77-77	1
I	233	12	1	12	12	8	Адамантовый меч	image_sword9	31,0,48,0,0,0,18	6,4,7,0,0,1,3	0	0,0,20,20,0	6,6,0	76-92	1
I	253	12	1	12	12	4	Катана	image_sword16	0,0,43,0,0,0,36	8,6,0,0,0,4,3	0	0,0,20,20,0	6,6,0	77-92	1
I	16821	12	1	12	12	2	Лопата землекопа новичка	image_axe21	44,0,24,0,0,32,0	0,0,0,0,0,0,0	0	0,0,0,0,0	0,0,0	78-91	1
I	50018	12	2	12	12	63	Ключ из эльфийского серебра	image_sword_key	0,0,0,0,0,0,0	0,0,0,0,0,0,0	0	0,0,0,0,0	0,0,0	0-0	1
I	10810	12	6	12	12	8	Меч рыцаря хаоса	image_sword38_2	31,0,48,0,0,0,18	8,8,6,0,0,2,5	0	0,0,0,0,0	10,10,0	76-92	1
I	294	12	1	13	13	8	Стальная фальката	image_sword13_2	34,0,54,0,0,0,22	5,0,9,1,1,3,6	0	0,0,14,14,0	10,10,3	80-122	1
I	10811	12	6	13	13	8	Меч барона смерти	image_sword38_3	34,0,54,0,0,0,22	9,4,6,0,0,10,5	0	0,0,5,5,0	10,10,0	89-113	1
I	627	12	1	14	14	8	Доминатор	image_sword23	39,0,62,0,0,0,28	7,7,7,0,0,5,4	0	0,0,30,30,0	8,8,0	102-140	1
I	619	12	1	14	14	4	Ритуальный имперский тесак	image_sword24	0,0,55,0,0,42,45	13,7,0,0,0,6,4	0	0,0,30,30,0	8,8,0	103-139	1
I	16822	12	2	14	14	2	Лопата продвинутого землекопа	image_axe22	55,0,36,0,0,0,0	0,0,0,0,0,0,0	0	0,0,0,0,0	0,0,0	94-116	1
I	16825	12	2	14	14	63	Обсидиановая лопата	image_axe_obsidian	0,0,30,0,0,0,0	0,0,0,0,0,0,0	0	0,0,0,0,0	100,0,0	141-174	1
I	687	12	3	14	14	8	Кристаллический меч	image_sword33	39,0,62,0,0,0,28	12,9,14,0,0,7,12	0	0,0,9,9,0	22,22,20	117-173	1
I	3142	12	5	14	14	8	Зазубренное мачете открытых ран	image_sword14lvl	39,0,62,0,0,0,28	10,10,11,0,0,0,10	0	0,0,0,0,0	21,21,13	133-133	1
I	3034	12	5	14	14	8	Ледяной клинок	image_sword_ice	0,0,0,0,0,0,0	10,10,10,10,10,10,10	3	10,10,10,10,10	10,10,10	93-173	1
I	13186	12	1	15	15	8	Фальшион титана	image_sword15_djag	42,0,67,0,0,9,29	10,10,0,0,0,10,6	0	0,0,0,0,0	20,20,10	133-159	1
I	3087	12	2	15	15	8	Ледяной клинок МК1	image_sword_ice	0,0,0,0,0,0,0	12,12,12,12,12,12,12	3	12,12,12,12,12	12,12,12	132-188	1
I	3014	12	6	15	15	8	Меч безумия	image_sword41	42,0,67,0,0,9,29	8,7,9,0,0,5,7	0	0,0,1,1,0	8,8,1	146-174	1
I	10375	12	7	15	15	4	Катана титанической силы	image_sword48	0,0,57,0,0,45,47	15,0,26,0,0,30,15	0	0,0,25,25,0	23,23,1	156-192	1
I	16823	12	2	16	16	2	Лопата землекопа эксперта	image_axe23	61,0,48,0,0,0,0	0,0,0,0,0,0,0	0	0,0,0,0,0	0,0,0	185-198	1
I	10231	12	3	16	16	8	Клинок Титана	image_sword40	45,0,76,0,0,15,31	18,13,14,0,0,13,19	0	0,0,50,50,0	21,21,19	176-242	1
I	3113	12	6	16	16	8	Ледяной клинок МК2	image_sword_ice	0,0,0,0,0,0,0	14,14,14,14,14,14,14	3	15,15,15,15,15	15,15,15	168-250	1
I	10311	12	7	16	16	8	Рассекающий клинок непреклонного	image_sword44	45,0,76,0,0,15,31	20,25,16,0,0,17,25	0	10,10,10,10,10	18,18,18	195-223	2
I	10801	12	1	17	17	8	Меч Барракуды	image_sword_dd	51,0,86,0,0,20,35	14,11,15,2,2,12,14	0	0,0,4,4,0	10,10,10	221-279	2
I	10063	12	1	17	17	4	Меч античного витязя	image_sword36	20,0,61,0,0,51,53	19,10,0,2,0,13,9	0	10,10,11,11,10	11,11,11	192-224	1
I	3128	12	6	17	17	8	Ледяной клинок МК3	image_sword_ice	0,0,0,0,0,0,0	17,17,17,17,17,17,17	3	18,18,18,18,18	18,18,18	201-299	1
I	3021	12	6	17	17	8	Псионический меч Истины	image_sword_truth	51,0,86,0,0,20,35	20,10,15,2,0,10,20	0	15,15,15,15,15	10,10,16	255-330	2
I	10062	12	1	18	18	8	Меч древнего колосса	image_sword34	53,0,88,0,0,27,35	12,10,16,0,0,11,14	0	0,0,11,11,0	24,24,13	215-285	1
I	16824	12	2	18	18	2	Лопата землекопа мастера	image_axe24	44,0,38,0,0,0,0	0,0,0,0,0,0,0	0	0,0,0,0,0	0,0,0	202-268	1
I	10400	12	2	18	18	8	Меч ужаса	image_sword49	53,0,88,0,0,27,35	17,15,18,0,0,14,21	0	22,22,22,22,22	12,12,18	240-310	1
I	3135	12	6	18	18	8	Ледяной клинок МК4	image_sword_ice	0,0,0,0,0,0,0	21,21,21,21,21,21,21	5	25,25,25,25,25	25,25,25	241-359	1
I	13160	12	3	19	19	8	Карабела Кавалера	image_sword19lvl_djag	55,0,94,0,0,35,38	30,20,30,0,0,20,35	0	0,0,11,11,0	80,80,0	324-396	1
I	3173	12	6	19	19	8	Ледяной клинок МК5	image_sword_ice	0,0,0,0,0,0,0	25,25,25,25,25,25,25	6	30,30,30,30,30	30,30,30	301-419	1
I	10741	12	3	20	20	4	Клык Золотой Черепахи	image_sword_blok	20,0,78,0,0,77,75	39,28,38,4,2,48,35	0	13,13,13,13,13	37,37,35	406-458	1
I	10729	12	3	20	20	8	Тесак Черного Единорога	image_sword_megadjag	60,0,100,0,0,42,43	36,26,48,3,3,24,54	0	0,0,0,0,0	48,48,42	400-464	2
I	3054	12	5	20	20	8	Отравленный клинок Новолуния	image_sword20+	60,0,100,0,0,42,43	30,20,25,0,0,15,30	0	0,0,45,45,0	20,20,20	346-446	2
I	9052	12	5	20	20	8	Пиратская сабля	image_sword_p	60,0,100,0,0,42,43	38,20,30,0,3,25,46	4	0,0,43,43,0	30,30,16	406-458	2
I	3179	12	6	20	20	8	Ледяной клинок МК6	image_sword_ice	0,0,0,0,0,0,0	35,35,35,35,35,35,35	7	40,40,40,40,40	40,40,40	362-502	1
I	13215	12	1	21	21	8	Клинок Бесстрашия	image_sword21lvl	65,0,105,0,0,47,48	26,16,28,3,3,16,16	0	15,20,20,20,15	27,27,26	400-464	2
I	11650	12	2	21	21	8	Фальчион Черного Единорога	image_sword_jag21	65,0,105,0,0,47,48	50,35,50,5,0,35,55	0	0,0,32,32,0	50,50,42	449-587	2
I	3134	12	5	21	21	8	Расплата	image_sword_payback	65,0,105,0,0,47,48	45,31,0,0,0,31,45	0	17,25,30,30,25	40,40,35	438-598	2
I	3186	12	6	21	21	8	Ледяной клинок МК7	image_sword_ice	0,0,0,0,0,0,0	42,42,42,42,42,42,42	7	48,48,48,48,48	48,48,48	438-598	2
I	3055	12	5	22	22	8	Булатная сабля Халифа	image_sword20+2	70,0,110,0,0,52,53	45,30,35,0,0,28,40	0	0,0,55,55,0	30,30,30	534-616	2
I	2331	12	5	22	22	8	Хрономеч	image_castet_chrono	0,0,0,0,0,0,0	120,90,120,15,15,60,120	3	24,24,24,24,24	100,100,90	606-886	2
I	3071	12	7	22	22	8	Катана пляшущих молний	image_sword46	70,0,110,0,0,52,53	70,40,50,5,5,65,75	0	40,40,50,40,40	30,60,16	574-670	2
I	3070	12	7	22	22	8	Катана поющего пламени	image_sword45	70,0,110,0,0,52,53	70,40,50,5,5,65,75	0	40,40,40,50,40	60,30,16	586-658	2
I	2781	12	2	23	23	8	Призрачный меч	image_sword_ghost	75,0,115,0,0,57,58	60,42,61,5,5,42,70	2	60,60,60,60,60	64,64,52	666-826	2
I	3164	12	5	23	23	8	Гаситель надежды	image_sword23_djag	75,0,115,0,0,57,58	80,40,75,5,5,25,90	3	100,100,100,100,100	62,62,40	577-791	2
I	314	14	1	0	0	1	Лук новобранца	image_bow1	0,0,0,0,0,0,0	1,0,0,0,0,0,0	0	0,0,0,0,0	0,0,0	7-15	4
I	207	14	1	2	2	1	Учебный деревянный лук	image_bow1	0,4,0,0,0,2,0	3,3,0,0,0,2,0	0	0,0,1,1,0	0,0,0	15-21	7
I	208	14	1	3	3	1	Охотничий лук	image_bow2	0,6,0,0,0,0,0	3,3,1,0,0,2,0	0	0,0,0,0,0	1,1,0	16-28	8
I	11621	14	1	4	4	1	Лук костелуча	image_bow_scelluch	0,0,0,0,0,0,0	2,2,2,0,0,2,2	0	0,0,0,0,0	1,1,0	1-53	8
I	209	14	1	4	4	1	Тисовый лук	image_bow3	0,8,0,0,0,0,0	3,4,0,0,0,3,0	0	0,0,0,0,0	1,1,0	18-36	8
I	210	14	1	5	5	1	Лук охранника	image_bow5	0,8,0,0,0,5,0	4,4,0,0,0,3,0	0	0,0,0,0,0	2,2,0	28-38	9
I	10825	14	1	6	6	1	Ивовый лук	image_bow_6	0,12,0,0,0,4,0	5,4,0,0,0,5,0	0	0,0,0,0,0	3,3,1	33-47	9
I	13783	14	1	7	7	1	Лук следопыта	image_bow7rang	0,20,0,0,0,15,0	4,4,3,0,0,4,1	0	0,0,4,4,0	3,3,0	42-54	9
I	913	14	2	7	7	1	Зверобой	image_bow10	0,20,0,0,0,15,0	5,5,2,0,3,4,3	0	0,0,0,0,0	5,5,2	42-64	9
I	211	14	1	8	8	1	Боевой лук разведчика	image_bow7	11,27,0,0,0,22,0	6,6,1,0,0,6,0	0	0,0,0,0,0	4,4,3	51-65	10
I	11825	14	1	9	9	1	Короткий композитный лук	image_bow9lvl	12,30,0,0,0,24,0	6,8,2,0,0,7,0	0	0,0,0,0,0	5,5,3	61-77	10
I	3000	14	6	9	9	1	Тисовый лук коррозии	image_bow23	12,30,0,0,0,24,0	7,8,2,0,0,6,0	0	0,0,0,0,0	8,8,1	59-79	10
I	212	14	1	10	10	1	Длинный композитный лук	image_bow6	15,34,0,0,0,28,0	8,9,2,0,0,9,0	0	0,0,0,0,0	7,7,2	73-93	10
I	11826	14	1	11	11	1	Короткий эльфийский лук	image_bow11lvl	18,41,0,0,0,32,0	10,10,3,0,0,10,0	0	0,0,1,1,0	5,5,3	88-112	11
I	277	14	3	11	11	1	Лук Небесной Гвардии	image_bow9	18,41,0,0,0,32,0	10,15,13,0,0,10,10	0	0,0,10,10,0	9,9,8	100-140	11
I	213	14	1	12	12	1	Лук эльфийского следопыта	image_bow8	19,42,0,0,0,34,0	9,12,5,0,0,12,0	0	0,0,0,0,0	6,6,6	109-131	11
I	13610	14	1	13	13	1	Легкий лук проводника духов	image_bow13lvl	22,48,10,0,0,36,0	9,12,9,0,0,12,4	0	0,0,5,5,0	10,10,0	114-174	12
I	964	14	2	13	13	1	Снайперский элитный лук	image_bow16	22,48,10,0,0,36,0	8,19,11,0,0,19,5	0	0,0,0,0,0	12,12,7	118-172	13
I	3065	14	3	13	13	1	Лук Ночных Эльфов	image_bow20+2	22,48,10,0,0,36,0	20,21,10,0,0,20,12	0	0,0,0,0,0	18,18,6	148-206	12
I	11643	14	5	13	13	1	Тыквострел	image_hallowbow1	0,0,0,0,0,0,0	0,0,0,0,0,0,0	10	0,0,0,0,0	0,0,0	10-500	12
I	624	14	1	14	14	1	Лук проводника духов	image_bow11	25,55,14,0,0,45,0	10,15,8,0,0,16,6	0	0,1,0,0,0	10,10,7	149-175	12
I	3069	14	2	14	14	1	Сумеречный Приговор	image_bow9_cr	25,55,14,0,0,45,0	20,25,15,0,0,25,14	0	0,0,0,0,0	15,15,16	173-241	12
I	13058	14	5	14	14	1	Сердцестрел	image_bow_valentin	0,0,0,0,0,0,0	0,0,0,0,0,0,0	9	14,14,14,14,14	14,14,14	65-520	13
I	11827	14	1	15	15	1	Боевой лук проводника духов	image_bow15lvl	27,57,16,0,0,47,0	15,16,9,0,0,16,10	0	0,0,0,5,0	10,10,9	141-237	12
I	10591	14	2	15	15	1	Лук эльфийского принца	image_bowluch	27,57,16,0,0,47,0	20,20,13,3,3,20,10	0	0,0,0,0,0	23,23,2	174-242	13
I	3202	14	2	15	15	1	Ночной Приговор	image_bow9_cr_2	27,57,16,0,0,47,0	24,30,18,0,0,30,17	0	0,0,0,0,0	18,18,19	171-287	12
I	10374	14	7	15	15	8	Ослепляющий лук непреклонного	image_bow83	42,0,67,0,0,9,29	20,24,30,30,0,24,30	0	0,0,0,0,0	7,6,0	191-263	10
I	10826	14	1	16	16	1	Лук лесного дозора	image_bow_16	29,60,20,0,0,49,0	17,18,10,3,3,18,10	0	0,0,0,0,0	16,16,8	179-269	12
I	661	14	3	16	16	1	Лук глубокой тени	image_bow19	29,60,20,0,0,49,0	27,36,12,6,6,36,19	0	0,0,5,5,0	25,25,18	211-325	12
I	10313	14	7	16	16	1	Ядовитый лук мстителя	image_bow68	29,60,20,0,0,49,0	30,40,25,9,15,40,30	0	0,0,1,1,0	8,8,0	255-281	12
I	11828	14	1	17	17	1	Боевой лук лесного дозора	image_bow17lvl	39,69,24,0,0,59,0	16,21,15,4,4,21,13	0	0,0,0,0,0	18,18,12	231-301	12
I	10524	14	2	17	17	1	Астральный Разрушитель	image_bow200	39,69,24,0,0,59,0	35,30,17,0,0,25,17	0	0,0,5,5,0	25,25,15	265-317	13
I	3018	14	6	17	17	1	Лук Спящего Разума	image_bow_sleeping_mind	39,69,24,0,0,59,0	25,25,0,5,8,25,25	0	0,0,12,12,0	25,25,25	214-318	13
I	10055	14	1	18	18	1	Лук золотого Феникса	image_bow37	40,71,31,0,0,62,0	17,25,15,5,5,25,12	0	0,8,12,12,0	14,14,10	294-344	12
I	13777	14	2	18	18	8	Ослепляющий лук Лиловых Теней	image_bow18djag	53,0,88,0,0,27,35	35,40,50,10,0,40,50	0	24,24,24,24,24	0,0,0	283-479	10
I	200052	14	2	18	18	1	Яркий Фантомный Лук Силы	image_bow38	40,71,31,0,0,62,0	45,30,4,4,7,30,20	0	0,1,0,0,0	28,28,16	332-370	13
I	11829	14	1	19	19	1	Лук Древних	image_bow19lvl	44,73,36,0,0,64,0	25,25,15,4,5,28,18	0	0,0,0,0,0	20,20,25	361-404	12
I	3155	14	2	19	19	1	Астральный Искоренитель	image_bow19lvl2	44,73,36,0,0,64,0	40,40,21,0,0,40,21	0	0,0,5,5,0	25,25,15	376-464	13
I	3032	14	5	19	19	1	Кобальтовый лук Индиго	image_bow_o	44,73,36,0,0,64,0	34,45,0,0,5,45,34	0	15,15,15,15,15	0,0,0	350-460	12
I	3082	14	7	19	19	1	Лук Лесного Сумрака	image_bow19lvl1	44,73,36,0,0,64,0	40,80,0,10,10,80,50	0	0,0,4,4,0	20,20,19	445-471	13
I	13205	14	1	20	20	1	Лук Древних лесных владык	image_bow20lvl	50,80,43,0,0,71,0	29,29,19,5,5,35,22	0	0,5,5,5,0	24,24,25	428-480	12
I	10705	14	3	20	20	1	Жало Лазурного Дракона	image_bow_lych	50,80,43,0,0,71,0	56,75,15,10,5,75,35	0	0,0,0,0,0	60,60,49	485-613	13
I	300627	14	5	20	20	0	Зареносец	image_bow1820	0,0,0,0,0,0,0	175,175,0,10,20,175,150	0	50,50,50,50,50	100,100,100	999-1666	15
I	3053	14	5	20	20	1	Лук Золотого Колоса	image_bow20+	50,80,43,0,0,71,0	47,47,20,0,0,47,35	0	0,0,0,0,0	40,40,40	499-599	13
I	307	14	9	20	20	1	Лук Сoldri (Тетань гун)	image_bowC	0,0,0,0,0,0,0	200,150,100,20,20,150,50	15	0,0,0,0,0	75,75,75	720-840	20
I	11645	14	2	21	21	1	Жало Изумрудного Дракона	image_bow_lych21	55,85,45,0,0,76,0	70,80,35,0,5,80,50	0	0,0,16,16,0	66,66,54	639-677	13
I	3066	14	5	21	21	1	Животворящий лук Эйтерии	image_bow20+4	55,85,45,0,0,76,0	65,65,0,4,6,65,50	0	0,0,22,22,0	45,45,45	550-650	13
I	3123	14	5	21	21	1	Крепкий оскверненный лук	image_bow_sea	55,85,45,0,0,76,0	120,140,50,10,10,140,50	0	0,0,0,0,0	88,88,40	669-899	13
I	3093	14	5	21	21	1	Оскверненный лук	image_bow_sea	0,0,0,0,0,0,0	120,140,50,10,10,140,50	0	0,0,0,0,0	88,88,40	669-899	13
I	3063	14	5	22	22	1	Лук Фиалковой Дали	image_bow20+3	60,90,48,0,0,82,0	55,66,22,0,9,66,55	0	0,0,20,20,0	50,50,50	682-888	12
I	3077	14	5	22	22	1	Огнемрак аспидов	image_bow20+5	60,90,48,0,0,82,0	66,66,25,5,6,66,66	0	0,0,25,25,0	55,55,55	682-888	13
I	3103	14	7	22	22	1	Наследие Конкистадора	image_bow20+rang	60,90,48,0,0,82,0	88,130,50,5,5,130,60	0	0,0,0,0,0	45,45,22	697-873	13
I	2784	14	2	23	23	1	Призрачный лук	image_bow_ghost	65,98,51,0,0,88,0	105,142,54,6,6,142,70	4	0,0,60,60,0	91,91,71	918-964	13
I	1086	14	5	23	23	1	Луч Зари	image_bow_tesla	0,0,0,0,0,0,0	145,150,40,5,10,160,90	10	50,50,50,50,50	85,85,60	666-1216	13
I	3158	14	5	23	23	1	Проказник	image_bow23_rang	65,98,51,0,0,88,0	90,140,55,0,0,140,55	6	0,0,0,0,0	135,135,88	775-951	13
I	318	15	1	0	0	4	Щит новобранца	image_shield1	0,0,0,0,0,0,0	1,0,0,0,0,0,0	0	0,0,0,0,0	0,0,0	5-5	1
I	237	15	1	2	2	4	Легкий деревянный щит	image_shield1	0,0,4,0,0,0,3	1,0,1,0,0,2,1	0	0,0,2,2,0	0,0,0	8-8	1
I	238	15	1	3	3	4	Железный круглый щит	image_shield11	0,0,4,0,0,0,4	0,0,1,0,0,3,1	0	0,0,0,0,0	0,0,0	10-10	1
I	239	15	1	4	4	4	Круглый щит с шипами	image_shield2	0,0,0,0,0,0,5	0,0,2,0,0,2,2	0	0,0,0,0,0	0,0,0	12-12	1
I	240	15	1	5	5	4	Усиленный железный щит	image_shield6	0,0,8,0,0,0,8	0,0,1,0,0,3,3	0	0,0,0,0,0	0,0,0	15-15	1
I	241	15	1	6	6	4	Лазурный щит	image_shield3	0,0,12,0,0,8,8	0,0,2,0,0,4,2	0	0,0,0,0,0	5,5,0	18-19	1
I	242	15	1	7	7	4	Имперский легкий щит	image_shield4	0,0,15,0,0,0,14	0,0,3,0,0,4,3	0	0,0,4,4,0	0,0,0	21-22	1
I	243	15	1	8	8	4	Стальной усиленный круглый щит	image_shield10	0,0,27,0,0,12,22	0,0,4,0,0,4,4	0	0,0,4,4,0	3,3,0	26-27	1
I	922	15	2	8	8	4	Костяной щит	image_shield13	0,0,27,0,0,12,22	1,0,5,0,0,5,5	0	0,0,8,8,0	3,3,0	29-29	1
I	11914	15	5	8	8	4	Зазубренный щит открытых ран	image_shield_notch	0,0,27,0,0,12,22	3,0,4,0,0,4,5	0	1,1,1,1,0	6,6,0	29-29	1
I	244	15	1	9	9	4	Стальной щит	image_shield9	0,0,31,0,0,16,25	0,0,4,0,0,5,5	0	0,0,6,6,0	0,5,5	31-31	1
I	245	15	1	10	10	4	Турнирный щит	image_shield5	0,0,36,0,0,20,28	0,0,6,0,0,5,5	0	0,0,12,12,0	4,4,0	38-38	1
I	415	15	3	10	10	4	Крепыш	image_shield12	0,0,36,0,0,20,28	0,0,9,0,0,10,10	0	0,1,5,5,0	15,15,0	46-47	1
I	246	15	1	11	11	4	Имперский щит	image_shield7	0,0,41,0,0,24,32	0,0,6,0,0,7,6	0	0,0,14,14,0	3,3,3	46-46	1
I	952	15	2	11	11	4	Зеркальный щит	image_shield15	0,0,41,0,0,24,32	0,0,7,0,0,10,9	0	0,0,0,0,0	15,16,1	50-51	1
I	3039	15	5	11	11	4	Букет мастера щита	image_dagger_8marth	0,0,0,0,0,0,0	8,8,8,8,8,8,8	4	88,88,88,88,88	88,88,88	88-288	2
I	3143	15	5	11	11	4	Зубчатый щит открытых ран	image_shield11_1	0,0,41,0,0,18,22	3,0,7,0,0,7,7	0	0,0,0,0,0	11,11,7	50-51	1
I	247	15	1	12	12	4	Имперский тяжелый щит	image_shield8	0,0,43,0,0,30,36	0,0,7,0,1,7,6	0	0,0,12,12,0	10,10,0	53-58	1
I	11830	15	1	13	13	4	Латунный щит центуриона	image_shield13lvl	0,0,48,0,0,36,40	0,0,7,0,0,9,9	0	0,0,10,10,0	9,9,7	66-67	1
I	200337	15	2	13	13	4	Щит золотого дракона	image_shield28	0,0,48,0,0,36,40	0,0,10,0,0,12,12	0	0,0,20,20,15	9,9,4	73-74	1
I	11644	15	5	13	13	4	Тыквощит	image_hallowshield1	0,0,0,0,0,0,0	0,0,0,0,0,0,0	10	0,0,0,0,0	0,0,0	1-250	1
I	13612	15	1	14	14	4	Щит центуриона	image_shield14lvl	0,0,55,0,0,42,45	0,0,8,0,0,12,10	0	0,7,15,15,0	10,10,5	75-85	1
I	686	15	3	14	14	4	Тяжелый осадный щит	image_shield17	0,0,55,0,0,42,45	5,0,15,2,2,15,15	0	8,8,26,26,8	15,15,10	90-101	1
I	30156	15	5	14	14	4	Железный Защитник Глоина	image_shield26	0,0,0,0,0,0,0	0,0,12,0,0,20,20	0	0,0,0,0,0	16,16,10	93-98	1
I	3144	15	5	14	14	4	Зазубренный заслон открытых ран	image_shield14_1	0,0,55,0,0,42,45	7,0,12,0,0,12,12	0	0,0,0,0,0	21,21,13	87-88	1
I	3194	15	5	14	14	4	Ледяной щит	image_shield_ice	0,0,0,0,0,0,0	10,10,10,10,10,10,10	3	10,10,10,10,10	10,10,10	66-67	1
I	13059	15	5	14	14	4	Сердцещит	image_shield_valentin	0,0,0,0,0,0,0	0,0,0,0,0,0,0	7	14,14,14,14,14	14,14,14	10-280	2
I	620	15	1	15	15	4	Ритуальный имперский щит	image_shield14	0,0,57,0,0,45,47	5,0,10,0,0,11,10	0	0,0,23,23,0	16,16,0	95-96	1
I	3195	15	2	15	15	4	Ледяной щит МК1	image_shield_ice	0,0,0,0,0,0,0	12,12,12,12,12,12,12	3	12,12,12,12,12	12,12,12	78-82	1
I	3185	15	2	15	15	4	Шипованный тарджет Победы	image_shield_bloody	0,0,57,0,0,45,47	5,0,20,0,0,20,20	0	8,8,26,26,8	19,19,15	114-116	2
I	10833	15	1	16	16	4	Щит патрициев	image_shield16lvl	0,0,59,0,0,48,50	7,0,12,0,0,12,12	0	0,0,20,20,0	18,18,7	109-121	1
I	3192	15	2	16	16	4	Шипованный клипеус Победы	image_shield_bloody_2	0,0,59,0,0,48,50	5,0,24,0,0,24,24	0	10,10,34,34,10	23,23,17	135-143	2
I	3196	15	6	16	16	4	Ледяной щит МК2	image_shield_ice	0,0,0,0,0,0,0	14,14,14,14,14,14,14	3	15,15,15,15,15	15,15,15	93-98	1
I	10312	15	7	16	16	4	Обжигающий щит гордости	image_shield25	0,0,59,0,0,48,50	25,0,26,0,0,26,26	0	0,0,0,0,0	35,35,12	134-140	1
I	11831	15	1	17	17	4	Щит античного витязя	image_shield17lvl	20,0,61,0,0,51,53	3,0,14,2,3,15,16	0	0,0,35,35,0	8,8,9	133-141	1
I	3145	15	2	17	17	4	Зубчатый заслон открытых ран	image_shield17_1	20,0,61,0,0,51,53	12,0,20,0,0,20,20	0	0,0,0,0,0	26,26,23	151-151	1
I	10370	15	2	17	17	4	Щит воинской доблести	image_shield27	20,0,61,0,0,51,53	7,0,20,0,7,18,20	0	0,20,20,20,20	15,15,11	142-160	1
I	3197	15	6	17	17	4	Ледяной щит МК3	image_shield_ice	0,0,0,0,0,0,0	17,17,17,17,17,17,17	3	18,18,18,18,18	18,18,18	110-120	1
I	3020	15	6	17	17	4	Щит Абсолютной Свободы	image_shield_negative	20,0,61,0,0,51,53	10,0,15,5,0,25,25	0	20,20,20,20,20	15,15,10	165-165	1
I	10064	15	1	18	18	4	Тяжелый щит античного витязя	image_shield18	20,0,63,0,0,60,60	9,0,17,1,0,18,18	0	0,0,50,50,0	9,9,7	155-175	1
I	3067	15	3	18	18	4	Алый скутум торжества	image_shield20+3	20,0,63,0,0,60,60	28,0,29,0,0,28,28	0	0,0,37,37,0	32,32,26	331-389	1
I	3198	15	6	18	18	4	Ледяной щит МК4	image_shield_ice	0,0,0,0,0,0,0	21,21,21,21,21,21,21	5	25,25,25,25,25	25,25,25	131-145	1
I	13613	15	1	19	19	4	Щит броненосца	image_shield19lvl	20,0,68,0,0,67,69	10,0,20,2,3,20,20	0	0,20,30,30,0	20,20,10	188-208	1
I	3146	15	2	19	19	4	Зазубренный скутум открытых ран	image_shield19_1	20,0,69,0,0,68,67	20,0,27,0,0,27,27	0	0,0,0,0,0	41,41,31	218-218	1
I	3031	15	5	19	19	4	Звездный Рондаш Неудачи	image_shield_o	20,0,69,0,0,68,67	15,0,20,0,0,35,35	0	0,0,25,25,0	22,22,0	227-238	1
I	3199	15	6	19	19	4	Ледяной щит МК5	image_shield_ice	0,0,0,0,0,0,0	25,25,25,25,25,25,25	6	30,30,30,30,30	30,30,30	155-175	1
I	13207	15	1	20	20	4	Широкий щит Победоносца	image_shield20lvl	20,0,78,0,0,77,75	14,0,24,2,2,24,24	0	0,0,70,70,0	15,15,10	237-238	1
I	10739	15	3	20	20	4	Панцирь Золотой Черепахи	image_shield30	20,0,78,0,0,77,75	36,0,46,4,4,52,52	0	0,30,51,51,0	24,27,28	284-286	1
I	1079	15	6	20	20	4	Гигантская полыхающая павеза	image_shield_obsidian1	0,0,0,0,0,0,0	40,0,55,0,6,60,55	0	0,60,70,70,48	38,38,38	221-254	2
I	3200	15	6	20	20	4	Ледяной щит МК6	image_shield_ice	0,0,0,0,0,0,0	35,35,35,35,35,35,35	7	40,40,40,40,40	40,40,40	183-213	1
I	11647	15	2	21	21	4	Павеза Золотой Черепахи	image_shield_shield21	20,0,83,0,0,82,80	45,0,60,0,5,60,60	0	0,41,65,65,0	30,30,33	306-321	1
I	3121	15	5	21	21	4	Крепкий оскверненный щит	image_shield_sea	20,0,83,0,0,80,82	25,0,80,10,10,70,80	0	30,30,30,30,30	50,50,10	335-485	1
I	3096	15	5	21	21	4	Оскверненный щит	image_shield_sea	0,0,0,0,0,0,0	25,0,80,10,10,70,80	0	30,30,30,30,30	50,50,10	335-485	1
I	3201	15	6	21	21	4	Ледяной щит МК7	image_shield_ice_2	0,0,0,0,0,0,0	42,42,42,42,42,42,42	7	48,48,48,48,48	48,48,48	225-250	2
I	3148	15	2	22	22	4	Зубчатый скутум открытых ран	image_shield22_1	20,0,89,0,0,88,88	32,0,48,0,0,48,48	0	0,0,0,0,0	75,75,56	376-376	1
I	3052	15	5	22	22	4	Полевой щит Единорога	image_shield20+	20,0,89,0,0,88,88	30,0,50,0,0,51,50	0	0,0,50,50,0	30,30,30	410-411	1
I	3112	15	7	22	22	4	Золотая эгида Воеводы	image_shield20+shield	20,0,89,0,0,88,88	35,0,100,0,0,85,90	0	0,0,50,50,0	30,30,30	379-441	1
I	2782	15	2	23	23	4	Призрачный щит	image_shield_ghost	20,0,95,0,0,95,92	55,0,72,5,5,74,74	2	85,85,85,85,83	40,40,43	370-376	2
I	3162	15	5	23	23	4	Загадка	image_shield23_shield	20,0,95,0,0,95,92	50,0,90,0,0,90,90	3	80,80,80,80,80	72,72,70	449-454	1
I	1097	15	5	23	23	4	Око шипов	image_shield_tesla	0,0,0,0,0,0,0	60,0,75,5,10,135,115	10	60,60,60,60,60	45,45,45	690-800	2
I	323	30	1	0	0	32	Посох новобранца	image_staff1	0,0,0,0,0,0,0	1,0,0,0,0,0,0	0	0,0,0,0,0	0,0,0	7-9	2
I	13239	30	1	5	5	32	Посох подмастерья	image_staff5lvl	0,0,4,13,0,0,0	0,0,2,4,5,0,0	0	0,0,2,2,0	1,1,0	19-26	1
I	200	30	1	6	6	32	Посох студента	image_staff1	0,0,0,15,20,0,0	0,0,2,6,6,0,0	0	0,0,2,2,0	2,2,1	25-31	1
I	201	30	1	7	7	32	Посох друида	image_staff2	0,0,0,18,23,0,0	0,0,2,7,7,0,0	0	0,0,2,2,0	4,4,0	31-36	1
I	202	30	1	8	8	32	Посох заклинателя	image_staff3	0,0,12,22,27,0,0	0,0,3,8,8,0,0	0	0,0,3,3,0	4,4,1	36-45	1
I	203	30	1	9	9	32	Посох волшебника	image_staff7	0,0,14,26,31,0,0	0,0,3,10,10,0,0	0	0,0,7,7,0	3,3,1	44-56	1
I	204	30	1	10	10	32	Посох колдуна	image_staff4	0,0,17,30,36,0,0	0,0,2,13,13,0,0	0	3,3,5,5,3	3,3,1	57-63	1
I	205	30	1	11	11	32	Посох мага	image_staff5	0,0,21,35,41,0,0	0,0,8,12,12,0,0	0	0,0,5,5,0	6,6,0	67-79	1
I	279	30	3	11	11	32	Посох Культа Тьмы	image_staff8	0,0,21,35,41,0,0	0,0,18,20,20,0,0	0	0,0,5,5,0	10,10,10	63-111	1
I	206	30	1	12	12	32	Посох архимага	image_staff6	0,0,22,41,46,0,0	0,0,10,14,14,0,0	0	0,0,7,7,0	7,7,0	79-97	1
I	13616	30	1	13	13	32	Трость хранителя легенд	image_staff13lvl	0,0,23,45,52,0,0	0,0,10,18,18,0,0	0	0,0,9,9,0	5,5,4	98-114	1
I	284	30	3	13	13	32	Инкрустированная трость магистра	image_staff12	0,0,23,45,52,0,0	0,0,17,33,33,0,0	0	0,0,0,0,0	14,14,11	120-134	1
I	11642	30	5	13	13	32	Тыквопосох	image_hallowstaff1	0,0,0,0,0,0,0	0,0,0,0,0,0,0	10	0,0,0,0,0	0,0,0	1-250	2
I	618	30	1	14	14	32	Посох хранителя легенд	image_staff9	0,0,25,55,62,0,0	0,0,12,21,22,0,0	0	0,0,10,10,0	10,10,0	115-140	1
I	13057	30	5	14	14	32	Сердцепосох	image_staff_valentin	0,0,0,0,0,0,0	0,0,0,0,0,0,0	10	14,14,14,14,14	14,14,14	26-430	2
I	13617	30	1	15	15	32	Посох могущества	image_staff15lvl	0,0,27,60,69,0,0	0,0,18,24,24,0,0	0	0,0,10,10,0	10,10,4	126-179	1
I	656	30	3	15	15	32	Посох повелителя бурь	image_staff11	0,0,27,60,69,0,0	0,0,27,46,46,0,0	0	0,1,0,0,0	25,25,10	163-203	1
I	13176	30	1	16	16	32	Трость могущества	image_staff16mage	0,0,30,68,73,0,0	0,0,23,28,28,0,0	0	8,8,8,8,8	12,12,0	167-199	1
I	295	30	2	16	16	32	Трость патриарха	image_staff16_2	0,0,30,68,73,0,0	0,0,35,36,36,0,0	0	10,10,10,10,10	11,11,8	200-202	2
I	10330	30	3	17	17	32	Посох великого чернокнижника	image_staff16	0,0,37,76,83,0,0	0,0,31,69,69,0,0	0	10,10,10,10,10	34,34,0	230-294	1
I	10061	30	1	18	18	32	Посох равновесия элементов	image_staff13	0,0,41,80,83,0,0	0,0,28,36,40,0,0	0	0,0,0,0,0	19,19,14	236-288	1
I	10523	30	2	18	18	32	Посох великого волшебника	image_staff30	0,0,41,80,83,0,0	0,0,27,53,60,0,0	0	6,6,6,6,6	20,20,17	278-300	2
I	3085	30	5	19	19	32	Обледенелый посох мыслителя	image_staff19mag	0,0,46,85,90,0,0	0,0,40,64,64,0,0	0	0,0,10,10,0	10,10,6	266-364	2
I	3083	30	7	19	19	32	Бутон Заклятий	image_staff19lvl	0,0,46,85,90,0,0	0,0,80,95,95,0,0	0	4,4,4,4,4	20,20,15	40-400	2
I	13210	30	1	20	20	32	Посох Патриарха Тьмы	image_staff20lvl	0,0,51,91,98,0,0	0,0,32,56,56,0,0	0	16,16,16,16,16	19,19,10	362-394	2
I	10762	30	3	20	20	32	Посох Алого Феникса	image_staff0003	0,0,51,91,98,0,0	0,0,74,84,113,0,0	0	29,29,29,29,29	38,38,30	403-504	1
I	1082	30	6	20	20	32	Гигантский полыхающий посох	image_staff_obsidian1	0,0,0,0,0,0,0	0,0,86,130,130,0,0	0	16,16,16,16,16	54,54,50	418-489	3
I	11653	30	2	21	21	32	Трость Алого Феникса	image_staff_mag21	0,0,56,96,103,0,0	0,0,84,118,118,0,0	0	30,30,30,30,30	45,45,50	444-564	2
I	3056	30	5	22	22	32	Нефритовый посох Тарантула	image_staff20+	0,0,63,103,111,0,0	0,0,70,107,105,0,0	0	0,0,40,40,0	40,40,40	631-675	3
I	3104	30	7	22	22	32	Лунная трость Волхва	image_staff20+mage	0,0,63,103,111,0,0	0,0,150,159,159,0,0	0	20,20,20,20,20	20,20,22	303-350	2
I	3171	30	8	22	22	32	Посох Госпожи	image_staff_misstress	0,0,71,111,120,0,0	0,0,205,205,205,0,0	5	40,40,40,40,40	56,56,30	326-326	3
I	3078	30	5	23	23	32	Змеесвет	image_staff_prise	0,0,71,111,120,0,0	0,0,130,170,180,0,0	6	140,140,140,140,140	0,0,8	666-2208	2
I	1000	30	5	23	23	32	Певец Шторма	image_staff_tesla	0,0,0,0,0,0,0	0,0,160,210,230,0,0	10	60,60,60,60,60	68,68,66	824-900	3
I	321	31	1	0	0	16	Молоток новобранца	image_dubinka1	0,0,0,0,0,0,0	1,0,0,0,0,0,0	0	0,0,0,0,0	0,0,0	7-9	1
I	11619	31	1	1	1	63	Кость	image_dubinka5	0,0,0,0,0,0,0	3,0,0,0,0,0,0	0	0,1,1,1,0	0,0,0	4-14	1
I	214	31	1	1	1	16	Простая деревянная дубинка	image_dubinka1	3,0,0,2,0,0,0	1,0,2,1,0,0,0	0	0,0,0,0,0	0,0,0	8-10	1
I	215	31	1	2	2	16	Окованная дубина	image_dubinka2	4,0,0,4,0,0,0	1,0,2,1,0,0,0	0	0,0,0,0,0	0,0,0	10-12	1
I	216	31	1	3	3	16	Утяжеленная окованная дубина	image_dubinka3	5,0,0,5,0,0,0	1,0,2,1,1,0,0	0	0,0,0,0,0	0,0,0	12-16	1
I	217	31	1	5	5	16	Железный шестопер	image_mace3	9,0,7,8,0,0,0	1,0,2,2,2,0,0	0	0,0,0,0,0	0,0,0	17-25	1
I	218	31	1	6	6	16	Стальной шестопер	image_mace5	12,0,0,12,0,0,0	1,1,2,2,2,0,0	0	0,0,0,0,0	0,0,0	18-32	1
I	219	31	1	7	7	16	Стальной моргенштерн	image_mace4	14,0,0,18,0,0,0	2,1,2,2,3,0,0	0	0,0,0,0,0	2,2,0	18-42	1
I	220	31	1	8	8	16	Простая булава	image_mace7	21,0,17,22,0,0,0	3,1,3,2,3,0,0	0	0,0,3,3,0	2,2,2	24-48	1
I	919	31	2	8	8	16	Клевец	image_hammer1	21,0,17,22,0,0,0	3,2,3,4,4,0,0	0	0,0,6,6,0	4,4,0	37-59	1
I	221	31	1	9	9	16	Боевая булава	image_mace1	25,0,20,26,0,0,0	3,2,3,3,3,0,0	0	0,0,5,5,0	3,3,3	40-48	1
I	3003	31	6	9	9	16	Шестопер выветривания маны	image_mace9	25,0,20,26,0,0,0	3,3,4,3,4,0,0	0	0,0,0,0,0	4,4,2	44-52	1
I	222	31	1	10	10	16	Усиленная боевая булава	image_mace2	26,0,25,29,0,0,0	3,0,4,4,5,0,0	0	0,0,6,6,0	4,4,4	48-58	1
I	10114	31	6	10	10	16	Дубина сатира	image_dubinka4	26,0,25,29,0,0,0	6,0,4,4,4,0,0	0	0,0,1,1,0	8,8,0	44-72	1
I	223	31	1	11	11	16	Боевой моргенштерн храмовника	image_mace6	31,0,30,35,0,0,0	4,0,5,4,6,0,0	0	0,0,0,0,0	7,7,7	54-72	1
I	3042	31	5	11	11	16	Букет жреца	image_hammer_8marth	0,0,0,0,0,0,0	8,8,8,8,8,8,8	4	88,88,88,88,88	88,88,88	88-288	2
I	16811	31	1	12	12	16	Молот плотника новичка	image_hammer12	35,0,34,0,0,0,0	0,0,0,0,0,0,0	0	0,0,0,0,0	0,0,0	71-82	1
I	601	31	3	12	12	16	Элитный боевой цеп	image_mace8	35,0,34,40,0,0,0	7,5,6,10,10,0,0	0	0,0,15,15,0	13,13,11	75-107	1
I	13797	31	1	13	13	16	Паладинская палица	image_dubinka13jrec	40,0,39,45,0,0,0	6,0,6,7,6,0,0	0	0,0,0,0,0	11,11,11	82-100	1
I	970	31	2	13	13	16	Адамантовый молот	image_hammer3	40,0,39,45,0,0,0	7,0,9,9,9,0,0	0	0,0,20,20,0	9,9,9	94-107	1
I	626	31	1	14	14	16	Паладинский молот	image_hammer2	45,0,45,50,0,0,0	6,2,6,7,9,0,0	0	0,0,20,20,0	7,7,8	96-122	1
I	16812	31	2	14	14	16	Молот продвинутого плотника	image_hammer13	30,0,25,0,0,0,0	0,0,0,0,0,0,0	0	0,0,0,0,0	0,0,0	98-112	1
I	16815	31	2	14	14	63	Обсидиановый молоток	image_hammer_obsidian2	0,0,30,0,0,0,0	0,0,0,0,0,0,0	0	0,0,0,0,0	100,0,0	147-168	1
I	3036	31	5	14	14	16	Ледяной молоток	image_hammer_ice	0,0,0,0,0,0,0	10,10,10,10,10,10,10	3	10,10,10,10,10	10,10,10	79-159	1
I	3089	31	2	15	15	16	Ледяной молоток МК1	image_hammer_ice	0,0,0,0,0,0,0	12,12,12,12,12,12,12	3	12,12,12,12,12	12,12,12	132-156	1
I	10391	31	2	15	15	16	Молот святой Инквизиции	image_mace11	47,0,47,52,0,0,0	10,0,11,11,11,0,6	0	0,0,25,25,0	16,16,11	132-156	1
I	13779	31	1	16	16	16	Молоток крестоносца	image_hammer16priest	51,0,52,54,0,0,0	7,0,12,12,12,0,0	0	0,0,17,17,0	18,18,9	133-180	1
I	16813	31	2	16	16	16	Молот плотника эксперта	image_hammer14	34,0,29,0,0,0,0	0,0,0,0,0,0,0	0	0,0,0,0,0	0,0,0	167-179	1
I	3115	31	6	16	16	16	Ледяной молоток МК2	image_hammer_ice	0,0,0,0,0,0,0	14,14,14,14,14,14,14	3	15,15,15,15,15	15,15,15	148-228	1
I	3006	31	6	16	16	16	Чистильщик	image_hammer4	51,0,52,54,0,0,0	10,15,10,10,15,0,0	0	6,6,6,6,6	10,10,7	164-186	1
I	10315	31	7	16	16	16	Священная булава оракула	image_mace10	51,0,52,54,0,0,0	25,0,10,15,20,15,18	0	0,0,10,10,0	24,24,20	182-195	1
I	10059	31	1	17	17	16	Молоток святого слова	image_hammer7	54,0,55,56,0,0,0	13,0,14,13,13,0,0	0	0,0,0,0,0	18,18,19	175-199	1
I	13645	31	3	17	17	16	Молоток абсолютного познания	image_hammer17_priest	54,0,55,56,0,0,0	24,0,24,24,23,0,0	0	25,25,25,25,25	15,15,16	209-243	1
I	3130	31	6	17	17	16	Ледяной молоток МК3	image_hammer_ice	0,0,0,0,0,0,0	17,17,17,17,17,17,17	3	18,18,18,18,18	18,18,18	182-270	1
I	16814	31	2	18	18	16	Молот плотника мастера	image_hammer15	44,0,57,0,0,0,0	0,0,0,0,0,0,0	0	0,0,0,0,0	0,0,0	206-262	1
I	11139	31	2	18	18	16	Священный молоток епископа	image_hammer18_priest	63,0,57,62,0,0,0	17,10,18,20,20,0,0	0	0,0,15,15,0	26,26,26	203-293	1
I	3137	31	6	18	18	16	Ледяной молоток МК4	image_hammer_ice	0,0,0,0,0,0,0	21,21,21,21,21,21,21	5	25,25,25,25,25	25,25,25	225-315	1
I	3025	31	5	19	19	16	Платиновый пернач беззащитности	image_mace_o	70,0,62,69,0,0,0	20,10,18,20,18,0,10	0	15,15,15,15,15	0,0,20	280-370	1
I	3175	31	6	19	19	16	Ледяной молоток МК5	image_hammer_ice	0,0,0,0,0,0,0	25,25,25,25,25,25,25	6	30,30,30,30,30	30,30,30	280-368	1
I	3081	31	7	19	19	16	Лучезарный кистень Апостола	image_mace19lvl	70,0,62,69,0,0,0	33,22,33,35,35,22,0	0	13,14,13,13,14	25,25,21	237-412	2
I	10752	31	3	20	20	16	Молот Лунного Грифона	image_hammer0002(_2)	78,0,72,76,0,20,0	33,31,33,33,33,31,0	0	0,0,0,0,0	64,50,30	374-405	1
I	9053	31	5	20	20	16	Пиратский кистень	image_mace_p	78,0,72,76,0,20,0	23,0,30,31,30,20,28	4	50,30,10,10,50	25,32,0	342-437	2
I	3181	31	6	20	20	16	Ледяной молоток МК6	image_hammer_ice	0,0,0,0,0,0,0	35,35,35,35,35,35,35	7	40,40,40,40,40	40,40,40	321-457	1
I	3017	31	9	20	20	16	Булава Паландура	palandurs_hammer	0,0,0,0,0,0,0	80,0,100,130,90,0,0	5	30,30,30,30,30	0,0,32	1118-1494	3
I	13216	31	1	21	21	16	Молот Гармонии духа	image_hammer21lvl	83,0,77,81,0,20,0	18,16,18,19,19,0,18	0	0,0,1,1,0	46,46,30	328-410	1
I	3102	31	5	21	21	16	Увещеватель Плодиса	image_hammer_JP	83,0,77,81,0,20,0	30,10,45,35,30,0,2	0	50,50,70,70,50	15,15,14	396-536	2
I	3062	31	5	21	21	16	Янтарный молоток Благомыслия	image_hammer20+2	83,0,77,81,0,20,0	35,15,25,30,25,0,10	0	0,0,20,20,0	25,25,25	378-479	1
I	3188	31	6	21	21	16	Ледяной молоток MK7	image_hammer_ice	0,0,0,0,0,0,0	42,42,42,42,42,42,42	7	48,48,48,48,48	48,48,48	384-548	2
I	11656	31	2	22	22	16	Бучарда Лунного Грифона	image_hammer_jrec21	90,0,84,87,0,20,0	47,31,48,47,48,31,0	0	0,0,0,0,0	66,66,40	499-621	1
I	2332	31	5	22	22	16	Хронокистень	image_castet_chrono	0,0,0,0,0,0,0	120,0,120,120,120,0,60	3	24,24,24,24,24	100,100,90	600-742	2
I	3107	31	7	22	22	16	Загнал Кровавого Прелата	image_hammer20+jrec2	90,0,84,87,0,20,0	40,0,80,80,70,0,40	0	20,20,45,45,20	45,45,36	509-611	2
I	2780	31	2	23	23	16	Призрачный молот	image_hammer_ghost	97,0,91,94,0,20,0	75,0,0,70,70,0,70	2	50,50,50,50,50	78,78,50	600-742	2
I	3166	31	5	23	23	16	Сталебой	image_hammer23_priest1	97,0,91,94,0,20,0	50,0,55,90,75,0,50	3	70,70,70,70,70	70,70,99	520-711	2
I	322	32	1	0	0	16	Молот новобранца	image_hammer5	0,0,0,0,0,0,0	1,0,0,0,0,0,0	0	0,0,0,0,0	0,0,0	7-9	2
I	11940	32	1	4	4	16	Простой молот священника	image_hammer4jrec	0,0,6,8,0,0,0	3,0,1,3,3,0,0	0	0,0,2,2,0	0,0,0	30-42	2
I	13795	32	1	8	8	16	Боевой молот священника	image_hammer8jrec	21,0,17,22,0,0,0	5,0,5,5,4,0,0	0	0,0,3,3,0	4,4,1	70-90	2
I	10835	32	1	12	12	16	Рубиновая кувалда клирика	image_hammer12lvl	35,0,34,40,0,0,0	8,0,10,10,10,0,0	0	0,0,0,0,0	3,3,10	153-199	2
I	13142	32	3	13	13	16	Молотило прозрения	image_mace13_priest	40,0,39,45,0,0,0	10,10,15,24,24,0,0	0	0,0,0,0,0	11,11,15	226-282	3
I	11641	32	5	13	13	16	Тыквомолот	image_hallowhammer1	0,0,0,0,0,0,0	0,0,0,0,0,0,0	10	0,0,0,0,0	0,0,0	10-800	2
I	13056	32	5	14	14	16	Сердцемолот	image_hammer_valentin	0,0,0,0,0,0,0	0,0,0,0,0,0,0	10	14,14,14,14,14	14,14,14	80-835	2
I	13778	32	1	15	15	16	Молот миротворца	image_hammer15priest	47,0,47,52,0,0,0	10,0,16,25,15,0,0	0	0,0,15,15,0	9,9,2	265-345	2
I	873	32	3	15	15	16	Умиротворитель	image_hammer5	47,0,47,52,0,0,0	21,15,23,30,30,0,0	0	5,5,5,5,5	17,17,12	337-395	3
I	10377	32	7	15	15	16	Священный молот каменной кожи	image_hammer20	47,0,47,52,0,0,0	20,30,38,20,20,0,30	0	0,0,0,0,0	6,7,0	288-444	2
I	13155	32	3	16	16	16	Освященная кувалда епископа	image_hammer16lvl_priest	51,0,52,54,0,0,0	20,0,26,33,33,10,20	0	0,0,27,27,0	20,20,10	403-473	3
I	3022	32	6	17	17	16	Десница Правосудия	image_hammer_justice	54,0,55,56,0,0,0	20,12,20,20,20,0,12	0	35,35,0,0,35	30,30,25	602-690	3
I	11137	32	1	18	18	16	Дубина Якоря	image_dubinka18_priest	70,0,0,0,0,0,0	26,0,30,28,26,0,26	0	0,0,35,35,0	0,0,5	575-685	2
I	13796	32	1	18	18	16	Кувалда великомученика	image_hammer15jrec	63,0,57,62,0,0,0	22,0,30,20,24,0,8	0	0,0,21,21,0	19,19,0	500-550	3
I	10060	32	1	19	19	16	Молот святого слова	image_hammer6	70,0,62,69,0,0,0	25,15,30,25,25,0,0	0	0,0,0,0,0	23,23,21	571-689	2
I	13553	32	3	19	19	16	Кувалда абсолютного познания	image_hammer19_priest	70,0,62,69,0,0,0	40,0,44,44,44,44,0	0	20,20,20,20,20	29,29,21	612-900	3
I	13209	32	1	20	20	16	Золоченая кувалда Архиепископа	image_hammer20lvl	78,0,72,76,0,20,0	30,9,36,30,30,0,9	0	0,0,1,1,0	28,28,24	685-827	3
I	10751	32	3	20	20	16	Кувалда Лунного Грифона	image_hammer0002	78,0,72,76,0,20,0	44,31,52,48,60,0,36	0	25,25,25,25,25	40,40,34	822-992	3
I	3059	32	5	20	20	16	Великий молот экзаменатора	image_hammer20+3	78,0,72,76,0,20,0	48,32,0,40,0,56,0	0	10,10,10,10,10	30,30,30	752-880	3
I	1081	32	6	20	20	16	Гигантский полыхающий буздыган	image_hammer_obsidian1	0,0,0,0,0,0,0	70,30,70,68,68,0,40	0	0,0,18,18,0	64,64,34	857-957	3
I	10332	32	9	20	20	16	Булава Паландура	palandurs_hammer	455,0,580,0,0,515,350	700,300,540,50,50,620,340	100	50,315,180,180,230	180,180,100	9360-9990	3
I	11655	32	2	21	21	16	Клюв Лунного Грифона	image_hammer2_jrec21	83,0,77,81,0,20,0	60,35,60,60,60,0,45	0	25,25,25,25,25	55,55,45	919-1257	3
I	3156	32	5	21	21	16	Годентаг Неизбежности	image_hammer3041	83,0,77,81,0,20,0	80,0,0,80,100,0,60	0	0,0,0,0,0	93,93,36	1183-1537	3
I	3126	32	5	21	21	16	Крепкий оскверненный молот	image_hammer_sea	83,0,77,81,0,20,0	85,45,95,80,85,85,45	0	0,0,36,36,0	60,60,60	1182-1430	3
I	3098	32	5	21	21	16	Оскверненный молот	image_hammer_sea	0,0,0,0,0,0,0	85,45,95,80,85,85,45	0	0,0,36,36,0	60,60,60	1182-1430	3
I	13549	32	2	22	22	16	Бремя Порока	image_hammer_spawn	90,0,84,87,0,20,0	40,0,60,61,60,60,0	0	0,70,19,19,0	40,40,30	888-1506	3
I	3049	32	5	22	22	16	Ядовитый молот Экзорциста	image_hammer20+	90,0,84,87,0,20,0	60,6,65,55,70,0,25	0	0,0,60,60,0	34,34,34	1000-1394	3
I	3108	32	7	22	22	16	Дробитель Кровавого Прелата	image_hammer20+jrec	90,0,84,87,0,20,0	80,0,100,130,90,68,0	0	0,0,75,75,0	0,0,32	1118-1494	3
I	1089	32	5	23	23	16	Бич Божий	image_hammer_superpriest	0,0,0,0,0,0,0	115,50,105,115,115,50,50	10	60,60,60,60,60	68,68,66	1243-2205	3
I	3167	32	5	23	23	16	Молот Правды	image_hammer23_priest2	97,0,91,94,0,20,0	100,0,110,140,100,30,0	6	120,120,120,120,120	25,25,8	1350-1524	3
I	316	33	1	0	0	2	Топор новобранца	image_axe4	0,0,0,0,0,0,0	1,0,0,0,0,0,0	0	0,0,0,0,0	0,0,0	8-10	1
I	196	33	1	1	1	2	Каменный топор	image_axe4	4,0,0,0,0,0,0	3,0,1,0,0,0,0	0	0,0,0,0,0	0,0,0	10-12	1
I	11629	33	1	3	3	63	Топор скелета дикаря	image_axe_scelvar	0,0,0,0,0,0,0	2,0,1,0,0,2,0	0	0,0,0,0,0	0,0,0	14-20	1
I	13785	33	1	4	4	2	Топор лесника	image_axe4var	8,0,0,0,0,4,0	2,0,2,0,0,2,0	0	0,0,0,0,0	0,0,0	20-28	1
I	197	33	1	5	5	2	Топор мясника	image_axe5	8,0,0,0,0,7,0	3,0,3,0,0,1,0	0	0,0,0,0,0	0,0,0	22-30	1
I	2458	33	1	6	6	2	Железный топор	image_axe6lvl	14,0,0,0,0,6,0	3,0,2,0,0,3,0	0	0,0,0,0,0	0,0,0	24-38	1
I	13786	33	1	7	7	2	Топор дикаря	image_axe7var	16,0,0,0,0,8,0	4,0,3,0,0,3,0	0	0,0,0,0,0	2,2,0	28-44	1
I	910	33	2	7	7	2	Стальной ядовитый топор	image_axe11	14,0,11,0,0,0,0	3,3,3,0,0,3,3	0	0,0,1,1,0	1,1,0	32-43	1
I	198	33	1	8	8	2	Топор стражника	image_axe3	27,0,14,0,0,18,0	4,0,5,0,0,3,0	0	0,0,0,0,0	5,5,0	31-57	1
I	13611	33	1	9	9	2	Топорик гномовержца	image_axe9lvl	30,0,17,0,0,20,0	4,0,4,0,0,4,2	0	0,0,0,0,0	3,3,3	44-52	1
I	410	33	3	9	9	2	Пожиратель Душ	image_axe10	30,0,17,0,0,20,0	7,4,7,0,0,7,0	0	0,0,0,0,0	11,11,4	65-75	1
I	3001	33	6	9	9	2	Стальной топор неосторожности	image_axe14	30,0,17,0,0,20,0	5,0,5,0,0,7,0	0	0,0,0,0,0	5,5,1	50-66	1
I	13787	33	1	10	10	2	Топорик темных богов	image_axe10var	35,0,21,0,0,25,0	4,4,3,0,0,5,0	0	0,0,10,10,0	5,5,0	52-76	1
I	13145	33	2	10	10	2	Стальной топорик	image_axe14	35,0,21,0,0,25,0	5,5,4,0,0,6,2	0	0,0,9,9,0	5,5,5	58-82	1
I	199	33	1	11	11	2	Топор темных богов	image_axe6	41,0,22,0,0,30,0	6,5,5,0,0,3,0	0	0,0,10,10,0	5,5,3	58-96	1
I	3041	33	5	11	11	2	Букет варвара	image_axe_8marth	0,0,0,0,0,0,0	8,8,8,8,8,8,8	4	88,88,88,88,88	88,88,88	88-288	2
I	16801	33	1	12	12	16	Кирка каменщика новичка	image_hammer8	35,0,34,0,0,0,0	0,0,0,0,0,0,0	0	0,0,0,0,0	0,0,0	83-120	1
I	13788	33	1	12	12	2	Топорик гладиатора	image_axe12var	44,0,24,0,0,32,0	7,0,5,0,0,7,2	0	0,0,12,12,0	10,10,0	82-102	1
I	13609	33	2	12	12	2	Топорик потрошителя	image_axe12lvl	44,0,24,0,0,32,0	8,0,8,0,0,8,4	0	0,0,20,20,0	10,10,3	92-110	1
I	621	33	1	13	13	2	Серп берсерка	image_axe13	48,0,27,0,0,38,0	6,6,5,0,0,5,3	0	0,0,13,13,0	9,9,5	73-149	1
I	13137	33	2	13	13	2	Топор скорби	image_axe13_var	48,0,27,0,0,38,0	8,0,7,0,0,13,6	0	0,0,0,0,0	19,19,9	114-131	1
I	10191	33	1	14	14	2	Кровавый коготь	image_axe25	55,0,36,0,0,45,0	12,0,0,3,3,12,0	0	0,0,25,25,0	6,6,6	124-166	1
I	16802	33	2	14	14	16	Кирка продвинутого каменщика	image_hammer9	30,0,25,0,0,0,0	0,0,0,0,0,0,0	0	0,0,0,0,0	0,0,0	95-115	1
I	16805	33	2	14	14	63	Обсидиановая кирка	image_hammer_obsidian	0,0,30,0,0,0,0	0,0,0,0,0,0,0	0	0,0,0,0,0	100,0,0	138-172	1
I	3015	33	3	14	14	2	Томагавк охотника на драконов	image_axe27	55,0,36,0,0,45,0	18,8,10,0,0,18,0	0	0,0,20,20,0	18,18,18	89-143	3
I	3035	33	5	14	14	2	Ледяной топорик	image_axe_ice	0,0,0,0,0,0,0	10,10,10,10,10,10,10	3	10,10,10,10,10	10,10,10	139-153	1
I	10108	33	1	15	15	2	Топор кровавого зова	image_axe19	58,0,42,0,0,49,0	15,4,0,0,0,13,4	0	0,0,25,25,0	15,15,0	119-201	1
I	3088	33	2	15	15	2	Ледяной топорик МК1	image_axe_ice	0,0,0,0,0,0,0	12,12,12,12,12,12,12	3	12,12,12,12,12	12,12,12	160-192	1
I	688	33	3	15	15	2	Золотой клык	image_axe16	58,0,42,0,0,49,0	18,0,17,0,0,20,10	0	0,0,16,16,0	30,30,15	169-213	1
I	10373	33	7	15	15	2	Разъедающий томагавк палача	image_axe35	58,0,42,0,0,49,0	20,16,0,10,0,20,20	0	0,0,25,25,0	15,16,11	131-147	3
I	13789	33	1	16	16	2	Топорик вождя	image_axe16var	61,0,48,0,0,55,0	12,3,12,0,0,12,4	0	0,0,35,35,0	9,9,9	167-215	1
I	16803	33	2	16	16	16	Кирка каменщика эксперта	image_hammer10	34,0,29,0,0,0,0	0,0,0,0,0,0,0	0	0,0,0,0,0	0,0,0	200-219	1
I	10392	33	2	16	16	2	Топор красной звезды	image_axe50	61,0,48,0,0,55,0	20,0,12,0,0,15,11	0	0,0,20,20,0	20,20,20	164-256	1
I	3114	33	6	16	16	2	Ледяной топорик МК2	image_axe_ice	0,0,0,0,0,0,0	14,14,14,14,14,14,14	3	15,15,15,15,15	15,15,15	183-295	1
I	3012	33	6	16	16	2	Томагавк вождя	image_axe15	61,0,48,0,0,55,0	0,20,10,5,5,20,-40	0	0,0,20,20,0	10,10,10	89-133	4
I	3152	33	2	17	17	2	Томагавк убийцы драконов	image_axe17var	71,0,55,0,0,62,0	36,13,10,0,0,36,0	0	0,0,36,36,0	23,23,23	153-247	3
I	10525	33	2	17	17	2	Топор смерти	image_axe100	71,0,55,0,0,62,0	22,0,16,0,0,20,14	0	0,0,39,39,0	14,14,13	200-304	1
I	3129	33	6	17	17	2	Ледяной топорик МК3	image_axe_ice	0,0,0,0,0,0,0	17,17,17,17,17,17,17	3	18,18,18,18,18	18,18,18	208-342	1
I	16804	33	2	18	18	16	Кирка каменщика мастера	image_hammer11	44,0,57,0,0,0,0	0,0,0,0,0,0,0	0	0,0,0,0,0	0,0,0	214-254	1
I	3028	33	5	18	18	2	Кровожадная Франциска	image_axe_fo	74,0,62,0,0,66,0	-15,20,0,10,0,30,0	0	0,0,0,0,0	25,20,0	145-195	4
I	3136	33	6	18	18	2	Ледяной топорик МК4	image_axe_ice	0,0,0,0,0,0,0	21,21,21,21,21,21,21	5	25,25,25,25,25	25,25,25	268-392	1
I	10058	33	1	19	19	2	Топор атамана	image_axe17	78,0,71,0,0,69,0	16,11,16,2,3,16,11	0	0,0,31,31,0	32,32,0	230-430	1
I	3153	33	2	19	19	2	Томагавк победителя драконов	image_axe19var	78,0,71,0,0,69,0	46,20,20,0,0,46,0	0	0,0,66,66,0	30,30,29	173-287	4
I	3174	33	6	19	19	2	Ледяной топорик МК5	image_axe_ice	0,0,0,0,0,0,0	25,25,25,25,25,25,25	6	30,30,30,30,30	30,30,30	348-444	1
I	10718	33	3	20	20	2	Топор Адского Сатаны	image_axe_megavar	86,0,81,0,0,76,0	58,26,19,5,3,55,28	0	0,0,51,51,0	54,54,0	357-593	1
I	9050	33	5	20	20	2	Пиратский топор	image_axe_p	86,0,81,0,0,76,0	38,37,15,0,0,44,28	4	0,0,20,20,0	44,44,16	334-617	2
I	3046	33	5	20	20	2	Хёрбат Убийца	image_axe20+	86,0,81,0,0,76,0	0,30,-25,10,0,50,0	0	0,0,0,0,0	30,30,0	200-290	4
I	3180	33	6	20	20	2	Ледяной топорик МК6	image_axe_ice	0,0,0,0,0,0,0	35,35,35,35,35,35,35	7	40,40,40,40,40	40,40,40	434-522	1
I	13213	33	1	21	21	2	Топор Бесконечной Битвы	image_axe21lvl	91,0,86,0,0,87,0	40,4,0,0,0,44,20	0	0,0,1,1,0	43,43,34	433-517	2
I	11652	33	2	21	21	2	Бивень Адского Сатаны	image_axe_var21	91,0,86,0,0,87,0	68,29,25,0,5,68,35	0	0,0,65,65,0	65,65,0	492-648	2
I	3124	33	5	21	21	2	Крепкий оскверненный якорь	image_axe_sea	91,0,86,0,0,87,0	70,50,40,5,5,70,35	0	28,28,28,28,28	45,45,25	309-325	5
I	3094	33	5	21	21	2	Оскверненный якорь	image_axe_sea	0,0,0,0,0,0,0	70,50,40,5,5,70,35	0	28,28,28,28,28	45,45,25	309-325	5
I	3187	33	6	21	21	2	Ледяной топорик МК7	image_axe_ice	0,0,0,0,0,0,0	42,42,42,42,42,42,42	7	48,48,48,48,48	48,48,48	515-625	2
I	3154	33	2	22	22	2	Томагавк покорителя драконов	image_axe22var	98,0,90,0,0,94,0	75,51,51,0,0,75,0	0	0,0,74,74,0	35,35,32	298-498	4
I	3057	33	5	22	22	2	Уолбат Беспощадный	image_axe20+3	98,0,90,0,0,94,0	0,35,0,0,0,60,25	0	0,0,0,0,0	-10,-10,-10	303-404	4
I	2329	33	5	22	22	2	Хронотопор	image_castet_chrono	0,0,0,0,0,0,0	120,60,120,15,15,120,90	3	24,24,24,24,24	100,100,90	275-675	5
I	3109	33	7	22	22	2	Костяной Секач Северного Вандала	image_axe20+var2	98,0,90,0,0,94,0	40,20,0,0,0,65,30	0	0,0,43,43,0	57,57,57	313-375	4
I	3161	33	5	23	23	2	Зловещий	image_axe23_var	106,0,94,0,0,102,0	90,70,20,5,5,90,40	3	0,0,75,75,0	120,120,99	325-375	5
I	1094	33	5	23	23	2	Поцелуй Пламени	image_axe_supervar	0,0,0,0,0,0,0	110,50,55,0,0,135,50	10	60,60,60,60,60	49,50,39	578-666	5
I	320	35	1	0	0	8	Клеймор новобранца	image_sword8_2	0,0,0,0,0,0,0	1,0,0,0,0,0,0	0	0,0,0,0,0	0,0,0	10-20	2
I	293	35	1	8	8	8	Стальной эспадон	image_sword8_2	16,0,29,0,0,0,12	5,4,6,0,0,2,2	0	0,5,0,0,0	5,5,0	73-87	3
I	412	35	3	10	10	8	Радомир	image_sword21	21,0,39,0,0,0,16	15,5,10,0,5,10,5	0	5,5,5,5,5	9,9,0	124-164	3
I	13792	35	1	12	12	8	Клеймор телохранителя	image_sword12djag	31,0,48,0,0,0,18	10,0,10,0,0,8,10	0	0,0,0,0,0	9,9,2	142-210	3
I	953	35	2	12	12	8	Черный эспадон	image_sword26	31,0,48,0,0,0,18	10,7,15,0,1,10,8	0	0,0,0,0,0	13,13,3	181-207	3
I	13141	35	3	13	13	8	Клеймор рыцарей чести	image_sword13_djag	34,0,54,0,0,0,22	18,13,15,1,2,17,17	0	0,0,20,20,0	7,7,7	220-289	3
I	11640	35	5	13	13	8	Тыквомеч	image_hallowsword1	0,0,0,0,0,0,0	0,0,0,0,0,0,0	10	0,0,0,0,0	0,0,0	10-750	3
I	13154	35	1	14	14	8	Корделач доминирования	image_sword14lvl_djag	39,0,62,0,0,0,28	13,10,11,0,0,10,11	0	0,0,0,0,0	12,12,4	233-275	3
I	13055	35	5	14	14	8	Сердцемеч	image_sword_valentin	0,0,0,0,0,0,0	0,0,0,0,0,0,0	10	14,14,14,14,14	14,14,14	190-730	3
I	13793	35	1	15	15	8	Клеймор непреклонной силы	image_sword15djag	42,0,67,0,0,9,29	15,0,25,0,0,10,16	0	0,0,10,10,0	10,10,4	270-340	3
I	3026	35	5	15	15	8	Золотой Бастард Смирения	image_sword_2h	42,0,67,0,0,9,29	18,16,17,5,0,16,18	0	10,10,10,10,10	15,15,10	244-428	3
I	13794	35	1	16	16	8	Церемониальный клеймор кавалериста	image_sword16djag	45,0,76,0,0,15,31	19,0,30,0,0,13,17	0	0,0,10,10,0	17,17,0	315-415	3
I	3009	35	6	16	16	8	Триумфальный клеймор порчи	image_sword32	45,0,76,0,0,15,31	17,18,23,0,8,18,24	0	12,12,12,12,12	13,13,0	388-416	3
I	13614	35	1	17	17	8	Большой меч древнего колосса	image_sword17lvl	51,0,86,0,0,20,35	24,8,24,3,3,8,24	0	0,0,0,0,0	19,19,12	400-474	3
I	10590	35	2	17	17	8	Клеймор открытых ран	image_sworddjag	51,0,86,0,0,20,35	25,23,30,0,0,23,26	0	16,16,17,17,0	17,17,4	435-527	3
I	3027	35	5	18	18	8	Испепеляющий Фламберг Погибели	image_sword_f	53,0,88,0,0,27,35	30,20,30,10,0,20,30	0	20,20,20,20,20	15,15,10	606-707	3
I	10075	35	1	19	19	8	Клеймор древнего колосса	image_sword35	55,0,94,0,0,35,38	24,19,33,0,0,16,28	0	12,12,12,12,12	14,14,13	584-677	3
I	11808	35	2	19	19	8	Гроссмессер открытых ран	image_sworddjag2	55,0,94,0,0,35,38	35,23,40,5,5,26,28	0	0,24,25,25,0	24,24,13	639-748	3
I	3068	35	7	19	19	8	Пиломеч Лиловых Теней	image_sword20+3	55,0,94,0,0,35,38	50,60,45,10,10,50,45	0	7,7,8,8,0	16,16,17	733-779	3
I	13208	35	1	20	20	8	Вороненый эспадон Неуязвимости	image_sword20lvl	60,0,100,0,0,42,43	30,23,35,2,3,19,32	0	13,13,13,13,13	19,19,15	700-812	3
I	10728	35	3	20	20	8	Клеймор Черного Единорога	image_swordbig_megadjag	60,0,100,0,0,42,43	51,40,65,10,5,40,60	0	34,34,34,34,34	31,31,31	859-955	3
I	1080	35	6	20	20	8	Гигантский полыхающий гросс-мессер	image_sword_obsidian1	0,0,0,0,0,0,0	75,60,75,3,3,60,70	0	30,30,30,30,30	44,44,40	857-957	3
I	3120	35	5	21	21	8	Крепкий оскверненный клеймор	image_sword_sea	65,0,105,0,0,47,48	80,100,140,10,10,100,80	0	40,40,40,40,40	40,40,36	1129-1483	3
I	3097	35	5	21	21	8	Оскверненный клеймор	image_sword_sea	0,0,0,0,0,0,0	80,100,140,10,10,100,80	0	40,40,40,40,40	40,40,36	1129-1483	3
I	3050	35	5	21	21	8	Фламберг Кобальтового Хребта	image_sword20+4	65,0,105,0,0,47,48	60,35,50,0,0,30,60	0	25,25,25,25,25	40,40,40	1015-1119	3
I	3147	35	2	22	22	8	Зубчатый гроссмессер открытых ран	image_sword22lvl	70,0,110,0,0,52,53	74,50,75,4,4,0,74	0	0,0,0,0,0	61,61,38	1197-1197	3
I	11649	35	2	22	22	8	Цвайхандер Черного Единорога	image_sword2_jag21	70,0,110,0,0,52,53	80,55,85,5,5,55,80	0	40,41,46,46,40	36,36,36	1049-1563	3
I	3110	35	7	22	22	8	Цвайхандер Серебряного Зубра	image_sword20+djag	70,0,110,0,0,52,53	88,90,110,5,5,90,80	0	0,0,0,0,0	61,62,0	1232-1380	3
I	3165	35	5	23	23	8	Большой брат	image_sword23_djag2	75,0,115,0,0,57,58	120,70,150,0,0,0,140	6	100,100,100,100,100	50,50,8	1400-1474	3
I	1032	35	5	23	23	8	Неизвестный компонент	image_sword_topdjag	0,0,0,0,0,0,0	150,100,180,0,0,0,170	10	65,65,65,65,65	76,76,47	1968-1968	3
I	324	37	1	0	0	32	Жезл новобранца	image_wand1	0,0,0,0,0,0,0	1,0,0,0,0,0,0	0	0,0,0,0,0	0,0,0	3-4	1
I	254	37	1	1	1	32	Жезл новичка	image_wand1	0,0,0,2,2,0,0	1,0,1,1,1,0,0	0	0,0,0,0,0	0,0,0	3-4	1
I	255	37	1	2	2	32	Жезл ученика	image_wand3	0,0,0,3,3,0,0	0,0,1,2,1,0,0	0	0,0,0,0,0	0,0,0	3-5	1
I	256	37	1	3	3	32	Жезл подмастерья	image_wand2	0,0,0,4,4,0,0	0,0,1,2,2,0,0	0	0,0,0,0,0	0,0,0	4-6	1
I	257	37	1	4	4	32	Жезл студента	image_wand4	0,0,0,9,12,0,0	0,0,1,2,3,0,0	0	0,0,0,0,0	0,0,0	5-7	1
I	11626	37	1	4	4	63	Палочка скеломага	image_wand_scelmag	0,0,0,0,0,0,0	0,0,3,2,2,0,0	0	0,0,0,0,0	0,0,0	1-11	1
I	900	37	2	6	6	32	Малый костяной жезл	image_wand5	0,0,0,10,16,0,0	0,0,3,4,4,0,0	0	0,0,0,0,0	0,0,0	10-11	1
I	3005	37	1	9	9	32	Боевой жезл мага	image_wand6	0,0,14,26,31,0,0	0,0,0,4,6,4,0	0	0,0,10,10,0	2,2,1	35-45	2
I	3044	37	5	11	11	32	Букет мага	image_wand_8marth	0,0,0,0,0,0,0	8,8,8,8,8,8,8	4	88,88,88,88,88	88,88,88	88-288	2
I	13143	37	2	13	13	32	Жезл огнепоклонника	image_wand13_mage	0,0,23,45,52,0,0	0,0,10,12,12,0,0	0	9,9,9,9,9	10,10,6	33-41	2
I	3038	37	5	14	14	32	Ледяной скипетр	image_wand_ice	0,0,0,0,0,0,0	10,10,10,10,10,10,10	3	10,10,10,10,10	10,10,10	38-50	1
I	10399	37	2	15	15	32	Боевой жезл пророка	image_wand8	0,0,27,60,69,0,0	0,0,13,18,18,0,0	0	12,12,12,12,12	12,12,13	47-59	2
I	3091	37	2	15	15	32	Ледяной скипетр МК1	image_wand_ice	0,0,0,0,0,0,0	12,12,12,12,12,12,12	3	12,12,12,12,12	12,12,12	43-63	1
I	10834	37	1	16	16	32	Сапфировый жезл могущества	image_wand16lvl	0,0,30,68,73,0,0	0,0,11,16,16,0,0	0	13,13,13,13,13	11,11,8	65-81	1
I	13156	37	3	16	16	32	Жезл великого чернокнижника	image_wand16lvl_mage	0,0,30,68,73,0,0	0,0,23,27,27,0,0	0	23,23,23,23,23	18,18,18	61-79	2
I	3117	37	6	16	16	32	Ледяной скипетр МК2	image_wand_ice	0,0,0,0,0,0,0	14,14,14,14,14,14,14	3	15,15,15,15,15	15,15,15	48-56	2
I	13618	37	1	17	17	32	Жезл равновесия элементов	image_wand17lvl	0,0,37,76,83,0,0	0,0,15,19,19,0,0	0	8,8,8,8,8	14,14,11	69-69	1
I	3023	37	6	17	17	32	Жезл тишины и покоя	image_wand_silence	0,0,37,76,83,0,0	0,0,19,29,24,0,0	0	0,0,0,0,0	22,22,22	70-95	2
I	3132	37	6	17	17	32	Ледяной скипетр МК3	image_wand_ice	0,0,0,0,0,0,0	17,17,17,17,17,17,17	3	18,18,18,18,18	18,18,18	57-67	2
I	353	37	9	17	17	0	Мушкетон	image_pistol1	0,0,0,0,0,0,0	0,0,0,0,0,0,0	0	0,0,0,0,0	0,0,0	2020-2020	25
I	13161	37	2	18	18	32	Тирс патриарха	image_wand18lvl_mage	0,0,41,80,83,0,0	0,0,29,28,28,0,0	0	0,0,30,30,0	26,26,16	72-112	2
I	3139	37	6	18	18	32	Ледяной скипетр МК4	image_wand_ice	0,0,0,0,0,0,0	21,21,21,21,21,21,21	5	25,25,25,25,25	25,25,25	80-120	2
I	11138	37	1	19	19	32	Рубиновый жезл великого волшебника	image_wand19_mage	0,0,46,85,90,0,0	0,0,18,28,29,0,0	0	0,0,40,40,0	20,20,10	116-136	1
I	3177	37	6	19	19	32	Ледяной скипетр МК5	image_wand_ice	0,0,0,0,0,0,0	25,25,25,25,25,25,25	6	30,30,30,30,30	30,30,30	110-130	2
I	10763	37	3	20	20	32	Жезл Алого Феникса	image_wand0003	0,0,51,91,98,0,0	0,0,50,72,72,0,0	0	25,25,25,25,25	28,28,27	100-188	2
I	9054	37	5	20	20	32	Пиратский жезл	image_wand_p	0,0,51,91,98,0,0	0,0,50,56,56,0,0	4	15,15,15,15,15	24,24,31	127-161	2
I	3183	37	6	20	20	32	Ледяной скипетр МК6	image_wand_ice	0,0,0,0,0,0,0	35,35,35,35,35,35,35	7	40,40,40,40,40	40,40,40	140-150	2
I	13217	37	1	21	21	32	Скипетр Безмятежности	image_wand21lvl	0,0,56,96,103,0,0	0,0,28,40,40,0,0	0	20,20,20,20,0	28,28,28	126-162	2
I	3125	37	5	21	21	32	Крепкий оскверненный жезл	image_wand_sea	0,0,56,96,103,0,0	0,0,35,120,120,0,0	0	40,40,40,40,40	30,30,25	146-320	2
I	3099	37	5	21	21	32	Оскверненный жезл	image_wand_sea	0,0,0,0,0,0,0	0,0,35,120,120,0,0	0	40,40,40,40,40	30,30,25	146-320	2
I	3064	37	5	21	21	32	Рубиновый скипетр Неизбежности	image_wand20+	0,0,56,96,103,0,0	0,0,34,58,58,0,0	0	0,0,10,10,0	28,28,28	147-195	2
I	3190	37	6	21	21	32	Ледяной скипетр MK7	image_wand_ice	0,0,0,0,0,0,0	42,42,42,42,42,42,42	7	48,48,48,48,48	48,48,48	160-180	2
I	11654	37	2	22	22	32	Кадуцей Алого Феникса	image_wand_mag21	0,0,63,103,111,0,0	0,0,70,91,91,0,0	0	26,26,27,27,26	36,36,36	193-221	2
I	2333	37	5	22	22	32	Хроножезл	image_castet_chrono	0,0,0,0,0,0,0	0,0,90,220,230,0,0	3	24,24,24,24,24	100,100,90	220-272	2
I	3106	37	7	22	22	32	Лунный скипетр Волхва	image_wand20+mage	0,0,63,103,111,0,0	0,0,90,110,110,0,0	0	28,28,28,28,28	40,40,46	155-157	2
I	2779	37	2	23	23	32	Призрачный жезл	image_wand_ghost	0,0,71,111,120,0,0	0,0,85,100,100,0,0	2	78,78,78,78,78	46,46,46	450-470	5
I	3168	37	5	23	23	32	Небесный факел	image_wand23_mag	0,0,71,111,120,0,0	0,0,65,130,125,0,0	3	50,50,50,50,50	95,95,99	225-226	2
I	315	38	1	0	0	1	Кастет новобранца	image_castet4	0,0,0,0,0,0,0	1,0,0,0,0,0,0	0	0,0,0,0,0	0,0,0	7-9	1
I	282	38	1	1	1	63	Охотничий нож	image_sword28	0,0,0,0,0,0,0	2,1,1,0,0,1,1	0	0,0,1,1,0	2,2,1	4-4	1
I	174	38	1	1	1	1	Простой кастет	image_castet4	0,3,0,0,0,0,0	2,1,0,0,0,0,1	0	1,1,1,1,0	0,0,0	11-13	1
I	175	38	1	2	2	1	Кастет хулигана	image_castet1	0,4,0,0,0,2,0	2,1,0,0,0,0,1	0	1,2,2,2,0	0,0,0	13-17	1
I	11630	38	1	3	3	63	Кинжал скелета висельника	image_sword_scelhang	0,0,0,0,0,0,0	1,2,0,0,0,2,0	0	0,0,0,0,0	0,0,0	7-7	1
I	176	38	1	4	4	1	Кастет бандита	image_castet2	0,8,0,0,0,0,0	2,2,0,0,0,0,2	0	0,0,0,0,0	0,0,0	21-25	1
I	177	38	1	6	6	1	Кастет стражника	image_castet8	0,12,0,0,0,4,0	3,2,0,0,0,1,2	0	0,0,0,0,0	0,0,0	32-35	1
I	178	38	1	7	7	1	Катар убийцы	image_castet6	0,17,0,0,0,6,0	3,3,0,0,0,1,3	0	2,2,2,2,0	0,0,0	36-44	1
I	179	38	1	8	8	1	Боевой катар	image_castet5	11,27,0,0,0,22,0	4,4,0,0,0,1,3	0	3,3,3,3,0	2,2,0	40-56	1
I	992	38	2	8	8	1	Кинжал ненависти	image_sword100	0,0,0,0,0,0,0	16,0,0,0,0,0,0	0	0,0,0,0,0	14,0,0	33-33	1
I	180	38	1	9	9	1	Рубящий кастет	image_castet7	12,30,0,0,0,24,0	4,4,0,0,0,2,4	0	4,4,4,4,0	3,3,1	36-80	1
I	181	38	1	10	10	1	Лезвия	image_castet3	15,34,0,0,0,28,0	5,4,0,0,0,2,5	0	0,0,10,10,0	5,5,0	65-75	1
I	413	38	3	10	10	1	Созвездие	image_castet10	15,34,0,0,0,28,0	10,5,0,0,0,5,9	0	0,0,7,7,0	9,9,7	96-106	1
I	3016	38	1	11	11	63	Надувная булава Паландура	palandurs_hammer	0,0,0,0,0,0,0	0,0,0,0,0,0,0	0	0,0,0,0,0	0,0,0	1-1	2
I	182	38	1	11	11	1	Эльфийский чакрум	image_castet9	18,41,0,0,0,32,0	7,5,0,0,0,2,5	0	6,6,8,8,0	3,3,3	73-85	1
I	3043	38	5	11	11	1	Букет рейнджера	image_castet_8marth	0,0,0,0,0,0,0	8,8,8,8,8,8,8	4	88,88,88,88,88	88,88,88	88-288	2
I	3045	38	6	11	11	63	Ракетка для бадминтона	image_dagger_april	0,0,0,0,0,0,0	0,0,0,0,0,0,0	4	4,4,4,4,4	4,4,4	58-58	4
I	10251	38	2	12	12	1	Ядовитый кастет	image_castet16	19,42,0,0,0,34,0	6,7,0,0,0,8,7	0	0,12,11,11,0	8,8,7	80-104	1
I	10829	38	1	13	13	1	Малахитовый кастет	image_castet_13	22,48,10,0,0,36,0	7,6,0,0,0,6,6	0	0,0,5,5,0	10,10,9	93-129	1
I	689	38	3	14	14	1	Тигриная лапа	image_castet14	25,55,14,0,0,45,0	18,10,0,0,0,13,13	0	0,0,13,13,0	20,20,20	166-182	1
I	3037	38	5	14	14	1	Ледяной кастет	image_castet_ice	0,0,0,0,0,0,0	10,10,10,10,10,10,10	3	10,10,10,10,10	10,10,10	139-181	1
I	625	38	1	15	15	1	Кастет проводника духов	image_castet11	27,57,16,0,0,47,0	11,8,0,0,0,8,9	0	0,10,20,20,0	9,9,8	134-214	1
I	3090	38	2	15	15	1	Ледяной кастет МК1	image_castet_ice	0,0,0,0,0,0,0	12,12,12,12,12,12,12	3	12,12,12,12,12	12,12,12	168-216	1
I	10376	38	7	15	15	1	Благословенный кастет мстителя	image_castet19	27,57,16,0,0,47,0	22,22,0,0,0,22,20	0	0,0,15,15,0	25,25,5	186-232	2
I	3008	38	6	16	16	1	Изумрудный чакрум порчи	image_castet12	29,60,20,0,0,49,0	10,15,0,0,0,20,15	0	10,10,0,0,16	2,2,17	189-229	1
I	3116	38	6	16	16	1	Ледяной кастет МК2	image_castet_ice	0,0,0,0,0,0,0	14,14,14,14,14,14,14	3	15,15,15,15,15	15,15,15	226-277	1
I	3007	38	6	16	16	1	Сапфировый чакрум ослабления	image_castet13	29,60,20,0,0,49,0	15,10,0,5,0,10,20	0	6,6,16,16,0	12,12,1	194-225	1
I	10054	38	1	17	17	1	Резак золотого Феникса	image_castet15	39,69,24,0,0,59,0	12,12,3,2,0,12,12	0	0,0,24,24,0	15,15,7	188-312	1
I	3131	38	6	17	17	1	Ледяной кастет МК3	image_castet_ice	0,0,0,0,0,0,0	17,17,17,17,17,17,17	3	18,18,18,18,18	18,18,18	249-311	1
I	3029	38	5	18	18	1	Светоч Премудрости	image_castet_o	40,71,31,0,0,62,0	15,15,0,10,10,15,15	0	0,0,10,10,0	20,20,10	307-473	1
I	3138	38	6	18	18	1	Ледяной кастет МК4	image_castet_ice	0,0,0,0,0,0,0	21,21,21,21,21,21,21	5	25,25,25,25,25	25,25,25	321-399	1
I	11135	38	1	19	19	1	Зеленая кобра	image_castet19_ranger	44,73,36,0,0,64,0	19,18,0,0,0,18,20	0	30,30,50,50,30	0,0,0	310-410	1
I	3176	38	6	19	19	1	Ледяной кастет МК5	image_castet_ice	0,0,0,0,0,0,0	25,25,25,25,25,25,25	6	30,30,30,30,30	30,30,30	400-464	1
I	10706	38	3	20	20	1	Коготь Лазурного Дракона	image_castet_lych	50,80,43,0,0,71,0	47,53,0,5,0,49,40	0	0,0,0,0,0	48,48,42	466-570	2
I	9049	38	5	20	20	1	Пиратский кастет	image_castet_p	50,80,43,0,0,71,0	30,48,0,5,4,44,31	4	12,12,12,12,12	51,51,0	390-646	2
I	1083	38	6	20	20	1	Гигантский полыхающий кастет	image_castet_obsidian1	0,0,0,0,0,0,0	46,65,0,4,0,65,36	0	56,56,56,56,56	55,55,50	372-492	2
I	3182	38	6	20	20	1	Ледяной кастет МК6	image_castet_ice	0,0,0,0,0,0,0	35,35,35,35,35,35,35	7	40,40,40,40,40	40,40,40	486-550	1
I	13212	38	1	21	21	1	Кастет Рощи вурдалаков	image_castet21lvl	55,85,45,0,0,76,0	27,29,0,0,0,29,23	0	0,0,1,1,0	40,40,38	452-584	2
I	3189	38	6	21	21	1	Ледяной кастет MK7	image_castet_ice	0,0,0,0,0,0,0	42,42,42,42,42,42,42	7	48,48,48,48,48	48,48,48	584-660	2
I	11646	38	2	22	22	1	Коготь Изумрудного Дракона	image_castet_lych21	60,90,48,0,0,82,0	60,60,0,7,0,65,60	0	22,22,24,24,22	58,58,55	516-852	2
I	2328	38	5	22	22	1	Хронокастет	image_castet_chrono	0,0,0,0,0,0,0	120,120,90,15,15,120,60	3	24,24,24,24,24	100,100,90	805-985	2
I	3105	38	7	22	22	1	Тэкко Конкистадора	image_castet20+rang	60,90,48,0,0,82,0	85,85,0,5,0,85,50	0	0,0,0,0,0	75,75,46	535-957	2
I	3159	38	5	23	23	1	Жадина	image_castet23_rang	65,98,51,0,0,88,0	90,90,0,0,0,90,50	3	50,50,50,50,50	100,100,89	740-900	2
I	319	39	1	0	0	4	Нож новобранца	image_sword28	0,0,0,0,0,0,0	1,0,0,0,0,0,0	0	0,0,0,0,0	0,0,0	4-4	1
I	432	39	1	6	6	4	Метательный нож	image_dagger2	0,0,12,0,0,8,8	0,0,0,0,0,4,4	0	0,0,0,0,0	0,0,0	20-22	3
I	946	39	2	6	6	4	Простой сюрикен	image_suriken2	0,0,12,0,0,8,8	1,0,0,0,0,5,5	0	0,0,0,0,0	0,0,0	19-20	4
I	10830	39	1	8	8	4	Стальной метательный кинжал	image_dagger8lvl	0,0,27,0,0,12,22	3,0,3,0,0,3,3	0	0,0,3,3,0	2,2,2	24-36	3
I	433	39	1	9	9	4	Стальной сюрикен	image_suriken1	0,0,31,0,0,16,25	0,0,4,0,0,5,5	0	0,0,3,3,0	4,4,3	30-42	3
I	281	39	3	11	11	4	Имперский метательный нож	image_dagger1	0,0,41,0,0,24,32	0,0,9,0,0,13,13	0	0,0,10,10,0	12,12,7	52-53	4
I	10118	39	6	11	11	4	Метательный кинжал дриады	image_dagger6	0,0,41,0,0,24,32	0,0,6,0,2,6,6	0	0,0,0,0,0	7,7,6	31-56	4
I	10831	39	1	12	12	4	Сюрикен легионера	image_suriken12lvl	0,0,43,0,0,30,36	2,0,6,0,0,7,6	0	0,0,9,9,0	7,7,6	63-63	3
I	13139	39	2	13	13	4	Золотой осетр	image_dagger13_shield	0,0,48,0,0,36,40	0,0,8,0,0,13,13	0	0,0,15,15,0	13,13,7	64-74	4
I	13790	39	1	14	14	4	Метательный нож патрициев	image_dagger14shield	0,0,55,0,0,42,45	2,0,8,0,0,12,8	0	0,0,17,17,0	10,10,6	70-80	4
I	10832	39	3	14	14	4	Серебряный сюрикен	image_suriken14lvl	0,0,55,0,0,42,45	0,0,12,5,5,16,16	0	10,10,10,10,10	20,20,12	70-81	5
I	3033	39	5	14	14	4	Снежок	image_dagger_snow	0,0,0,0,0,0,0	10,10,10,10,10,10,10	3	10,10,10,10,10	10,10,10	20-91	5
I	3086	39	2	15	15	4	Снежок МК1	image_dagger_snow	0,0,0,0,0,0,0	12,12,12,12,12,12,12	3	12,12,12,12,12	12,12,12	57-109	5
I	13791	39	1	16	16	4	Метательный нож античного витязя	image_dagger16shield	0,0,59,0,0,48,50	7,0,12,0,0,12,12	0	0,0,30,30,0	10,10,11	98-120	4
I	657	39	3	16	16	4	Шмель	image_dagger3	0,0,59,0,0,48,50	0,0,20,5,9,21,22	0	16,16,16,16,16	26,26,19	99-119	5
I	3118	39	6	16	16	4	Снежок МК2	image_dagger_snow	0,0,0,0,0,0,0	14,14,14,14,14,14,14	3	15,15,15,15,15	15,15,15	79-120	5
I	3010	39	6	16	16	4	Ядовитый шип	image_dagger4	0,0,59,0,0,48,50	5,0,20,5,5,19,19	0	0,0,0,0,0	6,6,6	90-129	4
I	10589	39	2	17	17	4	Сюрикен воинской доблести	image_suriken3	20,0,61,0,0,51,53	0,0,22,5,5,20,20	0	10,10,10,10,10	18,18,17	107-131	5
I	3169	39	2	17	17	4	Ядовитые клыки	image_dagger_c1	20,0,61,0,0,51,53	10,0,20,5,5,20,20	0	0,0,0,0,0	20,20,23	114-170	5
I	3133	39	6	17	17	4	Снежок МК3	image_dagger_snow	0,0,0,0,0,0,0	17,17,17,17,17,17,17	3	18,18,18,18,18	18,18,18	99-139	5
I	3170	39	2	18	18	4	Ядовитая звезда	image_dagger_c2	20,0,63,0,0,60,60	12,0,22,5,5,22,22	0	0,0,0,0,0	32,32,25	142-200	5
I	3024	39	5	18	18	4	Кинжал Молчания и Согласия	image_dagger17lvl	20,0,63,0,0,60,60	5,0,0,10,0,30,30	0	0,0,0,0,0	30,30,10	149-183	5
I	3140	39	6	18	18	4	Снежок МК4	image_dagger_snow	0,0,0,0,0,0,0	21,21,21,21,21,21,21	5	25,25,25,25,25	25,25,25	132-154	5
I	10065	39	1	19	19	4	Нож броненосца	image_dagger5	20,0,69,0,0,68,67	5,8,15,2,5,20,20	0	0,0,50,50,0	16,16,8	147-228	4
I	3051	39	5	19	19	4	Боевой крюк Измора	image_dagger20+	20,0,69,0,0,68,67	20,0,0,0,10,40,40	0	10,10,10,10,10	20,20,20	137-238	5
I	3178	39	6	19	19	4	Снежок МК5	image_dagger_snow	0,0,0,0,0,0,0	25,25,25,25,25,25,25	6	30,30,30,30,30	30,30,30	240-300	5
I	3079	39	7	19	19	4	Звезда Полудня	image_dagger19lvl	20,0,69,0,0,68,67	55,0,25,10,10,40,40	0	14,14,14,14,14	30,20,20	204-236	5
I	10740	39	3	20	20	4	Зуб Золотой Черепахи	image_dagger9	20,0,78,0,0,77,75	28,0,48,5,5,54,54	0	0,0,67,67,0	22,22,32	195-255	5
I	9051	39	5	20	20	4	Пиратский кунаи	image_dagger_p	20,0,78,0,0,77,75	40,0,30,4,4,45,39	4	6,6,6,6,6	45,45,18	121-275	5
I	3184	39	6	20	20	4	Снежок МК6	image_dagger_snow	0,0,0,0,0,0,0	35,35,35,35,35,35,35	7	40,40,40,40,40	40,40,40	300-350	5
I	13214	39	1	21	21	4	Кинжал яркого Восхода	image_dagger21lvl	20,0,83,0,0,82,80	18,0,28,0,0,31,31	0	10,10,11,11,10	32,32,32	205-245	5
I	3122	39	5	21	21	4	Крепкий оскверненный сурикен	image_suriken_sea	20,0,83,0,0,80,82	50,0,65,10,10,70,70	0	30,30,30,30,30	35,35,40	271-323	6
I	3060	39	5	21	21	4	Летучая бичва ослепления	image_dagger20+2	20,0,83,0,0,82,80	20,0,25,0,0,45,45	0	0,0,25,25,0	25,25,25	232-262	5
I	3100	39	5	21	21	4	Оскверненный сурикен	image_suriken_sea	0,0,0,0,0,0,0	50,0,65,10,10,70,70	0	30,30,30,30,30	35,35,40	271-323	6
I	3191	39	6	21	21	4	Снежок МК7	image_dagger_snow	0,0,0,0,0,0,0	42,42,42,42,42,42,42	7	48,48,48,48,48	40,48,48	368-428	5
I	11648	39	2	22	22	4	Резец Золотой Черепахи	image_dagger_shield21	20,0,89,0,0,88,88	66,0,44,5,5,66,66	0	0,0,74,74,0	32,32,36	243-297	6
I	2330	39	5	22	22	4	Хроносурикен	image_castet_chrono	0,0,0,0,0,0,0	90,0,120,45,45,120,120	3	24,24,24,24,24	100,100,90	278-346	6
I	3111	39	7	22	22	4	Золотой чакрум Воеводы	image_dagger20+shield	20,0,89,0,0,88,88	65,0,80,0,0,85,80	0	10,10,10,10,10	20,20,20	265-275	6
I	3163	39	5	23	23	4	Разгадка	image_dagger23_shield	20,0,95,0,0,95,92	100,0,40,0,0,90,90	3	80,80,80,80,80	72,72,70	480-888	6
I	11468	40	5	1	1	0	Реликвия красной звезды	pres443	0,0,0,0,0,0,0	0,0,0,0,0,0,0	0	0,0,0,0,0	0,0,0	0-0	0
I	200726	40	9	1	1	0	Тыква всевластия	pumpkin_charm	0,0,0,0,0,0,0	2214,2106,39438,13785,22107,4036,2940	190	700,700,700,700,700	493,493,539	0-0	0
I	30341	40	5	4	4	0	Маленькая бронзовая реликвия	charm_nagrada3	0,0,0,0,0,0,0	0,0,1,0,0,0,0	0	0,0,0,0,0	0,0,0	0-0	0
I	30180	40	5	5	5	63	Реликвия из панциря скарабеев	charm-scarabey	0,0,0,0,0,0,0	0,0,1,0,0,0,0	0	0,0,0,0,0	0,0,0	0-0	0
I	30010	40	1	8	8	63	Простой знак брони	charm11	0,0,0,0,0,0,0	0,0,0,0,0,0,0	0	2,2,2,2,2	0,0,0	0-0	0
I	30009	40	1	8	8	63	Простой знак защиты от астрала	charm7	0,0,0,0,0,0,0	0,0,0,0,0,0,0	0	0,0,0,0,0	0,0,1	0-0	0
I	30008	40	1	8	8	63	Простой знак защиты от полнолуния	charm9	0,0,0,0,0,0,0	0,0,0,0,0,0,0	0	0,0,0,0,0	0,2,0	0-0	0
I	30007	40	1	8	8	63	Простой знак защиты от рассвета	charm10	0,0,0,0,0,0,0	0,0,0,0,0,0,0	0	0,0,0,0,0	2,0,0	0-0	0
I	30003	40	1	8	8	63	Простой знак интеллекта	charm1	0,0,0,0,0,0,0	0,0,0,1,0,0,0	0	0,0,0,0,0	0,0,0	0-0	0
I	30001	40	1	8	8	63	Простой знак ловкости	charm5	0,0,0,0,0,0,0	0,1,0,0,0,0,0	0	0,0,0,0,0	0,0,0	0-0	0
I	30004	40	1	8	8	63	Простой знак мудрости	charm6	0,0,0,0,0,0,0	0,0,0,0,1,0,0	0	0,0,0,0,0	0,0,0	0-0	0
I	30006	40	1	8	8	63	Простой знак реакции	charm3	0,0,0,0,0,0,0	0,0,0,0,0,0,1	0	0,0,0,0,0	0,0,0	0-0	0
I	30000	40	1	8	8	63	Простой знак силы	charm2	0,0,0,0,0,0,0	1,0,0,0,0,0,0	0	0,0,0,0,0	0,0,0	0-0	0
I	30002	40	1	8	8	63	Простой знак сложения	charm4	0,0,0,0,0,0,0	0,0,1,0,0,0,0	0	0,0,0,0,0	0,0,0	0-0	0
I	30005	40	1	8	8	63	Простой знак удачи	charm8	0,0,0,0,0,0,0	0,0,0,0,0,1,0	0	0,0,0,0,0	0,0,0	0-0	0
I	11910	40	5	8	8	63	"Х лет с Новой Эрой" І место	charm_pero	0,0,0,0,0,0,0	0,0,125,0,0,0,0	10	0,0,0,0,0	0,0,0	0-0	0
I	11912	40	5	8	8	63	"Х лет с Новой Эрой" ІII место	charm_pero	0,0,0,0,0,0,0	0,0,75,0,0,0,0	7	0,0,0,0,0	0,0,0	0-0	0
I	11911	40	5	8	8	63	"Х лет с Новой Эрой" ІІ место	charm_pero	0,0,0,0,0,0,0	0,0,125,0,0,0,0	7	0,0,0,0,0	0,0,0	0-0	0
I	30189	40	5	8	8	63	Знак банкира	charm_stolb	0,0,0,0,0,0,0	0,0,5,0,0,0,0	0	0,0,0,0,0	0,0,0	0-0	0
I	30021	40	1	9	9	63	Зачарованный знак брони	charm11_1	0,0,0,0,0,0,0	0,0,0,0,0,0,0	0	3,3,3,3,3	0,0,0	0-0	0
I	30020	40	1	9	9	63	Зачарованный знак защиты от астрала	charm7_1	0,0,0,0,0,0,0	0,0,0,0,0,0,0	0	0,0,0,0,0	0,0,2	0-0	0
I	30019	40	1	9	9	63	Зачарованный знак защиты от полнолуния	charm9_1	0,0,0,0,0,0,0	0,0,0,0,0,0,0	0	0,0,0,0,0	0,3,0	0-0	0
I	30018	40	1	9	9	63	Зачарованный знак защиты от рассвета	charm10_1	0,0,0,0,0,0,0	0,0,0,0,0,0,0	0	0,0,0,0,0	3,0,0	0-0	0
I	30014	40	1	9	9	63	Зачарованный знак интеллекта	charm1_1	0,0,0,0,0,0,0	0,0,0,2,0,0,0	0	0,0,0,0,0	0,0,0	0-0	0
I	30012	40	1	9	9	63	Зачарованный знак ловкости	charm5_1	0,0,0,0,0,0,0	0,2,0,0,0,0,0	0	0,0,0,0,0	0,0,0	0-0	0
I	30015	40	1	9	9	63	Зачарованный знак мудрости	charm6_1	0,0,0,0,0,0,0	0,0,0,0,2,0,0	0	0,0,0,0,0	0,0,0	0-0	0
I	30017	40	1	9	9	63	Зачарованный знак реакции	charm3_1	0,0,0,0,0,0,0	0,0,0,0,0,0,2	0	0,0,0,0,0	0,0,0	0-0	0
I	30011	40	1	9	9	63	Зачарованный знак силы	charm2_1	0,0,0,0,0,0,0	2,0,0,0,0,0,0	0	0,0,0,0,0	0,0,0	0-0	0
I	30013	40	1	9	9	63	Зачарованный знак сложения	charm4_1	0,0,0,0,0,0,0	0,0,2,0,0,0,0	0	0,0,0,0,0	0,0,0	0-0	0
I	30016	40	1	9	9	63	Зачарованный знак удачи	charm8_1	0,0,0,0,0,0,0	0,0,0,0,0,2,0	0	0,0,0,0,0	0,0,0	0-0	0
I	30131	40	5	9	9	63	Знак акулы	dual_small_charm19	0,0,0,0,0,0,0	0,3,0,0,3,0,0	0	0,0,0,0,0	0,0,0	0-0	0
I	30134	40	5	9	9	63	Знак бизона	dual_small_charm3	0,0,0,0,0,0,0	0,0,3,3,0,0,0	0	0,0,0,0,0	0,0,0	0-0	0
I	30129	40	5	9	9	63	Знак быка	dual_small_charm15	0,0,0,0,0,0,0	0,3,3,0,0,0,0	0	0,0,0,0,0	0,0,0	0-0	0
I	30128	40	5	9	9	63	Знак волка	dual_small_charm11	0,0,0,0,0,0,0	3,0,0,0,0,0,3	0	0,0,0,0,0	0,0,0	0-0	0
I	30139	40	5	9	9	63	Знак ворона	dual_small_charm7	0,0,0,0,0,0,0	0,0,0,3,0,3,0	0	0,0,0,0,0	0,0,0	0-0	0
I	30141	40	5	9	9	63	Знак гиены	dual_small_charm21	0,0,0,0,0,0,0	0,0,0,0,3,3,0	0	0,0,0,0,0	0,0,0	0-0	0
I	30126	40	5	9	9	63	Знак змеи	dual_small_charm14	0,0,0,0,0,0,0	3,0,0,0,3,0,0	0	0,0,0,0,0	0,0,0	0-0	0
I	30137	40	5	9	9	63	Знак кабана	dual_small_charm6	0,0,0,0,0,0,0	0,0,3,0,0,0,3	0	0,0,0,0,0	0,0,0	0-0	0
I	30123	40	5	9	9	63	Знак касатки	dual_small_charm13	0,0,0,0,0,0,0	3,3,0,0,0,0,0	0	0,0,0,0,0	0,0,0	0-0	0
I	30130	40	5	9	9	63	Знак крысы	dual_small_charm4	0,0,0,0,0,0,0	0,3,0,3,0,0,0	0	0,0,0,0,0	0,0,0	0-0	0
I	30140	40	5	9	9	63	Знак лисы	dual_small_charm2	0,0,0,0,0,0,0	0,0,0,3,0,0,3	0	0,0,0,0,0	0,0,0	0-0	0
I	30143	40	5	9	9	63	Знак мангуста	dual_small_charm10	0,0,0,0,0,0,0	0,0,0,0,0,3,3	0	0,0,0,0,0	0,0,0	0-0	0
I	30124	40	5	9	9	63	Знак медведя	dual_small_charm12	0,0,0,0,0,0,0	3,0,3,0,0,0,0	0	0,0,0,0,0	0,0,0	0-0	0
I	30136	40	5	9	9	63	Знак носорога	dual_small_charm18	0,0,0,0,0,0,0	0,0,3,0,0,3,0	0	0,0,0,0,0	0,0,0	0-0	0
I	30142	40	5	9	9	63	Знак обезьяны	dual_small_charm9	0,0,0,0,0,0,0	0,0,0,0,3,0,3	0	0,0,0,0,0	0,0,0	0-0	0
I	30125	40	5	9	9	63	Знак орла	dual_small_charm1	0,0,0,0,0,0,0	3,0,0,3,0,0,0	0	0,0,0,0,0	0,0,0	0-0	0
I	30132	40	5	9	9	63	Знак пантеры	dual_small_charm20	0,0,0,0,0,0,0	0,3,0,0,0,3,0	0	0,0,0,0,0	0,0,0	0-0	0
I	30133	40	5	9	9	63	Знак рыси	dual_small_charm8	0,0,0,0,0,0,0	0,3,0,0,0,0,3	0	0,0,0,0,0	0,0,0	0-0	0
I	30135	40	5	9	9	63	Знак слона	dual_small_charm17	0,0,0,0,0,0,0	0,0,3,0,3,0,0	0	0,0,0,0,0	0,0,0	0-0	0
I	30138	40	5	9	9	63	Знак совы	dual_small_charm5	0,0,0,0,0,0,0	0,0,0,3,3,0,0	0	0,0,0,0,0	0,0,0	0-0	0
I	30127	40	5	9	9	63	Знак тигра	dual_small_charm16	0,0,0,0,0,0,0	3,0,0,0,0,3,0	0	0,0,0,0,0	0,0,0	0-0	0
I	30032	40	1	10	10	63	Легендарный знак брони	charm11_2	0,0,0,0,0,0,0	0,0,0,0,0,0,0	0	5,5,5,5,5	0,0,0	0-0	0
I	30031	40	1	10	10	63	Легендарный знак защиты от астрала	charm7_2	0,0,0,0,0,0,0	0,0,0,0,0,0,0	0	0,0,0,0,0	0,0,4	0-0	0
I	30030	40	1	10	10	63	Легендарный знак защиты от полнолуния	charm9_2	0,0,0,0,0,0,0	0,0,0,0,0,0,0	0	0,0,0,0,0	0,6,0	0-0	0
I	30029	40	1	10	10	63	Легендарный знак защиты от рассвета	charm10_2	0,0,0,0,0,0,0	0,0,0,0,0,0,0	0	0,0,0,0,0	6,0,0	0-0	0
I	30025	40	1	10	10	63	Легендарный знак интеллекта	charm1_2	0,0,0,0,0,0,0	0,0,0,4,0,0,0	0	0,0,0,0,0	0,0,0	0-0	0
I	30023	40	1	10	10	63	Легендарный знак ловкости	charm5_2	0,0,0,0,0,0,0	0,4,0,0,0,0,0	0	0,0,0,0,0	0,0,0	0-0	0
I	30026	40	1	10	10	63	Легендарный знак мудрости	charm6_2	0,0,0,0,0,0,0	0,0,0,0,4,0,0	0	0,0,0,0,0	0,0,0	0-0	0
I	30028	40	1	10	10	63	Легендарный знак реакции	charm3_2	0,0,0,0,0,0,0	0,0,0,0,0,0,4	0	0,0,0,0,0	0,0,0	0-0	0
I	30022	40	1	10	10	63	Легендарный знак силы	charm2_2	0,0,0,0,0,0,0	4,0,0,0,0,0,0	0	0,0,0,0,0	0,0,0	0-0	0
I	30024	40	1	10	10	63	Легендарный знак сложения	charm4_2	0,0,0,0,0,0,0	0,0,4,0,0,0,0	0	0,0,0,0,0	0,0,0	0-0	0
I	30027	40	1	10	10	63	Легендарный знак удачи	charm8_2	0,0,0,0,0,0,0	0,0,0,0,0,4,0	0	0,0,0,0,0	0,0,0	0-0	0
I	30043	40	2	11	11	63	Простая печать брони	medium_charm11	0,0,0,0,0,0,0	0,0,0,0,0,0,0	0	7,7,7,7,7	0,0,0	0-0	0
I	30042	40	2	11	11	63	Простая печать защиты от астрала	medium_charm7	0,0,0,0,0,0,0	0,0,0,0,0,0,0	0	0,0,0,0,0	0,0,6	0-0	0
I	30041	40	2	11	11	63	Простая печать защиты от полнолуния	medium_charm9	0,0,0,0,0,0,0	0,0,0,0,0,0,0	0	0,0,0,0,0	0,9,0	0-0	0
I	30040	40	2	11	11	63	Простая печать защиты от рассвета	medium_charm10	0,0,0,0,0,0,0	0,0,0,0,0,0,0	0	0,0,0,0,0	9,0,0	0-0	0
I	30036	40	2	11	11	63	Простая печать интеллекта	medium_charm1	0,0,0,0,0,0,0	0,0,0,6,0,0,0	0	0,0,0,0,0	0,0,0	0-0	0
I	30034	40	2	11	11	63	Простая печать ловкости	medium_charm5	0,0,0,0,0,0,0	0,6,0,0,0,0,0	0	0,0,0,0,0	0,0,0	0-0	0
I	30037	40	2	11	11	63	Простая печать мудрости	medium_charm6	0,0,0,0,0,0,0	0,0,0,0,6,0,0	0	0,0,0,0,0	0,0,0	0-0	0
I	30039	40	2	11	11	63	Простая печать реакции	medium_charm3	0,0,0,0,0,0,0	0,0,0,0,0,0,6	0	0,0,0,0,0	0,0,0	0-0	0
I	30033	40	2	11	11	63	Простая печать силы	medium_charm2	0,0,0,0,0,0,0	6,0,0,0,0,0,0	0	0,0,0,0,0	0,0,0	0-0	0
I	30035	40	2	11	11	63	Простая печать сложения	medium_charm4	0,0,0,0,0,0,0	0,0,6,0,0,0,0	0	0,0,0,0,0	0,0,0	0-0	0
I	30038	40	2	11	11	63	Простая печать удачи	medium_charm8	0,0,0,0,0,0,0	0,0,0,0,0,6,0	0	0,0,0,0,0	0,0,0	0-0	0
I	11406	40	5	11	11	63	Гирлянда 2013	charm_NYball	0,0,0,0,0,0,0	0,0,25,0,15,0,0	7	0,0,0,0,0	0,0,0	0-0	0
I	30342	40	5	11	11	63	Лунная реликвия 2015	charm_blizzard2022	0,0,0,0,0,0,0	0,0,0,0,0,0,0	8	50,50,50,50,50	50,50,50	0-0	0
I	30216	40	5	11	11	63	Обсидиановая реликвия летописца	charm_obs1	0,0,0,0,0,0,0	0,0,0,0,0,125,0	10	0,0,0,0,0	0,0,0	0-0	0
I	30220	40	5	11	11	63	Обсидиановая реликвия менестреля	charm_obs1	0,0,0,0,0,0,0	0,0,125,0,0,0,0	7	0,0,0,0,0	0,0,0	0-0	0
I	30218	40	5	11	11	63	Обсидиановая реликвия сказателя	charm_obs3	0,0,0,0,0,0,0	0,0,75,0,0,0,0	7	0,0,0,0,0	0,0,0	0-0	0
I	30217	40	5	11	11	63	Обсидиановая реликвия сочинителя	charm_obs2	0,0,0,0,0,0,0	0,0,100,0,0,0,0	7	0,0,0,0,0	0,0,0	0-0	0
I	11303	40	5	11	11	63	Орден фетишиста	charm_fetish	0,0,0,0,0,0,0	-1,-1,0,-1,0,-1,-1	5	0,0,0,0,0	0,0,0	0-0	0
I	30379	40	5	11	11	63	Реликвия бурана 2019	charm_blizzard2018	0,0,0,0,0,0,0	0,0,0,0,0,0,0	8	50,50,50,50,50	50,50,50	0-0	0
I	30343	40	5	11	11	63	Реликвия вьюги 2016	charm2010	0,0,0,0,0,0,0	0,0,0,0,0,0,0	8	50,50,50,50,50	50,50,50	0-0	0
I	30381	40	5	11	11	63	Реликвия гололеда 2020	charm_blizzard2019	0,0,0,0,0,0,0	0,0,0,0,0,0,0	8	50,50,50,50,50	50,50,50	0-0	0
I	30405	40	5	11	11	63	Реликвия заморозка 2025	charm_ice2025	0,0,0,0,0,0,0	0,0,0,0,0,0,0	8	50,50,50,50,50	50,50,50	0-0	0
I	30404	40	5	11	11	63	Реликвия змеелова	charm_snake_2025	0,0,0,0,0,0,0	0,0,200,0,20,0,0	9	0,0,0,0,0	0,0,0	0-0	0
I	30377	40	5	11	11	63	Реликвия изморози 2021	charm_blizzard2020	0,0,0,0,0,0,0	0,0,0,0,0,0,0	8	50,50,50,50,50	50,50,50	0-0	0
I	30383	40	5	11	11	63	Реликвия инея 2012	charm_ice2012	0,0,0,0,0,0,0	0,0,0,0,0,0,0	8	50,50,50,50,50	50,50,50	0-0	0
I	30382	40	5	11	11	63	Реликвия крысолова	charm_pied_piper	0,0,0,0,0,0,0	0,0,200,0,20,0,0	9	0,0,0,0,0	0,0,0	0-0	0
I	30211	40	5	11	11	63	Реликвия льда 2011	charm_ice	0,0,0,0,0,0,0	0,0,0,0,0,0,0	8	50,50,50,50,50	50,50,50	0-0	0
I	30384	40	5	11	11	63	Реликвия мерзлоты 2022	charm_blizzard2021	0,0,0,0,0,0,0	0,0,0,0,0,0,0	8	50,50,50,50,50	50,50,50	0-0	0
I	30307	40	5	11	11	63	Реликвия метели 2015	charm_blizzard2014	0,0,0,0,0,0,0	0,0,0,0,0,0,0	8	50,50,50,50,50	50,50,50	0-0	0
I	30178	40	5	11	11	63	Реликвия мороза 2009	charm_of_frost	0,0,0,0,0,0,0	0,0,0,0,0,0,0	8	50,50,50,50,50	50,50,50	0-0	0
I	30386	40	5	11	11	63	Реликвия наста 2024	charm_blizzard2023	0,0,0,0,0,0,0	0,0,0,0,0,0,0	8	50,50,50,50,50	50,50,50	0-0	0
I	30378	40	5	11	11	63	Реликвия пурги 2018	charm_blizzard2017	0,0,0,0,0,0,0	0,0,0,0,0,0,0	8	50,50,50,50,50	50,50,50	0-0	0
I	30187	40	5	11	11	63	Реликвия снега 2010	charm2010	0,0,0,0,0,0,0	0,0,0,0,0,0,0	8	50,50,50,50,50	50,50,50	0-0	0
I	30354	40	5	11	11	63	Реликвия снегопада 2017	charm_blizzard2016	0,0,0,0,0,0,0	0,0,0,0,0,0,0	8	50,50,50,50,50	50,50,50	0-0	0
I	30265	40	5	11	11	63	Реликвия стужи 2014	charm_ice2014	0,0,0,0,0,0,0	0,0,0,0,0,0,0	8	50,50,50,50,50	50,50,50	0-0	0
I	30406	40	5	11	11	63	Реликвия фирна 2026	charm_ice2026	0,0,0,0,0,0,0	0,0,0,0,0,0,0	8	50,50,50,50,50	50,50,50	0-0	0
I	30234	40	5	11	11	63	Реликвия холода 2013	charm_ice2013	0,0,0,0,0,0,0	0,0,0,0,0,0,0	8	50,50,20,50,50	50,50,50	0-0	0
I	30075	40	1	12	12	63	Зачарованная печать брони	medium_charm11_1	0,0,0,0,0,0,0	0,0,0,0,0,0,0	0	9,9,9,9,9	0,0,0	0-0	0
I	30074	40	1	12	12	63	Зачарованная печать защиты от астрала	medium_charm7_1	0,0,0,0,0,0,0	0,0,0,0,0,0,0	0	0,0,0,0,0	0,0,8	0-0	0
I	30073	40	1	12	12	63	Зачарованная печать защиты от полнолуния	medium_charm9_1	0,0,0,0,0,0,0	0,0,0,0,0,0,0	0	0,0,0,0,0	0,12,0	0-0	0
I	30072	40	1	12	12	63	Зачарованная печать защиты от рассвета	medium_charm10_1	0,0,0,0,0,0,0	0,0,0,0,0,0,0	0	0,0,0,0,0	12,0,0	0-0	0
I	30068	40	1	12	12	63	Зачарованная печать интеллекта	medium_charm1_1	0,0,0,0,0,0,0	0,0,0,8,0,0,0	0	0,0,0,0,0	0,0,0	0-0	0
I	30066	40	1	12	12	63	Зачарованная печать ловкости	medium_charm5_1	0,0,0,0,0,0,0	0,8,0,0,0,0,0	0	0,0,0,0,0	0,0,0	0-0	0
I	30069	40	1	12	12	63	Зачарованная печать мудрости	medium_charm6_1	0,0,0,0,0,0,0	0,0,0,0,8,0,0	0	0,0,0,0,0	0,0,0	0-0	0
I	30071	40	1	12	12	63	Зачарованная печать реакции	medium_charm3_1	0,0,0,0,0,0,0	0,0,0,0,0,0,8	0	0,0,0,0,0	0,0,0	0-0	0
I	30065	40	1	12	12	63	Зачарованная печать силы	medium_charm2_1	0,0,0,0,0,0,0	8,0,0,0,0,0,0	0	0,0,0,0,0	0,0,0	0-0	0
I	30067	40	1	12	12	63	Зачарованная печать сложения	medium_charm4_1	0,0,0,0,0,0,0	0,0,8,0,0,0,0	0	0,0,0,0,0	0,0,0	0-0	0
I	30070	40	1	12	12	63	Зачарованная печать удачи	medium_charm8_1	0,0,0,0,0,0,0	0,0,0,0,0,8,0	0	0,0,0,0,0	0,0,0	0-0	0
I	30213	40	5	12	12	63	"Города Аквиллиона" I место	charm_art	0,0,0,0,0,0,0	125,0,0,0,0,0,0	10	0,0,0,0,0	0,0,0	0-0	0
I	30214	40	5	12	12	63	"Города Аквиллиона" II место	charm_art	0,0,0,0,0,0,0	0,0,125,0,0,0,0	7	0,0,0,0,0	0,0,0	0-0	0
I	30215	40	5	12	12	63	"Города Аквиллиона" III место	charm_art	0,0,0,0,0,0,0	0,0,75,0,0,0,0	7	0,0,0,0,0	0,0,0	0-0	0
I	11235	40	5	12	12	63	"Любовь в Новой Эре" I место	charm_art	0,0,0,0,0,0,0	125,0,0,0,0,0,0	10	0,0,0,0,0	0,0,0	0-0	0
I	11236	40	5	12	12	63	"Любовь в Новой Эре" I место	charm_art	0,0,0,0,0,0,0	0,0,0,125,0,0,0	10	0,0,0,0,0	0,0,0	0-0	0
I	11237	40	5	12	12	63	"Любовь в Новой Эре" II место	charm_art	0,0,0,0,0,0,0	0,0,125,0,0,0,0	7	0,0,0,0,0	0,0,0	0-0	0
I	11238	40	5	12	12	63	"Любовь в Новой Эре" III место	charm_art	0,0,0,0,0,0,0	0,0,75,0,0,0,0	7	0,0,0,0,0	0,0,0	0-0	0
I	11499	40	5	12	12	63	Баталии и романтика в Новой Эре I место	charm_art	0,0,0,0,0,0,0	0,0,105,0,0,0,0	7	0,0,0,0,0	0,0,0	0-0	0
I	11500	40	5	12	12	63	Баталии и романтика в Новой Эре II место	charm_art	0,0,0,0,0,0,0	0,0,100,0,0,0,0	7	0,0,0,0,0	0,0,0	0-0	0
I	11501	40	5	12	12	63	Баталии и романтика в Новой Эре III место	charm_art	0,0,0,0,0,0,0	0,0,75,0,0,0,0	7	0,0,0,0,0	0,0,0	0-0	0
I	11497	40	5	12	12	63	Баталии и романтика в Новой Эре Гран-при	charm_art	0,0,0,0,0,0,0	0,0,0,0,0,125,0	10	0,0,0,0,0	0,0,0	0-0	0
I	11498	40	5	12	12	63	Баталии и романтика в Новой Эре Гран-при	charm_art	0,0,0,0,0,0,0	0,0,125,0,0,0,0	10	0,0,0,0,0	0,0,0	0-0	0
I	30098	40	5	12	12	63	Золотая реликвия	charm_nagrada1	0,0,0,0,0,0,0	0,0,6,0,0,12,6	5	0,0,0,0,0	0,0,0	0-0	0
I	30052	40	5	12	12	63	Печать акулы	dual_charm19	0,0,0,0,0,0,0	0,6,0,0,6,0,0	0	0,0,0,0,0	0,0,0	0-0	0
I	30055	40	5	12	12	63	Печать бизона	dual_charm3	0,0,0,0,0,0,0	0,0,6,6,0,0,0	0	0,0,0,0,0	0,0,0	0-0	0
I	30050	40	5	12	12	63	Печать быка	dual_charm15	0,0,0,0,0,0,0	0,6,6,0,0,0,0	0	0,0,0,0,0	0,0,0	0-0	0
I	30049	40	5	12	12	63	Печать волка	dual_charm11	0,0,0,0,0,0,0	6,0,0,0,0,0,6	0	0,0,0,0,0	0,0,0	0-0	0
I	30060	40	5	12	12	63	Печать ворона	dual_charm7	0,0,0,0,0,0,0	0,0,0,6,0,6,0	0	0,0,0,0,0	0,0,0	0-0	0
I	30062	40	5	12	12	63	Печать гиены	dual_charm21	0,0,0,0,0,0,0	0,0,0,0,6,6,0	0	0,0,0,0,0	0,0,0	0-0	0
I	30047	40	5	12	12	63	Печать змеи	dual_charm14	0,0,0,0,0,0,0	6,0,0,0,6,0,0	0	0,0,0,0,0	0,0,0	0-0	0
I	30058	40	5	12	12	63	Печать кабана	dual_charm6	0,0,0,0,0,0,0	0,0,6,0,0,0,6	0	0,0,0,0,0	0,0,0	0-0	0
I	30044	40	5	12	12	63	Печать касатки	dual_charm13	0,0,0,0,0,0,0	6,6,0,0,0,0,0	0	0,0,0,0,0	0,0,0	0-0	0
I	30051	40	5	12	12	63	Печать крысы	dual_charm4	0,0,0,0,0,0,0	0,6,0,6,0,0,0	0	0,0,0,0,0	0,0,0	0-0	0
I	30061	40	5	12	12	63	Печать лисы	dual_charm2	0,0,0,0,0,0,0	0,0,0,6,0,0,6	0	0,0,0,0,0	0,0,0	0-0	0
I	30064	40	5	12	12	63	Печать мангуста	dual_charm10	0,0,0,0,0,0,0	0,0,0,0,0,6,6	0	0,0,0,0,0	0,0,0	0-0	0
I	30045	40	5	12	12	63	Печать медведя	dual_charm12	0,0,0,0,0,0,0	6,0,6,0,0,0,0	0	0,0,0,0,0	0,0,0	0-0	0
I	30057	40	5	12	12	63	Печать носорога	dual_charm18	0,0,0,0,0,0,0	0,0,6,0,0,6,0	0	0,0,0,0,0	0,0,0	0-0	0
I	30063	40	5	12	12	63	Печать обезьяны	dual_charm9	0,0,0,0,0,0,0	0,0,0,0,6,0,6	0	0,0,0,0,0	0,0,0	0-0	0
I	30046	40	5	12	12	63	Печать орла	dual_charm1	0,0,0,0,0,0,0	6,0,0,6,0,0,0	0	0,0,0,0,0	0,0,0	0-0	0
I	30053	40	5	12	12	63	Печать пантеры	dual_charm20	0,0,0,0,0,0,0	0,6,0,0,0,6,0	0	0,0,0,0,0	0,0,0	0-0	0
I	30054	40	5	12	12	63	Печать рыси	dual_charm8	0,0,0,0,0,0,0	0,6,0,0,0,0,6	0	0,0,0,0,0	0,0,0	0-0	0
I	30056	40	5	12	12	63	Печать слона	dual_charm17	0,0,0,0,0,0,0	0,0,6,0,6,0,0	0	0,0,0,0,0	0,0,0	0-0	0
I	30059	40	5	12	12	63	Печать совы	dual_charm5	0,0,0,0,0,0,0	0,0,0,6,6,0,0	0	0,0,0,0,0	0,0,0	0-0	0
I	30048	40	5	12	12	63	Печать тигра	dual_charm16	0,0,0,0,0,0,0	6,0,0,0,0,6,0	0	0,0,0,0,0	0,0,0	0-0	0
I	11453	40	5	12	12	63	Реликвия архивариуса I	charm_art	0,0,0,0,0,0,0	0,0,125,0,0,0,0	10	0,0,0,0,0	0,0,0	0-0	0
I	11454	40	5	12	12	63	Реликвия архивариуса II	charm_art	0,0,0,0,0,0,0	0,0,125,0,0,0,0	7	0,0,0,0,0	0,0,0	0-0	0
I	11455	40	5	12	12	63	Реликвия архивариуса III	charm_art	0,0,0,0,0,0,0	0,0,75,0,0,0,0	7	0,0,0,0,0	0,0,0	0-0	0
I	11657	40	5	12	12	63	Реликвия старшего архивариуса	charm_art	0,0,0,0,0,0,0	0,0,125,0,0,0,0	10	0,0,0,0,0	0,0,0	0-0	0
I	40106	40	5	12	12	63	Реликвия творчества	charm_art	0,0,0,0,0,0,0	0,0,125,0,0,0,0	7	0,0,0,0,0	0,0,0	0-0	0
I	40105	40	5	12	12	63	Реликвия творчества	charm_art	0,0,0,0,0,0,0	0,0,0,75,0,0,0	7	0,0,0,0,0	0,0,0	0-0	0
I	30204	40	5	12	12	63	Реликвия творчества 2010	charm_art	0,0,0,0,0,0,0	0,0,0,0,75,0,0	7	0,0,0,0,0	0,0,0	0-0	0
I	10672	40	5	12	12	63	Реликвия творчества 2011	charm_art	0,0,0,0,0,0,0	0,0,0,0,0,100,0	10	0,0,0,0,0	0,0,0	0-0	0
I	10673	40	5	12	12	63	Реликвия творчества 2011	charm_art	0,0,0,0,0,0,0	0,0,0,0,100,0,0	7	0,0,0,0,0	0,0,0	0-0	0
I	10674	40	5	12	12	0	Реликвия творчества 2011	charm_art	0,0,0,0,0,0,0	0,0,50,0,0,0,0	7	0,0,0,0,0	0,0,0	0-0	0
I	30337	40	5	12	12	63	Реликвия творчества 2015	charm_art	0,0,0,0,0,0,0	0,0,125,0,0,0,0	10	0,0,0,0,0	0,0,0	0-0	0
I	30338	40	5	12	12	0	Реликвия творчества 2015	charm_art	0,0,0,0,0,0,0	0,0,125,0,0,0,0	7	0,0,0,0,0	0,0,0	0-0	0
I	30339	40	5	12	12	0	Реликвия творчества 2015	charm_art	0,0,0,0,0,0,0	0,0,75,0,0,0,0	7	0,0,0,0,0	0,0,0	0-0	0
I	30340	40	5	12	12	0	Реликвия творчества 2015	charm_art	0,0,0,0,0,0,0	0,0,125,0,0,0,0	10	0,0,0,0,0	0,0,0	0-0	0
I	30099	40	5	12	12	0	Серебряная реликвия	charm_nagrada2	0,0,0,0,0,0,0	0,0,5,10,0,5,0	5	0,0,0,0,0	0,0,0	0-0	0
I	30255	40	3	13	13	63	Чудесная печать астрала	medium_charm7_13	0,0,0,0,0,0,0	0,0,0,0,0,0,0	0	0,0,0,0,0	0,0,10	0-0	0
I	30256	40	3	13	13	63	Чудесная печать брони	medium_charm11_13	0,0,0,0,0,0,0	0,0,0,0,0,0,0	0	10,10,10,10,10	0,0,0	0-0	0
I	30249	40	3	13	13	63	Чудесная печать интеллекта	medium_charm1_13	0,0,0,0,0,0,0	0,0,0,9,0,0,0	0	0,0,0,0,0	0,0,0	0-0	0
I	30247	40	3	13	13	63	Чудесная печать ловкости	medium_charm5_13	0,0,0,0,0,0,0	0,9,0,0,0,0,0	0	0,0,0,0,0	0,0,0	0-0	0
I	30250	40	3	13	13	63	Чудесная печать мудрости	medium_charm6_13	0,0,0,0,0,0,0	0,0,0,0,9,0,0	0	0,0,0,0,0	0,0,0	0-0	0
I	30254	40	3	13	13	63	Чудесная печать полнолуния	medium_charm9_13	0,0,0,0,0,0,0	0,0,0,0,0,0,0	0	0,0,0,0,0	0,15,0	0-0	0
I	30253	40	3	13	13	63	Чудесная печать рассвета	medium_charm10_13	0,0,0,0,0,0,0	0,0,0,0,0,0,0	0	0,0,0,0,0	15,0,0	0-0	0
I	30252	40	3	13	13	63	Чудесная печать реакции	medium_charm3_13	0,0,0,0,0,0,0	0,0,0,0,0,0,9	0	0,0,0,0,0	0,0,0	0-0	0
I	30246	40	3	13	13	63	Чудесная печать силы	medium_charm2_13	0,0,0,0,0,0,0	9,0,0,0,0,0,0	0	0,0,0,0,0	0,0,0	0-0	0
I	30248	40	3	13	13	63	Чудесная печать сложения	medium_charm4_13	0,0,0,0,0,0,0	0,0,9,0,0,0,0	0	0,0,0,0,0	0,0,0	0-0	0
I	30251	40	3	13	13	63	Чудесная печать удачи	medium_charm8_13	0,0,0,0,0,0,0	0,0,0,0,0,9,0	0	0,0,0,0,0	0,0,0	0-0	0
I	30221	40	5	13	13	63	Лунная реликвия	charm_hall	0,0,0,0,0,0,0	0,0,0,0,0,0,0	12	13,13,13,13,13	0,0,0	0-0	0
I	30344	40	5	13	13	0	Лунная реликвия 2016	charm_hall	0,0,0,0,0,0,0	0,0,13,0,0,0,0	11	13,13,13,13,13	13,13,13	0-0	0
I	30086	40	1	14	14	63	Легендарная печать брони	medium_charm11_2	0,0,0,0,0,0,0	0,0,0,0,0,0,0	0	11,11,11,11,11	0,0,0	0-0	0
I	30085	40	1	14	14	63	Легендарная печать защиты от астрала	medium_charm7_2	0,0,0,0,0,0,0	0,0,0,0,0,0,0	0	0,0,0,0,0	0,0,10	0-0	0
I	30084	40	1	14	14	63	Легендарная печать защиты от полнолуния	medium_charm9_2	0,0,0,0,0,0,0	0,0,0,0,0,0,0	0	0,0,0,0,0	0,15,0	0-0	0
I	30083	40	1	14	14	63	Легендарная печать защиты от рассвета	medium_charm10_2	0,0,0,0,0,0,0	0,0,0,0,0,0,0	0	0,0,0,0,0	15,0,0	0-0	0
I	30079	40	1	14	14	63	Легендарная печать интеллекта	medium_charm1_2	0,0,0,0,0,0,0	0,0,0,10,0,0,0	0	0,0,0,0,0	0,0,0	0-0	0
I	30077	40	1	14	14	63	Легендарная печать ловкости	medium_charm5_2	0,0,0,0,0,0,0	0,10,0,0,0,0,0	0	0,0,0,0,0	0,0,0	0-0	0
I	30080	40	1	14	14	63	Легендарная печать мудрости	medium_charm6_2	0,0,0,0,0,0,0	0,0,0,0,10,0,0	0	0,0,0,0,0	0,0,0	0-0	0
I	30082	40	1	14	14	63	Легендарная печать реакции	medium_charm3_2	0,0,0,0,0,0,0	0,0,0,0,0,0,10	0	0,0,0,0,0	0,0,0	0-0	0
I	30076	40	1	14	14	63	Легендарная печать силы	medium_charm2_2	0,0,0,0,0,0,0	10,0,0,0,0,0,0	0	0,0,0,0,0	0,0,0	0-0	0
I	30078	40	1	14	14	63	Легендарная печать сложения	medium_charm4_2	0,0,0,0,0,0,0	0,0,10,0,0,0,0	0	0,0,0,0,0	0,0,0	0-0	0
I	30081	40	1	14	14	63	Легендарная печать удачи	medium_charm8_2	0,0,0,0,0,0,0	0,0,0,0,0,10,0	0	0,0,0,0,0	0,0,0	0-0	0
I	30186	40	3	14	14	63	Знак синдиката висельников	metka2010	0,0,0,0,0,0,0	0,0,0,0,0,0,0	5	0,0,0,0,0	0,0,0	0-0	0
I	30303	40	5	14	14	63	"Весна Моргенхельма" I место	charm_painter1	0,0,0,0,0,0,0	0,0,0,0,0,125,0	10	0,0,0,0,0	0,0,0	0-0	0
I	30300	40	5	14	14	63	"Весна Моргенхельма" I место	charm_painter1	0,0,0,0,0,0,0	0,0,125,0,0,0,0	10	0,0,0,0,0	0,0,0	0-0	0
I	30301	40	5	14	14	63	"Весна Моргенхельма" II место	charm_painter1	0,0,0,0,0,0,0	0,0,125,0,0,0,0	7	0,0,0,0,0	0,0,0	0-0	0
I	30302	40	5	14	14	63	"Весна Моргенхельма" III место	charm_painter1	0,0,0,0,0,0,0	0,0,75,0,0,0,0	7	0,0,0,0,0	0,0,0	0-0	0
I	30100	40	5	14	14	63	Бронзовая реликвия	charm_nagrada3	0,0,0,0,0,0,0	0,4,4,4,4,0,0	5	0,0,0,0,0	0,0,0	0-0	0
I	30175	40	5	14	14	0	Бронзовая реликвия	charm_nagrada3	0,0,0,0,0,0,0	0,0,16,0,0,0,0	5	0,0,0,0,0	0,0,0	0-0	0
I	30176	40	5	14	14	0	Бронзовая реликвия	charm_nagrada3	0,0,0,0,0,0,0	0,16,0,0,0,0,0	5	0,0,0,0,0	0,0,0	0-0	0
I	30177	40	5	14	14	0	Бронзовая реликвия	charm_nagrada3	0,0,0,0,0,0,0	0,0,0,0,0,16,0	5	0,0,0,0,0	0,0,0	0-0	0
I	30151	40	5	14	14	63	За точность! 1111 урона!	charm_nagrada5	0,0,0,0,0,0,0	10,0,0,0,0,10,10	5	10,10,10,10,10	10,10,10	0-0	0
I	30184	40	5	14	14	63	За точность! 11111 урона!	charm_nagrada5	0,0,0,0,0,0,0	10,0,0,0,0,10,10	5	10,10,10,10,10	10,10,10	0-0	0
I	30205	40	5	14	14	63	За точность! 2222 урона	charm_nagrada5	0,0,0,0,0,0,0	10,10,0,0,0,10,0	5	10,10,10,10,10	10,10,10	0-0	0
I	30380	40	5	14	14	0	За точность! 2222 урона!	charm_nagrada5	0,0,0,0,0,0,0	10,0,0,0,0,10,10	5	10,10,10,10,10	10,10,10	0-0	0
I	30152	40	5	14	14	63	За точность! 3333 урона!	charm_nagrada5	0,0,0,0,0,0,0	10,10,0,0,0,10,0	5	10,10,10,10,10	10,10,10	0-0	0
I	30376	40	5	14	14	63	За точность! 4444 урона!	charm_nagrada5	0,0,0,0,0,0,0	10,0,0,0,0,10,10	5	10,10,10,10,10	10,10,10	0-0	0
I	30182	40	5	14	14	63	За точность! 4444 урона!	charm_nagrada5	0,0,0,0,0,0,0	0,10,0,0,0,10,10	5	10,10,10,10,10	10,10,10	0-0	0
I	30153	40	5	14	14	63	За точность! 5555 урона!	charm_nagrada5	0,0,0,0,0,0,0	10,0,0,0,0,10,10	5	10,10,10,10,10	10,10,10	0-0	0
I	30190	40	5	14	14	63	За точность! 666 урона!	charm_nagrada5	0,0,0,0,0,0,0	10,0,10,0,0,10,0	5	10,10,10,10,10	10,10,10	0-0	0
I	30207	40	5	14	14	63	За точность! 666 урона!	charm_nagrada5	0,0,0,0,0,0,0	0,0,10,10,10,0,0	5	10,10,10,10,10	10,10,10	0-0	0
I	30233	40	5	14	14	63	За точность! 6666 урона!	charm_nagrada5	0,0,0,0,0,0,0	10,0,10,0,0,0,10	5	10,10,10,10,10	10,10,10	0-0	0
I	30385	40	5	14	14	0	За точность! 6666 урона!	charm_nagrada5	0,0,0,0,0,0,0	10,10,0,0,0,10,0	5	10,10,10,10,10	10,10,10	0-0	0
I	30206	40	5	14	14	63	За точность! 7777 урона	charm_nagrada5	0,0,0,0,0,0,0	10,0,0,10,0,0,10	5	10,10,10,10,10	10,10,10	0-0	0
I	30327	40	5	14	14	63	За точность! 888 урона!	charm_nagrada5	0,0,0,0,0,0,0	0,0,10,10,10,0,0	5	10,10,10,10,10	10,10,10	0-0	0
I	30183	40	5	14	14	63	За точность! 999 урона!	charm_nagrada5	0,0,0,0,0,0,0	0,10,0,0,0,10,10	5	10,10,10,10,10	10,10,10	0-0	0
I	30154	40	5	14	14	63	За точность! 9999 урона!	charm_nagrada5	0,0,0,0,0,0,0	10,0,10,0,0,0,10	5	10,10,10,10,10	10,10,10	0-0	0
I	30400	40	5	14	14	0	За точность! Варвар	charm_nagrada5	0,0,0,0,0,0,0	10,0,10,0,0,10,0	0	10,10,10,10,10	10,10,10	0-0	0
I	30402	40	5	14	14	0	За точность! Джаггенраут	charm_nagrada5	0,0,0,0,0,0,0	10,0,10,0,0,0,10	0	10,10,10,10,10	10,10,10	0-0	0
I	30403	40	5	14	14	0	За точность! Жрец	charm_nagrada5	0,0,0,0,0,0,0	10,0,10,10,0,0,0	0	10,10,10,10,10	10,10,10	0-0	0
I	30181	40	5	14	14	0	За точность! Маг	charm_nagrada5	0,0,0,0,0,0,0	0,0,10,10,10,0,0	0	10,10,10,10,10	10,10,10	0-0	0
I	30401	40	5	14	14	0	За точность! Мастер щита	charm_nagrada5	0,0,0,0,0,0,0	0,0,10,0,0,10,10	0	10,10,10,10,10	10,10,10	0-0	0
I	30399	40	5	14	14	0	За точность! Рейнджер	charm_nagrada5	0,0,0,0,0,0,0	10,10,0,0,0,10,0	0	10,10,10,10,10	10,10,10	0-0	0
I	30169	40	5	14	14	0	Золотая реликвия	charm_nagrada1	0,0,0,0,0,0,0	0,0,24,0,0,0,0	5	0,0,0,0,0	0,0,0	0-0	0
I	30170	40	5	14	14	0	Золотая реликвия	charm_nagrada1	0,0,0,0,0,0,0	0,0,0,24,0,0,0	5	0,0,0,0,0	0,0,0	0-0	0
I	30171	40	5	14	14	0	Золотая реликвия	charm_nagrada1	0,0,0,0,0,0,0	0,0,0,0,0,24,0	5	0,0,0,0,0	0,0,0	0-0	0
I	11460	40	5	14	14	63	Золотая сердечная реликвия	valentines_heart2	0,0,0,0,0,0,0	0,0,20,0,0,0,0	5	20,20,20,20,20	20,20,20	0-0	0
I	30264	40	5	14	14	63	Реликвия Баннилы	charm_Banilla1	0,0,0,0,0,0,0	0,0,5,0,0,0,0	0	10,10,10,10,10	20,20,15	0-0	0
I	30326	40	5	14	14	63	Реликвия лучшего кондитера	charm_valentine2015	0,0,0,0,0,0,0	0,0,77,0,0,0,0	11	0,0,0,0,0	0,0,0	0-0	0
I	30202	40	5	14	14	63	Реликвия творчества 2010	charm_art	0,0,0,0,0,0,0	125,0,0,0,0,0,0	10	0,0,0,0,0	0,0,0	0-0	0
I	30203	40	5	14	14	0	Реликвия творчества 2010	charm_art	0,0,0,0,0,0,0	0,0,125,0,0,0,0	5	0,0,0,0,0	0,0,0	0-0	0
I	30296	40	5	14	14	63	Сердечная реликвия I степени	charm_valentin1	0,0,0,0,0,0,0	0,0,125,0,0,0,0	10	0,0,0,0,0	0,0,0	0-0	0
I	30297	40	5	14	14	63	Сердечная реликвия II степени	charm_valentin1	0,0,0,0,0,0,0	0,0,125,0,0,0,0	5	0,0,0,0,0	0,0,0	0-0	0
I	30298	40	5	14	14	0	Сердечная реликвия III степени	charm_valentin1	0,0,0,0,0,0,0	0,0,100,0,0,0,0	5	0,0,0,0,0	0,0,0	0-0	0
I	30299	40	5	14	14	0	Сердечная реликвия IV степени	charm_valentin1	0,0,0,0,0,0,0	0,0,75,0,0,0,0	5	0,0,0,0,0	0,0,0	0-0	0
I	30173	40	5	14	14	63	Серебряная реликвия	charm_nagrada2	0,0,0,0,0,0,0	0,20,0,0,0,0,0	5	0,0,0,0,0	0,0,0	0-0	0
I	30172	40	5	14	14	0	Серебряная реликвия	charm_nagrada2	0,0,0,0,0,0,0	20,0,0,0,0,0,0	5	0,0,0,0,0	0,0,0	0-0	0
I	30174	40	5	14	14	0	Серебряная реликвия	charm_nagrada2	0,0,0,0,0,0,0	0,0,20,0,0,0,0	5	0,0,0,0,0	0,0,0	0-0	0
I	30306	40	5	14	14	63	Синяя реликвия Козерога	goat_charm	0,0,0,0,0,0,0	0,0,20,0,10,0,0	5	0,0,0,0,0	15,15,15	0-0	0
I	11461	40	5	14	14	63	Стальная сердечная реликвия	valentines_heart1	0,0,0,0,0,0,0	0,0,15,0,0,0,0	0	15,15,15,15,15	15,15,15	0-0	0
I	30185	40	5	14	14	63	Тыковка	pumpkin_charm	0,0,0,0,0,0,0	15,0,0,0,0,10,0	0	0,0,0,0,0	20,20,10	0-0	0
I	30212	40	5	14	14	0	Тыковка	pumpkin_charm	0,0,0,0,0,0,0	0,0,0,10,15,0,0	0	0,0,0,0,0	20,20,10	0-0	0
I	30097	40	2	15	15	63	Простая реликвия брони	great_charm11	0,0,0,0,0,0,0	0,0,0,0,0,0,0	0	16,16,16,16,16	0,0,0	0-0	0
I	30096	40	2	15	15	63	Простая реликвия защиты от астрала	great_charm7	0,0,0,0,0,0,0	0,0,0,0,0,0,0	0	0,0,0,0,0	0,0,14	0-0	0
I	30095	40	2	15	15	63	Простая реликвия защиты от полнолуния	great_charm9	0,0,0,0,0,0,0	0,0,0,0,0,0,0	0	0,0,0,0,0	0,21,0	0-0	0
I	30094	40	2	15	15	63	Простая реликвия защиты от рассвета	great_charm10	0,0,0,0,0,0,0	0,0,0,0,0,0,0	0	0,0,0,0,0	21,0,0	0-0	0
I	30090	40	2	15	15	63	Простая реликвия интеллекта	great_charm1	0,0,0,0,0,0,0	0,0,0,14,0,0,0	0	0,0,0,0,0	0,0,0	0-0	0
I	30088	40	2	15	15	63	Простая реликвия ловкости	great_charm5	0,0,0,0,0,0,0	0,14,0,0,0,0,0	0	0,0,0,0,0	0,0,0	0-0	0
I	30091	40	2	15	15	63	Простая реликвия мудрости	great_charm6	0,0,0,0,0,0,0	0,0,0,0,14,0,0	0	0,0,0,0,0	0,0,0	0-0	0
I	30093	40	2	15	15	63	Простая реликвия реакции	great_charm3	0,0,0,0,0,0,0	0,0,0,0,0,0,14	0	0,0,0,0,0	0,0,0	0-0	0
I	30087	40	2	15	15	63	Простая реликвия силы	great_charm2	0,0,0,0,0,0,0	14,0,0,0,0,0,0	0	0,0,0,0,0	0,0,0	0-0	0
I	30089	40	2	15	15	63	Простая реликвия сложения	great_charm4	0,0,0,0,0,0,0	0,0,14,0,0,0,0	0	0,0,0,0,0	0,0,0	0-0	0
I	30092	40	2	15	15	63	Простая реликвия удачи	great_charm8	0,0,0,0,0,0,0	0,0,0,0,0,14,0	0	0,0,0,0,0	0,0,0	0-0	0
I	30257	40	5	15	15	0	Бронзовая турнирная реликвия	charm_nagrada3	0,0,0,0,0,0,0	0,0,10,0,0,0,0	3	20,20,20,20,20	16,16,10	0-0	0
I	11180	40	5	15	15	63	Реликвия Фортуны	Klever_pres	0,0,0,0,0,0,0	0,0,7,7,7,7,0	4	7,7,7,7,7	7,7,7	0-0	0
I	30258	40	5	15	15	0	Серебряная турнирная реликвия	charm_nagrada2	0,0,0,0,0,0,0	0,0,15,0,0,0,0	3	22,22,22,22,22	20,20,12	0-0	0
I	30244	40	1	16	16	63	Сказочная реликвия астрала	great_charm7_16	0,0,0,0,0,0,0	0,0,0,0,0,0,0	0	0,0,0,0,0	0,0,17	0-0	0
I	30245	40	1	16	16	63	Сказочная реликвия брони	great_charm11_16	0,0,0,0,0,0,0	0,0,0,0,0,0,0	0	19,19,19,19,19	0,0,0	0-0	0
I	30238	40	1	16	16	63	Сказочная реликвия интеллекта	great_charm1_16	0,0,0,0,0,0,0	0,0,0,16,0,0,0	0	0,0,0,0,0	0,0,0	0-0	0
I	30236	40	1	16	16	63	Сказочная реликвия ловкости	great_charm5_16	0,0,0,0,0,0,0	0,16,0,0,0,0,0	0	0,0,0,0,0	0,0,0	0-0	0
I	30239	40	1	16	16	63	Сказочная реликвия мудрости	great_charm6_16	0,0,0,0,0,0,0	0,0,0,0,16,0,0	0	0,0,0,0,0	0,0,0	0-0	0
I	30243	40	1	16	16	63	Сказочная реликвия полнолуния	great_charm9_16	0,0,0,0,0,0,0	0,0,0,0,0,0,0	0	0,0,0,0,0	0,23,0	0-0	0
I	30242	40	1	16	16	63	Сказочная реликвия рассвета	great_charm10_16	0,0,0,0,0,0,0	0,0,0,0,0,0,0	0	0,0,0,0,0	23,0,0	0-0	0
I	30241	40	1	16	16	63	Сказочная реликвия реакции	great_charm3_16	0,0,0,0,0,0,0	0,0,0,0,0,0,16	0	0,0,0,0,0	0,0,0	0-0	0
I	30235	40	1	16	16	63	Сказочная реликвия силы	great_charm2_16	0,0,0,0,0,0,0	16,0,0,0,0,0,0	0	0,0,0,0,0	0,0,0	0-0	0
I	30237	40	1	16	16	63	Сказочная реликвия сложения	great_charm4_16	0,0,0,0,0,0,0	0,0,16,0,0,0,0	0	0,0,0,0,0	0,0,0	0-0	0
I	30240	40	1	16	16	63	Сказочная реликвия удачи	great_charm8_16	0,0,0,0,0,0,0	0,0,0,0,0,16,0	0	0,0,0,0,0	0,0,0	0-0	0
I	30305	40	3	16	16	63	Печать синдиката висельников	metka	0,0,0,0,0,0,0	0,0,0,0,0,0,0	10	0,0,0,0,0	0,0,0	0-0	0
I	11190	40	5	16	16	63	Драконья реликвия 2024	charm_draco2023	0,0,0,0,0,0,0	0,0,35,0,15,0,0	9	0,0,0,0,0	0,0,0	0-0	0
I	10185	40	5	16	16	63	Печать синдиката висельников	metka	0,0,0,0,0,0,0	0,0,0,0,0,0,0	10	0,0,0,0,0	0,0,0	0-0	0
I	30263	40	5	16	16	63	Реликвия им. братьев Люмьер	charm_YT	0,0,0,0,0,0,0	0,0,125,0,0,0,0	12	0,0,0,0,0	5,5,5	0-0	0
I	30304	40	5	16	16	63	Сказочная реликвия Баннилы	charm_Banilla2	0,0,0,0,0,0,0	0,0,5,0,0,0,0	3	10,10,10,10,10	20,20,15	0-0	0
I	30111	40	1	17	17	63	Зачарованная реликвия брони	great_charm11_1	0,0,0,0,0,0,0	0,0,0,0,0,0,0	0	22,22,22,22,22	0,0,0	0-0	0
I	30110	40	1	17	17	63	Зачарованная реликвия защиты от астрала	great_charm7_1	0,0,0,0,0,0,0	0,0,0,0,0,0,0	0	0,0,0,0,0	0,0,19	0-0	0
I	30109	40	1	17	17	63	Зачарованная реликвия защиты от полнолуния	great_charm9_1	0,0,0,0,0,0,0	0,0,0,0,0,0,0	0	0,0,0,0,0	0,25,0	0-0	0
I	30108	40	1	17	17	63	Зачарованная реликвия защиты от рассвета	great_charm10_1	0,0,0,0,0,0,0	0,0,0,0,0,0,0	0	0,0,0,0,0	25,0,0	0-0	0
I	30104	40	1	17	17	63	Зачарованная реликвия интеллекта	great_charm1_1	0,0,0,0,0,0,0	0,0,0,19,0,0,0	0	0,0,0,0,0	0,0,0	0-0	0
I	30102	40	1	17	17	63	Зачарованная реликвия ловкости	great_charm5_1	0,0,0,0,0,0,0	0,19,0,0,0,0,0	0	0,0,0,0,0	0,0,0	0-0	0
I	30105	40	1	17	17	63	Зачарованная реликвия мудрости	great_charm6_1	0,0,0,0,0,0,0	0,0,0,0,19,0,0	0	0,0,0,0,0	0,0,0	0-0	0
I	30107	40	1	17	17	63	Зачарованная реликвия реакции	great_charm3_1	0,0,0,0,0,0,0	0,0,0,0,0,0,19	0	0,0,0,0,0	0,0,0	0-0	0
I	30101	40	1	17	17	63	Зачарованная реликвия силы	great_charm2_1	0,0,0,0,0,0,0	19,0,0,0,0,0,0	0	0,0,0,0,0	0,0,0	0-0	0
I	30103	40	1	17	17	63	Зачарованная реликвия сложения	great_charm4_1	0,0,0,0,0,0,0	0,0,19,0,0,0,0	0	0,0,0,0,0	0,0,0	0-0	0
I	30106	40	1	17	17	63	Зачарованная реликвия удачи	great_charm8_1	0,0,0,0,0,0,0	0,0,0,0,0,19,0	0	0,0,0,0,0	0,0,0	0-0	0
I	40108	40	5	17	17	0	Quad Squad 1 place	charm_art	0,0,0,0,0,0,0	0,0,100,0,0,0,0	10	0,0,0,0,0	0,0,0	0-0	0
I	40109	40	5	17	17	0	Quad Squad 2 place	charm_art	0,0,0,0,0,0,0	0,0,100,0,0,0,0	5	0,0,0,0,0	0,0,0	0-0	0
I	40110	40	5	17	17	0	Quad Squad 3 place	charm_art	0,0,0,0,0,0,0	0,0,50,0,0,0,0	5	0,0,0,0,0	0,0,0	0-0	0
I	11176	40	5	17	17	63	Драконья реликвия	charm_drack	0,0,0,0,0,0,0	0,0,45,0,15,0,0	9	0,0,0,0,0	0,0,0	0-0	0
I	30145	40	5	17	17	63	За паука! За 194999 урона!	charm_nagrada4	0,0,0,0,0,0,0	0,0,0,0,0,75,0	5	0,0,0,0,0	0,0,0	0-0	0
I	30144	40	5	17	17	63	За паука! За 194999 урона!	charm_nagrada4	0,0,0,0,0,0,0	0,0,75,0,0,0,0	5	0,0,0,0,0	0,0,0	0-0	0
I	30259	40	5	17	17	0	Золотая турнирная реликвия	charm_nagrada1	0,0,0,0,0,0,0	0,0,20,0,0,0,0	4	25,25,25,25,25	22,22,14	0-0	0
I	30188	40	5	17	17	63	Реликвия «Кровавой Устрицы»	charm_pirate	0,0,0,0,0,0,0	0,0,0,0,0,0,0	0	11,11,11,11,11	25,25,20	0-0	0
I	40111	40	5	17	17	0	Реликвия творчества 2018	charm_art	0,0,0,0,0,0,0	0,0,99,0,0,0,0	10	0,0,0,0,0	0,0,0	0-0	0
I	30150	40	8	17	17	63	Победитель турнира "17+" 15.04.2008	charm_win1	0,0,0,0,0,0,0	0,0,17,0,0,17,0	5	0,0,0,0,0	0,0,0	0-0	0
I	30208	40	2	18	18	63	Реликвия Стражей Башни	charm_strag1	0,0,0,0,0,0,0	0,0,9,9,9,0,0	0	2,2,2,2,2	13,13,13	0-0	0
I	30209	40	2	18	18	63	Реликвия Стражей Ворот	charm_strag2	0,0,0,0,0,0,0	9,0,9,0,0,0,9	0	2,2,2,2,2	13,13,13	0-0	0
I	30210	40	2	18	18	63	Реликвия Стражей Шпиля	charm_strag3	0,0,0,0,0,0,0	9,9,0,0,0,9,0	0	2,2,2,2,2	13,13,13	0-0	0
I	30122	40	1	19	19	63	Легендарная реликвия брони	great_charm11_2	0,0,0,0,0,0,0	0,0,0,0,0,0,0	0	28,28,28,28,28	0,0,0	0-0	0
I	30121	40	1	19	19	63	Легендарная реликвия защиты от астрала	great_charm7_2	0,0,0,0,0,0,0	0,0,0,0,0,0,0	0	0,0,0,0,0	0,0,24	0-0	0
I	30120	40	1	19	19	63	Легендарная реликвия защиты от полнолуния	great_charm9_2	0,0,0,0,0,0,0	0,0,0,0,0,0,0	0	0,0,0,0,0	0,36,0	0-0	0
I	30119	40	1	19	19	63	Легендарная реликвия защиты от рассвета	great_charm10_2	0,0,0,0,0,0,0	0,0,0,0,0,0,0	0	0,0,0,0,0	36,0,0	0-0	0
I	30115	40	1	19	19	63	Легендарная реликвия интеллекта	great_charm1_2	0,0,0,0,0,0,0	0,0,0,24,0,0,0	0	0,0,0,0,0	0,0,0	0-0	0
I	30113	40	1	19	19	63	Легендарная реликвия ловкости	great_charm5_2	0,0,0,0,0,0,0	0,24,0,0,0,0,0	0	0,0,0,0,0	0,0,0	0-0	0
I	30116	40	1	19	19	63	Легендарная реликвия мудрости	great_charm6_2	0,0,0,0,0,0,0	0,0,0,0,24,0,0	0	0,0,0,0,0	0,0,0	0-0	0
I	30118	40	1	19	19	63	Легендарная реликвия реакции	great_charm3_2	0,0,0,0,0,0,0	0,0,0,0,0,0,24	0	0,0,0,0,0	0,0,0	0-0	0
I	30112	40	1	19	19	63	Легендарная реликвия силы	great_charm2_2	0,0,0,0,0,0,0	24,0,0,0,0,0,0	0	0,0,0,0,0	0,0,0	0-0	0
I	30114	40	1	19	19	63	Легендарная реликвия сложения	great_charm4_2	0,0,0,0,0,0,0	0,0,24,0,0,0,0	0	0,0,0,0,0	0,0,0	0-0	0
I	30117	40	1	19	19	63	Легендарная реликвия удачи	great_charm8_2	0,0,0,0,0,0,0	0,0,0,0,0,24,0	0	0,0,0,0,0	0,0,0	0-0	0
I	40107	40	5	19	19	63	Реликвия творчества	charm_art	0,0,0,0,0,0,0	0,0,0,0,0,125,0	10	0,0,0,0,0	0,0,0	0-0	0
I	6003	40	8	19	19	63	Бронзовая клановая реликвия интеллекта	charm_nagrada3	0,0,0,0,0,0,0	0,0,0,100,0,0,0	10	0,0,0,0,0	0,0,0	0-0	0
I	6001	40	8	19	19	63	Бронзовая клановая реликвия ловкости	charm_nagrada3	0,0,0,0,0,0,0	0,100,0,0,0,0,0	10	0,0,0,0,0	0,0,0	0-0	0
I	6004	40	8	19	19	63	Бронзовая клановая реликвия мудрости	charm_nagrada3	0,0,0,0,0,0,0	0,0,0,0,100,0,0	10	0,0,0,0,0	0,0,0	0-0	0
I	6006	40	8	19	19	63	Бронзовая клановая реликвия реакции	charm_nagrada3	0,0,0,0,0,0,0	0,0,0,0,0,0,100	10	0,0,0,0,0	0,0,0	0-0	0
I	6000	40	8	19	19	63	Бронзовая клановая реликвия силы	charm_nagrada3	0,0,0,0,0,0,0	100,0,0,0,0,0,0	10	0,0,0,0,0	0,0,0	0-0	0
I	6002	40	8	19	19	63	Бронзовая клановая реликвия сложения	charm_nagrada3	0,0,0,0,0,0,0	0,0,100,0,0,0,0	10	0,0,0,0,0	0,0,0	0-0	0
I	6005	40	8	19	19	63	Бронзовая клановая реликвия удачи	charm_nagrada3	0,0,0,0,0,0,0	0,0,0,0,0,100,0	10	0,0,0,0,0	0,0,0	0-0	0
I	10464	40	8	19	19	0	Бронзовая клановая турнирная реликвия	charm_nagrada3	0,0,0,0,0,0,0	0,0,56,0,0,0,0	5	10,10,10,10,10	10,10,10	0-0	0
I	6019	40	8	19	19	63	Золотая клановая реликвия интеллекта	charm_nagrada1	0,0,0,0,0,0,0	0,0,0,200,0,0,0	10	0,0,0,0,0	0,0,0	0-0	0
I	6017	40	8	19	19	63	Золотая клановая реликвия ловкости	charm_nagrada1	0,0,0,0,0,0,0	0,200,0,0,0,0,0	10	0,0,0,0,0	0,0,0	0-0	0
I	6020	40	8	19	19	63	Золотая клановая реликвия мудрости	charm_nagrada1	0,0,0,0,0,0,0	0,0,0,0,200,0,0	10	0,0,0,0,0	0,0,0	0-0	0
I	6022	40	8	19	19	63	Золотая клановая реликвия реакции	charm_nagrada1	0,0,0,0,0,0,0	0,0,0,0,0,0,200	10	0,0,0,0,0	0,0,0	0-0	0
I	6016	40	8	19	19	63	Золотая клановая реликвия силы	charm_nagrada1	0,0,0,0,0,0,0	200,0,0,0,0,0,0	10	0,0,0,0,0	0,0,0	0-0	0
I	6018	40	8	19	19	63	Золотая клановая реликвия сложения	charm_nagrada1	0,0,0,0,0,0,0	0,0,200,0,0,0,0	10	0,0,0,0,0	0,0,0	0-0	0
I	6021	40	8	19	19	63	Золотая клановая реликвия удачи	charm_nagrada1	0,0,0,0,0,0,0	0,0,0,0,0,200,0	10	0,0,0,0,0	0,0,0	0-0	0
I	10462	40	8	19	19	0	Золотая клановая турнирная реликвия	charm_nagrada1	0,0,0,0,0,0,0	0,0,72,0,0,0,0	7	30,30,30,30,30	30,30,30	0-0	0
I	6010	40	8	19	19	63	Серебряная клановая реликвия интеллекта	charm_nagrada2	0,0,0,0,0,0,0	0,0,0,150,0,0,0	10	0,0,0,0,0	0,0,0	0-0	0
I	6008	40	8	19	19	63	Серебряная клановая реликвия ловкости	charm_nagrada2	0,0,0,0,0,0,0	0,150,0,0,0,0,0	10	0,0,0,0,0	0,0,0	0-0	0
I	6011	40	8	19	19	63	Серебряная клановая реликвия мудрости	charm_nagrada2	0,0,0,0,0,0,0	0,0,0,0,150,0,0	10	0,0,0,0,0	0,0,0	0-0	0
I	6013	40	8	19	19	63	Серебряная клановая реликвия реакции	charm_nagrada2	0,0,0,0,0,0,0	0,0,0,0,0,0,150	10	0,0,0,0,0	0,0,0	0-0	0
I	6007	40	8	19	19	63	Серебряная клановая реликвия силы	charm_nagrada2	0,0,0,0,0,0,0	150,0,0,0,0,0,0	10	0,0,0,0,0	0,0,0	0-0	0
I	6009	40	8	19	19	63	Серебряная клановая реликвия сложения	charm_nagrada2	0,0,0,0,0,0,0	0,0,150,0,0,0,0	10	0,0,0,0,0	0,0,0	0-0	0
I	6012	40	8	19	19	63	Серебряная клановая реликвия удачи	charm_nagrada2	0,0,0,0,0,0,0	0,0,0,0,0,150,0	10	0,0,0,0,0	0,0,0	0-0	0
I	10463	40	8	19	19	0	Серебряная клановая турнирная реликвия	charm_nagrada2	0,0,0,0,0,0,0	0,0,64,0,0,0,0	6	20,20,20,20,20	20,20,20	0-0	0
I	30260	40	2	20	20	63	Регалия Стражей Башни	charm_strag1_1	0,0,0,0,0,0,0	0,0,12,12,12,0,0	0	5,5,5,5,5	15,15,15	0-0	0
I	30261	40	2	20	20	63	Регалия Стражей Ворот	charm_strag2_2	0,0,0,0,0,0,0	12,0,12,0,0,0,12	0	5,5,5,5,5	15,15,15	0-0	0
I	30262	40	2	20	20	63	Регалия Стражей Шпиля	charm_strag3_3	0,0,0,0,0,0,0	12,12,0,0,0,12,0	0	5,5,5,5,5	15,15,15	0-0	0
I	30201	40	3	20	20	63	Простая регалия брони	expensive_charm11111	0,0,0,0,0,0,0	0,0,0,0,0,0,0	0	33,33,33,33,33	0,0,0	0-0	0
I	30200	40	3	20	20	63	Простая регалия защиты от астрала	expensive_charm777	0,0,0,0,0,0,0	0,0,0,0,0,0,0	0	0,0,0,0,0	0,0,28	0-0	0
I	30199	40	3	20	20	63	Простая регалия защиты от полнолуния	expensive_charm999	0,0,0,0,0,0,0	0,0,0,0,0,0,0	0	0,0,0,0,0	0,42,0	0-0	0
I	30198	40	3	20	20	63	Простая регалия защиты от рассвета	expensive_charm1010	0,0,0,0,0,0,0	0,0,0,0,0,0,0	0	0,0,0,0,0	42,0,0	0-0	0
I	30194	40	3	20	20	63	Простая регалия интеллекта	expensive_charm111	0,0,0,0,0,0,0	0,0,0,28,0,0,0	0	0,0,0,0,0	0,0,0	0-0	0
I	30192	40	3	20	20	63	Простая регалия ловкости	expensive_charm555	0,0,0,0,0,0,0	0,28,0,0,0,0,0	0	0,0,0,0,0	0,0,0	0-0	0
I	30195	40	3	20	20	63	Простая регалия мудрости	expensive_charm666	0,0,0,0,0,0,0	0,0,0,0,28,0,0	0	0,0,0,0,0	0,0,0	0-0	0
I	30196	40	3	20	20	63	Простая регалия реакции	expensive_charm333	0,0,0,0,0,0,0	0,0,0,0,0,0,28	0	0,0,0,0,0	0,0,0	0-0	0
I	30191	40	3	20	20	63	Простая регалия силы	expensive_charm222	0,0,0,0,0,0,0	28,0,0,0,0,0,0	0	0,0,0,0,0	0,0,0	0-0	0
I	30193	40	3	20	20	63	Простая регалия сложения	expensive_charm444	0,0,0,0,0,0,0	0,0,28,0,0,0,0	0	0,0,0,0,0	0,0,0	0-0	0
I	30197	40	3	20	20	63	Простая регалия удачи	expensive_charm888	0,0,0,0,0,0,0	0,0,0,0,0,28,0	0	0,0,0,0,0	0,0,0	0-0	0
I	30179	40	5	20	20	63	Реликвия щедрости	charm_challenge_rich	0,0,0,0,0,0,0	0,0,0,0,0,150,0	10	0,0,0,0,0	0,0,0	0-0	0
I	30283	40	6	20	20	63	Реликвия акулы	dual_charm_hi19	0,0,0,0,0,0,0	0,21,0,0,21,0,0	0	0,0,0,0,0	0,0,0	0-0	0
I	30286	40	6	20	20	63	Реликвия бизона	dual_charm_hi3	0,0,0,0,0,0,0	0,0,21,21,0,0,0	0	0,0,0,0,0	0,0,0	0-0	0
I	30281	40	6	20	20	63	Реликвия быка	dual_charm_hi15	0,0,0,0,0,0,0	0,21,21,0,0,0,0	0	0,0,0,0,0	0,0,0	0-0	0
I	30280	40	6	20	20	63	Реликвия волка	dual_charm_hi11	0,0,0,0,0,0,0	21,0,0,0,0,0,21	0	0,0,0,0,0	0,0,0	0-0	0
I	30291	40	6	20	20	63	Реликвия ворона	dual_charm_hi7	0,0,0,0,0,0,0	0,0,0,21,0,21,0	0	0,0,0,0,0	0,0,0	0-0	0
I	30293	40	6	20	20	63	Реликвия гиены	dual_charm_hi21	0,0,0,0,0,0,0	0,0,0,0,21,21,0	0	0,0,0,0,0	0,0,0	0-0	0
I	30278	40	6	20	20	63	Реликвия змеи	dual_charm_hi14	0,0,0,0,0,0,0	21,0,0,0,21,0,0	0	0,0,0,0,0	0,0,0	0-0	0
I	30289	40	6	20	20	63	Реликвия кабана	dual_charm_hi6	0,0,0,0,0,0,0	0,0,21,0,0,0,21	0	0,0,0,0,0	0,0,0	0-0	0
I	30275	40	6	20	20	63	Реликвия касатки	dual_charm_hi13	0,0,0,0,0,0,0	21,21,0,0,0,0,0	0	0,0,0,0,0	0,0,0	0-0	0
I	30282	40	6	20	20	63	Реликвия крысы	dual_charm_hi4	0,0,0,0,0,0,0	0,21,0,21,0,0,0	0	0,0,0,0,0	0,0,0	0-0	0
I	30292	40	6	20	20	63	Реликвия лисы	dual_charm_hi2	0,0,0,0,0,0,0	0,0,0,21,0,0,21	0	0,0,0,0,0	0,0,0	0-0	0
I	30295	40	6	20	20	63	Реликвия мангуста	dual_charm_hi10	0,0,0,0,0,0,0	0,0,0,0,0,21,21	0	0,0,0,0,0	0,0,0	0-0	0
I	30276	40	6	20	20	63	Реликвия медведя	dual_charm_hi12	0,0,0,0,0,0,0	21,0,21,0,0,0,0	0	0,0,0,0,0	0,0,0	0-0	0
I	30288	40	6	20	20	63	Реликвия носорога	dual_charm_hi18	0,0,0,0,0,0,0	0,0,21,0,0,21,0	0	0,0,0,0,0	0,0,0	0-0	0
I	30294	40	6	20	20	63	Реликвия обезьяны	dual_charm_hi9	0,0,0,0,0,0,0	0,0,0,0,21,0,21	0	0,0,0,0,0	0,0,0	0-0	0
I	30277	40	6	20	20	63	Реликвия орла	dual_charm_hi1	0,0,0,0,0,0,0	21,0,0,21,0,0,0	0	0,0,0,0,0	0,0,0	0-0	0
I	30284	40	6	20	20	63	Реликвия пантеры	dual_charm_hi20	0,0,0,0,0,0,0	0,21,0,0,0,21,0	0	0,0,0,0,0	0,0,0	0-0	0
I	30285	40	6	20	20	63	Реликвия рыси	dual_charm_hi8	0,0,0,0,0,0,0	0,21,0,0,0,0,21	0	0,0,0,0,0	0,0,0	0-0	0
I	30287	40	6	20	20	63	Реликвия слона	dual_charm_hi17	0,0,0,0,0,0,0	0,0,21,0,21,0,0	0	0,0,0,0,0	0,0,0	0-0	0
I	30290	40	6	20	20	63	Реликвия совы	dual_charm_hi5	0,0,0,0,0,0,0	0,0,0,21,21,0,0	0	0,0,0,0,0	0,0,0	0-0	0
I	30279	40	6	20	20	63	Реликвия тигра	dual_charm_hi16	0,0,0,0,0,0,0	21,0,0,0,0,21,0	0	0,0,0,0,0	0,0,0	0-0	0
I	30168	40	1	21	21	63	Зачарованная регалия брони	expensive_charm11	0,0,0,0,0,0,0	0,0,0,0,0,0,0	0	38,38,38,38,38	0,0,0	0-0	0
I	30167	40	1	21	21	63	Зачарованная регалия защиты от астрала	expensive_charm7	0,0,0,0,0,0,0	0,0,0,0,0,0,0	0	0,0,0,0,0	0,0,32	0-0	0
I	30166	40	1	21	21	63	Зачарованная регалия защиты от полнолуния	expensive_charm9	0,0,0,0,0,0,0	0,0,0,0,0,0,0	0	0,0,0,0,0	0,48,0	0-0	0
I	30165	40	1	21	21	63	Зачарованная регалия защиты от рассвета	expensive_charm10	0,0,0,0,0,0,0	0,0,0,0,0,0,0	0	0,0,0,0,0	48,0,0	0-0	0
I	30161	40	1	21	21	63	Зачарованная регалия интеллекта	expensive_charm1	0,0,0,0,0,0,0	0,0,0,32,0,0,0	0	0,0,0,0,0	0,0,0	0-0	0
I	30159	40	1	21	21	63	Зачарованная регалия ловкости	expensive_charm5	0,0,0,0,0,0,0	0,32,0,0,0,0,0	0	0,0,0,0,0	0,0,0	0-0	0
I	30162	40	1	21	21	63	Зачарованная регалия мудрости	expensive_charm6	0,0,0,0,0,0,0	0,0,0,0,32,0,0	0	0,0,0,0,0	0,0,0	0-0	0
I	30163	40	1	21	21	63	Зачарованная регалия реакции	expensive_charm3	0,0,0,0,0,0,0	0,0,0,0,0,0,32	0	0,0,0,0,0	0,0,0	0-0	0
I	30158	40	1	21	21	63	Зачарованная регалия силы	expensive_charm2	0,0,0,0,0,0,0	32,0,0,0,0,0,0	0	0,0,0,0,0	0,0,0	0-0	0
I	30160	40	1	21	21	63	Зачарованная регалия сложения	expensive_charm4	0,0,0,0,0,0,0	0,0,32,0,0,0,0	0	0,0,0,0,0	0,0,0	0-0	0
I	30164	40	1	21	21	63	Зачарованная регалия удачи	expensive_charm8	0,0,0,0,0,0,0	0,0,0,0,0,32,0	0	0,0,0,0,0	0,0,0	0-0	0
I	30231	40	1	22	22	63	Легендарная регалия ЗоА	expensive_charm7_7	0,0,0,0,0,0,0	0,0,0,0,0,0,0	0	0,0,0,0,0	0,0,36	0-0	0
I	30230	40	1	22	22	63	Легендарная регалия ЗоП	expensive_charm9_9	0,0,0,0,0,0,0	0,0,0,0,0,0,0	0	0,0,0,0,0	0,54,0	0-0	0
I	30229	40	1	22	22	63	Легендарная регалия ЗоР	expensive_charm10_10	0,0,0,0,0,0,0	0,0,0,0,0,0,0	0	0,0,0,0,0	54,0,0	0-0	0
I	30232	40	1	22	22	63	Легендарная регалия брони	expensive_charm11_11	0,0,0,0,0,0,0	0,0,0,0,0,0,0	0	43,43,43,43,43	0,0,0	0-0	0
I	30225	40	1	22	22	63	Легендарная регалия интеллекта	expensive_charm1_1	0,0,0,0,0,0,0	0,0,0,36,0,0,0	0	0,0,0,0,0	0,0,0	0-0	0
I	30223	40	1	22	22	63	Легендарная регалия ловкости	expensive_charm5_5	0,0,0,0,0,0,0	0,36,0,0,0,0,0	0	0,0,0,0,0	0,0,0	0-0	0
I	30226	40	1	22	22	63	Легендарная регалия мудрости	expensive_charm6_6	0,0,0,0,0,0,0	0,0,0,0,36,0,0	0	0,0,0,0,0	0,0,0	0-0	0
I	30228	40	1	22	22	63	Легендарная регалия реакции	expensive_charm3_3	0,0,0,0,0,0,0	0,0,0,0,0,0,36	0	0,0,0,0,0	0,0,0	0-0	0
I	30222	40	1	22	22	63	Легендарная регалия силы	expensive_charm2_2	0,0,0,0,0,0,0	36,0,0,0,0,0,0	0	0,0,0,0,0	0,0,0	0-0	0
I	30224	40	1	22	22	63	Легендарная регалия сложения	expensive_charm4_4	0,0,0,0,0,0,0	0,0,36,0,0,0,0	0	0,0,0,0,0	0,0,0	0-0	0
I	30227	40	1	22	22	63	Легендарная регалия удачи	expensive_charm8_8	0,0,0,0,0,0,0	0,0,0,0,0,36,0	0	0,0,0,0,0	0,0,0	0-0	0
I	30316	40	2	22	22	63	Зачарованный клейнод ЗоМ	charm24_1	0,0,0,0,0,0,0	0,0,0,0,0,0,0	2	0,0,0,0,0	65,65,65	0-0	0
I	30315	40	2	22	22	63	Зачарованный клейнод брони	charm24_2	0,0,0,0,0,0,0	0,0,0,0,0,0,0	2	70,70,70,70,70	0,0,0	0-0	0
I	30311	40	2	22	22	63	Зачарованный клейнод интеллекта	charm24_9	0,0,0,0,0,0,0	0,0,0,60,0,0,0	6	0,0,0,0,0	0,0,0	0-0	0
I	30309	40	2	22	22	63	Зачарованный клейнод ловкости	charm24_4	0,0,0,0,0,0,0	0,60,0,0,0,0,0	6	0,0,0,0,0	0,0,0	0-0	0
I	30312	40	2	22	22	63	Зачарованный клейнод мудрости	charm24_5	0,0,0,0,0,0,0	0,0,0,0,60,0,0	6	0,0,0,0,0	0,0,0	0-0	0
I	30314	40	2	22	22	63	Зачарованный клейнод реакции	charm24_7	0,0,0,0,0,0,0	0,0,0,0,0,0,60	6	0,0,0,0,0	0,0,0	0-0	0
I	30308	40	2	22	22	63	Зачарованный клейнод силы	charm24_6	0,0,0,0,0,0,0	60,0,0,0,0,0,0	6	0,0,0,0,0	0,0,0	0-0	0
I	30310	40	2	22	22	63	Зачарованный клейнод сложения	charm24_8	0,0,0,0,0,0,0	0,0,60,0,0,0,0	6	0,0,0,0,0	0,0,0	0-0	0
I	30313	40	2	22	22	63	Зачарованный клейнод удачи	charm24_3	0,0,0,0,0,0,0	0,0,0,0,0,60,0	6	0,0,0,0,0	0,0,0	0-0	0
I	30325	40	2	22	22	63	Легендарный клейнод ЗоМ	charm25_1	0,0,0,0,0,0,0	0,0,0,0,0,0,0	3	0,0,0,0,0	80,80,80	0-0	0
I	30324	40	2	22	22	63	Легендарный клейнод брони	charm25_2	0,0,0,0,0,0,0	0,0,0,0,0,0,0	3	88,88,88,88,88	0,0,0	0-0	0
I	30320	40	2	22	22	63	Легендарный клейнод интеллекта	charm25_9	0,0,0,0,0,0,0	0,0,0,75,0,0,0	8	0,0,0,0,0	0,0,0	0-0	0
I	30318	40	2	22	22	63	Легендарный клейнод ловкости	charm25_4	0,0,0,0,0,0,0	0,75,0,0,0,0,0	8	0,0,0,0,0	0,0,0	0-0	0
I	30321	40	2	22	22	63	Легендарный клейнод мудрости	charm25_5	0,0,0,0,0,0,0	0,0,0,0,75,0,0	8	0,0,0,0,0	0,0,0	0-0	0
I	30323	40	2	22	22	63	Легендарный клейнод реакции	charm25_7	0,0,0,0,0,0,0	0,0,0,0,0,0,75	8	0,0,0,0,0	0,0,0	0-0	0
I	30317	40	2	22	22	63	Легендарный клейнод силы	charm25_6	0,0,0,0,0,0,0	75,0,0,0,0,0,0	8	0,0,0,0,0	0,0,0	0-0	0
I	30319	40	2	22	22	63	Легендарный клейнод сложения	charm25_8	0,0,0,0,0,0,0	0,0,75,0,0,0,0	8	0,0,0,0,0	0,0,0	0-0	0
I	30322	40	2	22	22	63	Легендарный клейнод удачи	charm25_3	0,0,0,0,0,0,0	0,0,0,0,0,75,0	8	0,0,0,0,0	0,0,0	0-0	0
I	30274	40	2	22	22	63	Простой клейнод ЗоМ	charm23_1	0,0,0,0,0,0,0	0,0,0,0,0,0,0	0	0,0,0,0,0	54,54,54	0-0	0
I	30273	40	2	22	22	63	Простой клейнод брони	charm23_2	0,0,0,0,0,0,0	0,0,0,0,0,0,0	0	58,58,58,58,58	0,0,0	0-0	0
I	30269	40	2	22	22	63	Простой клейнод интеллекта	charm23_9	0,0,0,0,0,0,0	0,0,0,48,0,0,0	5	0,0,0,0,0	0,0,0	0-0	0
I	30267	40	2	22	22	63	Простой клейнод ловкости	charm23_4	0,0,0,0,0,0,0	0,48,0,0,0,0,0	5	0,0,0,0,0	0,0,0	0-0	0
I	30270	40	2	22	22	63	Простой клейнод мудрости	charm23_5	0,0,0,0,0,0,0	0,0,0,0,48,0,0	5	0,0,0,0,0	0,0,0	0-0	0
I	30272	40	2	22	22	63	Простой клейнод реакции	charm23_7	0,0,0,0,0,0,0	0,0,0,0,0,0,48	5	0,0,0,0,0	0,0,0	0-0	0
I	30266	40	2	22	22	63	Простой клейнод силы	charm23_6	0,0,0,0,0,0,0	48,0,0,0,0,0,0	5	0,0,0,0,0	0,0,0	0-0	0
I	30268	40	2	22	22	63	Простой клейнод сложения	charm23_8	0,0,0,0,0,0,0	0,0,48,0,0,0,0	5	0,0,0,0,0	0,0,0	0-0	0
I	30271	40	2	22	22	63	Простой клейнод удачи	charm23_3	0,0,0,0,0,0,0	0,0,0,0,0,48,0	5	0,0,0,0,0	0,0,0	0-0	0
I	30362	40	5	22	22	2	Оскверненная реликвия Агрессора	sea_charm	98,0,90,0,0,94,0	55,0,0,0,0,55,55	4	0,0,0,0,0	0,0,0	0-0	0
I	30365	40	5	22	22	16	Оскверненная реликвия Апостола	sea_charm	90,0,84,87,0,20,0	55,0,55,0,55,0,0	4	0,0,0,0,0	0,0,0	0-0	0
I	30355	40	5	22	22	1	Оскверненная реликвия Асcасина	sea_charm	60,90,48,0,0,82,0	55,55,0,0,0,55,0	4	0,0,0,0,0	0,0,0	0-0	0
I	30364	40	5	22	22	8	Оскверненная реликвия Великана	sea_charm	70,0,110,0,0,52,53	55,0,55,0,0,0,55	4	0,0,0,0,0	0,0,0	0-0	0
I	30363	40	5	22	22	4	Оскверненная реликвия Воеводы	sea_charm	20,0,89,0,0,88,88	0,0,55,0,0,55,55	4	0,0,0,0,0	0,0,0	0-0	0
I	30366	40	5	22	22	32	Оскверненная реликвия Волшебника	sea_charm	0,0,63,103,111,0,0	0,0,55,55,55,0,0	4	0,0,0,0,0	0,0,0	0-0	0
I	30360	40	5	22	22	32	Оскверненная реликвия Колдуна	sea_charm	0,0,63,103,111,0,0	0,0,55,55,55,0,0	4	0,0,0,0,0	0,0,0	0-0	0
I	30358	40	5	22	22	8	Оскверненная реликвия Колосса	sea_charm	70,0,110,0,0,52,53	55,0,55,0,0,0,55	4	0,0,0,0,0	0,0,0	0-0	0
I	30361	40	5	22	22	1	Оскверненная реликвия Конкистадора	sea_charm	60,90,48,0,0,82,0	55,55,0,0,0,55,0	4	0,0,0,0,0	0,0,0	0-0	0
I	30357	40	5	22	22	4	Оскверненная реликвия Маршала	sea_charm	20,0,89,0,0,88,88	0,0,55,0,0,55,55	4	0,0,0,0,0	0,0,0	0-0	0
I	30356	40	5	22	22	2	Оскверненная реликвия Узурпатора	sea_charm	98,0,90,0,0,94,0	55,0,0,0,0,55,55	4	0,0,0,0,0	0,0,0	0-0	0
I	30359	40	5	22	22	16	Оскверненная реликвия Шамана	sea_charm	90,0,84,87,0,20,0	55,0,55,0,55,0,0	4	0,0,0,0,0	0,0,0	0-0	0
I	30395	40	7	22	22	4	Ратный клейнод Воеводы	charm_shield20+	0,0,0,0,0,0,0	0,0,36,0,0,55,55	8	0,0,0,0,0	0,0,0	0-0	0
I	30389	40	7	22	22	4	Ратный клейнод Воеводы	charm_shield20+	0,0,0,0,0,0,0	0,0,36,0,0,55,55	10	0,0,0,0,0	30,30,28	0-0	0
I	30398	40	7	22	22	32	Ратный клейнод Волхва	charm_mage20+	0,0,0,0,0,0,0	0,0,36,55,55,0,0	8	0,0,0,0,0	0,0,0	0-0	0
I	30392	40	7	22	22	32	Ратный клейнод Волхва	charm_mage20+	0,0,0,0,0,0,0	0,0,36,55,55,0,0	10	0,0,0,0,0	30,30,28	0-0	0
I	30393	40	7	22	22	1	Ратный клейнод Конкистадора	charm_rang20+	0,0,0,0,0,0,0	36,55,0,0,0,55,0	8	0,0,0,0,0	0,0,0	0-0	0
I	30387	40	7	22	22	1	Ратный клейнод Конкистадора	charm_rang20+	0,0,0,0,0,0,0	36,55,0,0,0,55,0	10	0,0,0,0,0	30,30,28	0-0	0
I	30397	40	7	22	22	16	Ратный клейнод Кровавого Прелата	charm_priest20+	0,0,0,0,0,0,0	55,0,36,55,0,0,0	8	0,0,0,0,0	0,0,0	0-0	0
I	30391	40	7	22	22	16	Ратный клейнод Кровавого Прелата	charm_priest20+	0,0,0,0,0,0,0	55,0,36,55,0,0,0	10	0,0,0,0,0	30,30,28	0-0	0
I	30394	40	7	22	22	2	Ратный клейнод Северного Вандала	charm_var20+	0,0,0,0,0,0,0	55,0,36,0,0,55,0	8	0,0,0,0,0	0,0,0	0-0	0
I	30388	40	7	22	22	2	Ратный клейнод Северного Вандала	charm_var20+	0,0,0,0,0,0,0	55,0,36,0,0,55,0	10	0,0,0,0,0	30,30,28	0-0	0
I	30396	40	7	22	22	8	Ратный клейнод Серебряного Зубра	charm_djag20+	0,0,0,0,0,0,0	36,0,55,0,0,0,55	8	0,0,0,0,0	0,0,0	0-0	0
I	30390	40	7	22	22	8	Ратный клейнод Серебряного Зубра	charm_djag20+	0,0,0,0,0,0,0	36,0,55,0,0,0,55	10	0,0,0,0,0	30,30,28	0-0	0
I	30336	40	2	23	23	63	Великолепный клейнод ЗоМ	charm26_1	0,0,0,0,0,0,0	0,0,0,0,0,0,0	5	0,0,0,0,0	105,105,105	0-0	0
I	30335	40	2	23	23	63	Великолепный клейнод брони	charm26_2	0,0,0,0,0,0,0	0,0,0,0,0,0,0	5	120,120,120,120,120	0,0,0	0-0	0
I	30331	40	2	23	23	63	Великолепный клейнод интеллекта	charm26_9	0,0,0,0,0,0,0	0,0,0,100,0,0,0	10	0,0,0,0,0	0,0,0	0-0	0
I	30329	40	2	23	23	63	Великолепный клейнод ловкости	charm26_4	0,0,0,0,0,0,0	0,100,0,0,0,0,0	10	0,0,0,0,0	0,0,0	0-0	0
I	30332	40	2	23	23	63	Великолепный клейнод мудрости	charm26_5	0,0,0,0,0,0,0	0,0,0,0,100,0,0	10	0,0,0,0,0	0,0,0	0-0	0
I	30334	40	2	23	23	63	Великолепный клейнод реакции	charm26_7	0,0,0,0,0,0,0	0,0,0,0,0,0,100	10	0,0,0,0,0	0,0,0	0-0	0
I	30328	40	2	23	23	63	Великолепный клейнод силы	charm26_6	0,0,0,0,0,0,0	100,0,0,0,0,0,0	10	0,0,0,0,0	0,0,0	0-0	0
I	30330	40	2	23	23	63	Великолепный клейнод сложения	charm26_8	0,0,0,0,0,0,0	0,0,100,0,0,0,0	10	0,0,0,0,0	0,0,0	0-0	0
I	30333	40	2	23	23	63	Великолепный клейнод удачи	charm26_3	0,0,0,0,0,0,0	0,0,0,0,0,100,0	10	0,0,0,0,0	0,0,0	0-0	0
I	30375	40	2	23	23	63	Превосходный клейнод ЗоМ	charm28_1	0,0,0,0,0,0,0	0,0,0,0,0,0,0	7	0,0,0,0,0	158,158,158	0-0	0
I	30374	40	2	23	23	63	Превосходный клейнод брони	charm28_2	0,0,0,0,0,0,0	0,0,0,0,0,0,0	7	180,180,180,180,180	0,0,0	0-0	0
I	30370	40	2	23	23	63	Превосходный клейнод интеллекта	charm28_9	0,0,0,0,0,0,0	0,0,0,150,0,0,0	10	0,0,0,0,0	0,0,0	0-0	0
I	30368	40	2	23	23	63	Превосходный клейнод ловкости	charm28_4	0,0,0,0,0,0,0	0,150,0,0,0,0,0	10	0,0,0,0,0	0,0,0	0-0	0
I	30371	40	2	23	23	63	Превосходный клейнод мудрости	charm28_5	0,0,0,0,0,0,0	0,0,0,0,150,0,0	10	0,0,0,0,0	0,0,0	0-0	0
I	30373	40	2	23	23	63	Превосходный клейнод реакции	charm28_7	0,0,0,0,0,0,0	0,0,0,0,0,0,150	10	0,0,0,0,0	0,0,0	0-0	0
I	30367	40	2	23	23	63	Превосходный клейнод силы	charm28_6	0,0,0,0,0,0,0	150,0,0,0,0,0,0	10	0,0,0,0,0	0,0,0	0-0	0
I	30369	40	2	23	23	63	Превосходный клейнод сложения	charm28_8	0,0,0,0,0,0,0	0,0,150,0,0,0,0	10	0,0,0,0,0	0,0,0	0-0	0
I	30372	40	2	23	23	63	Превосходный клейнод удачи	charm28_3	0,0,0,0,0,0,0	0,0,0,0,0,150,0	10	0,0,0,0,0	0,0,0	0-0	0
I	30353	40	2	23	23	63	Роскошный клейнод ЗоМ	charm27_1	0,0,0,0,0,0,0	0,0,0,0,0,0,0	5	0,0,0,0,0	131,131,131	0-0	0
I	30352	40	2	23	23	63	Роскошный клейнод брони	charm27_2	0,0,0,0,0,0,0	0,0,0,0,0,0,0	5	150,150,150,150,150	0,0,0	0-0	0
I	30348	40	2	23	23	63	Роскошный клейнод интеллекта	charm27_9	0,0,0,0,0,0,0	0,0,0,125,0,0,0	10	0,0,0,0,0	0,0,0	0-0	0
I	30346	40	2	23	23	63	Роскошный клейнод ловкости	charm27_4	0,0,0,0,0,0,0	0,125,0,0,0,0,0	10	0,0,0,0,0	0,0,0	0-0	0
I	30349	40	2	23	23	63	Роскошный клейнод мудрости	charm27_5	0,0,0,0,0,0,0	0,0,0,0,125,0,0	10	0,0,0,0,0	0,0,0	0-0	0
I	30351	40	2	23	23	63	Роскошный клейнод реакции	charm27_7	0,0,0,0,0,0,0	0,0,0,0,0,0,125	10	0,0,0,0,0	0,0,0	0-0	0
I	30345	40	2	23	23	63	Роскошный клейнод силы	charm27_6	0,0,0,0,0,0,0	125,0,0,0,0,0,0	10	0,0,0,0,0	0,0,0	0-0	0
I	30347	40	2	23	23	63	Роскошный клейнод сложения	charm27_8	0,0,0,0,0,0,0	0,0,125,0,0,0,0	10	0,0,0,0,0	0,0,0	0-0	0
I	30350	40	2	23	23	63	Роскошный клейнод удачи	charm27_3	0,0,0,0,0,0,0	0,0,0,0,0,125,0	10	0,0,0,0,0	0,0,0	0-0	0
I	80670	55	9	1	1	0	Серьга Концентрация +5%	image_ear16	0,0,0,0,0,0,0	0,0,0,0,0,0,0	0	0,0,0,0,0	0,0,0	0-0	0
I	80051	55	1	8	8	63	Простая серьга брони	image_ear1	0,0,0,0,0,0,0	0,0,0,0,0,0,0	0	9,9,9,9,9	0,0,0	0-0	0
I	80052	55	1	8	8	63	Простая серьга защиты от магии	image_ear1	0,0,0,0,0,0,0	0,0,0,0,0,0,0	0	0,0,0,0,0	6,6,6	0-0	0
I	80004	55	1	8	8	63	Простая серьга интеллекта	image_ear1	0,0,0,0,0,0,0	0,0,0,10,0,0,0	0	0,0,0,0,0	0,0,0	0-0	0
I	80002	55	1	8	8	63	Простая серьга ловкости	image_ear1	0,0,0,0,0,0,0	0,10,0,0,0,0,0	0	0,0,0,0,0	0,0,0	0-0	0
I	80005	55	1	8	8	63	Простая серьга мудрости	image_ear1	0,0,0,0,0,0,0	0,0,0,0,10,0,0	0	0,0,0,0,0	0,0,0	0-0	0
I	80007	55	1	8	8	63	Простая серьга реакции	image_ear1	0,0,0,0,0,0,0	0,0,0,0,0,0,10	0	0,0,0,0,0	0,0,0	0-0	0
I	80001	55	1	8	8	63	Простая серьга силы	image_ear1	0,0,0,0,0,0,0	10,0,0,0,0,0,0	0	0,0,0,0,0	0,0,0	0-0	0
I	80003	55	1	8	8	63	Простая серьга сложения	image_ear1	0,0,0,0,0,0,0	0,0,10,0,0,0,0	0	0,0,0,0,0	0,0,0	0-0	0
I	80006	55	1	8	8	63	Простая серьга удачи	image_ear1	0,0,0,0,0,0,0	0,0,0,0,0,10,0	0	0,0,0,0,0	0,0,0	0-0	0
I	80669	55	5	8	8	63	Праздничная Серьга	image_ear17	0,0,0,0,0,0,0	0,0,0,0,0,0,0	0	10,10,10,10,10	25,25,15	0-0	0
I	80053	55	1	11	11	63	Сказочная серьга брони	image_ear5	0,0,0,0,0,0,0	0,0,0,0,0,0,0	0	14,14,14,14,14	0,0,0	0-0	0
I	80054	55	1	11	11	63	Сказочная серьга защиты от магии	image_ear5	0,0,0,0,0,0,0	0,0,0,0,0,0,0	0	0,0,0,0,0	9,9,9	0-0	0
I	80011	55	1	11	11	63	Сказочная серьга интеллекта	image_ear5	0,0,0,0,0,0,0	0,0,0,15,0,0,0	0	0,0,0,0,0	0,0,0	0-0	0
I	80009	55	1	11	11	63	Сказочная серьга ловкости	image_ear5	0,0,0,0,0,0,0	0,15,0,0,0,0,0	0	0,0,0,0,0	0,0,0	0-0	0
I	80012	55	1	11	11	63	Сказочная серьга мудрости	image_ear5	0,0,0,0,0,0,0	0,0,0,0,15,0,0	0	0,0,0,0,0	0,0,0	0-0	0
I	80014	55	1	11	11	63	Сказочная серьга реакции	image_ear5	0,0,0,0,0,0,0	0,0,0,0,0,0,15	0	0,0,0,0,0	0,0,0	0-0	0
I	80008	55	1	11	11	63	Сказочная серьга силы	image_ear5	0,0,0,0,0,0,0	15,0,0,0,0,0,0	0	0,0,0,0,0	0,0,0	0-0	0
I	80010	55	1	11	11	63	Сказочная серьга сложения	image_ear5	0,0,0,0,0,0,0	0,0,15,0,0,0,0	0	0,0,0,0,0	0,0,0	0-0	0
I	80013	55	1	11	11	63	Сказочная серьга удачи	image_ear5	0,0,0,0,0,0,0	0,0,0,0,0,15,0	0	0,0,0,0,0	0,0,0	0-0	0
I	80062	55	1	14	14	63	Зачарованная серьга брони	image_ear6	0,0,0,0,0,0,0	0,0,0,0,0,0,0	0	24,24,24,24,24	0,0,0	0-0	0
I	80061	55	1	14	14	63	Зачарованная серьга защиты от магии	image_ear6	0,0,0,0,0,0,0	0,0,0,0,0,0,0	0	0,0,0,0,0	15,15,15	0-0	0
I	80018	55	1	14	14	63	Зачарованная серьга интеллекта	image_ear6	0,0,0,0,0,0,0	0,0,0,25,0,0,0	0	0,0,0,0,0	0,0,0	0-0	0
I	80016	55	1	14	14	63	Зачарованная серьга ловкости	image_ear6	0,0,0,0,0,0,0	0,25,0,0,0,0,0	0	0,0,0,0,0	0,0,0	0-0	0
I	80019	55	1	14	14	63	Зачарованная серьга мудрости	image_ear6	0,0,0,0,0,0,0	0,0,0,0,25,0,0	0	0,0,0,0,0	0,0,0	0-0	0
I	80021	55	1	14	14	63	Зачарованная серьга реакции	image_ear6	0,0,0,0,0,0,0	0,0,0,0,0,0,25	0	0,0,0,0,0	0,0,0	0-0	0
I	80015	55	1	14	14	63	Зачарованная серьга силы	image_ear6	0,0,0,0,0,0,0	25,0,0,0,0,0,0	0	0,0,0,0,0	0,0,0	0-0	0
I	80017	55	1	14	14	63	Зачарованная серьга сложения	image_ear6	0,0,0,0,0,0,0	0,0,25,0,0,0,0	0	0,0,0,0,0	0,0,0	0-0	0
I	80020	55	1	14	14	63	Зачарованная серьга удачи	image_ear6	0,0,0,0,0,0,0	0,0,0,0,0,25,0	0	0,0,0,0,0	0,0,0	0-0	0
I	80040	55	2	14	14	63	Зачарованная серьга живучести	image_ear10	0,0,0,0,0,0,0	11,0,11,0,0,0,11	0	0,0,0,0,0	0,0,0	0-0	0
I	80038	55	2	14	14	63	Зачарованная серьга магии	image_ear10	0,0,0,0,0,0,0	0,0,11,11,11,0,0	0	0,0,0,0,0	0,0,0	0-0	0
I	80039	55	2	14	14	63	Зачарованная серьга урона	image_ear10	0,0,0,0,0,0,0	11,11,0,0,0,11,0	0	0,0,0,0,0	0,0,0	0-0	0
I	80036	55	3	14	14	63	Редкая серьга брони	image_ear13	0,0,0,0,0,0,0	0,0,0,0,0,0,0	0	40,40,40,40,40	0,0,0	0-0	0
I	80037	55	3	14	14	63	Редкая серьга защиты от магии	image_ear13	0,0,0,0,0,0,0	0,0,0,0,0,0,0	0	0,0,0,0,0	25,25,25	0-0	0
I	80401	55	5	14	14	63	Cерьга Св.Валентина	image_earV	0,0,0,0,0,0,0	0,0,50,0,0,0,0	5	0,0,0,0,0	0,0,0	0-0	0
I	80615	55	6	14	14	63	Серьга Атака +1%	image_ear2	0,0,0,0,0,0,0	0,0,0,0,0,0,0	0	0,0,0,0,0	0,0,0	0-0	0
I	80609	55	6	14	14	63	Серьга Вампиризм +1%	image_ear19	0,0,0,0,0,0,0	0,0,0,0,0,0,0	0	0,0,0,0,0	0,0,0	0-0	0
I	80618	55	6	14	14	63	Серьга Владение щитом +1%	image_ear21	0,0,0,0,0,0,0	0,0,0,0,0,0,0	0	0,0,0,0,0	0,0,0	0-0	0
I	80600	55	6	14	14	63	Серьга Воин добра +5%	image_ear24	0,0,0,0,0,0,0	0,0,0,0,0,0,0	0	0,0,0,0,0	0,0,0	0-0	0
I	80603	55	6	14	14	63	Серьга Воин зла +5%	image_ear23	0,0,0,0,0,0,0	0,0,0,0,0,0,0	0	0,0,0,0,0	0,0,0	0-0	0
I	80612	55	6	14	14	63	Серьга Защита +1%	image_ear3	0,0,0,0,0,0,0	0,0,0,0,0,0,0	0	0,0,0,0,0	0,0,0	0-0	0
I	80630	55	6	14	14	63	Серьга Исцеление +1%	image_ear4	0,0,0,0,0,0,0	0,0,0,0,0,0,0	0	0,0,0,0,0	0,0,0	0-0	0
I	80621	55	6	14	14	63	Серьга Критический удар +1%	image_ear22	0,0,0,0,0,0,0	0,0,0,0,0,0,0	0	0,0,0,0,0	0,0,0	0-0	0
I	80624	55	6	14	14	63	Серьга Отклонение стрел +1%	image_ear25	0,0,0,0,0,0,0	0,0,0,0,0,0,0	0	0,0,0,0,0	0,0,0	0-0	0
I	80627	55	6	14	14	63	Серьга Проникновение +1%	image_ear26	0,0,0,0,0,0,0	0,0,0,0,0,0,0	0	0,0,0,0,0	0,0,0	0-0	0
I	80606	55	6	14	14	63	Серьга Регенерация +1%	image_ear4	0,0,0,0,0,0,0	0,0,0,0,0,0,0	0	0,0,0,0,0	0,0,0	0-0	0
I	80633	55	6	14	14	63	Серьга Сопротивление магии +1%	image_ear20	0,0,0,0,0,0,0	0,0,0,0,0,0,0	0	0,0,0,0,0	0,0,0	0-0	0
I	80597	55	6	14	14	63	Серьга Шаманизм +5%	image_ear37	0,0,0,0,0,0,0	0,0,0,0,0,0,0	0	0,0,0,0,0	0,0,0	0-0	0
I	80768	55	7	16	16	4	Серёжка гордости	image_ear50	0,0,59,0,0,48,50	0,0,25,3,3,20,23	1	19,19,19,19,19	20,20,19	0-0	0
I	80766	55	7	16	16	1	Серёжка мстителя	image_ear54	29,60,20,0,0,49,0	10,25,10,2,2,20,5	1	19,19,19,19,19	20,20,19	0-0	0
I	80769	55	7	16	16	8	Серёжка непреклонного	image_ear55	45,0,76,0,0,15,31	20,0,25,3,3,0,23	1	19,19,19,19,19	20,20,19	0-0	0
I	80770	55	7	16	16	16	Серёжка оракула	image_ear52	51,0,52,54,0,0,0	20,0,20,17,17,0,0	1	19,19,19,19,19	20,20,19	0-0	0
I	80767	55	7	16	16	2	Серёжка палача	image_ear51	61,0,48,0,0,55,0	25,0,15,2,2,20,10	1	19,19,19,19,19	20,20,19	0-0	0
I	80771	55	7	16	16	32	Серёжка пророка	image_ear53	0,0,30,68,73,0,0	0,0,20,27,24,0,0	1	19,19,19,19,19	20,20,19	0-0	0
I	80055	55	1	17	17	63	Чудесная серьга брони	image_ear7	0,0,0,0,0,0,0	0,0,0,0,0,0,0	0	36,36,36,36,36	0,0,0	0-0	0
I	80056	55	1	17	17	63	Чудесная серьга защиты от магии	image_ear7	0,0,0,0,0,0,0	0,0,0,0,0,0,0	0	0,0,0,0,0	22,22,22	0-0	0
I	80025	55	1	17	17	63	Чудесная серьга интеллекта	image_ear7	0,0,0,0,0,0,0	0,0,0,40,0,0,0	0	0,0,0,0,0	0,0,0	0-0	0
I	80023	55	1	17	17	63	Чудесная серьга ловкости	image_ear7	0,0,0,0,0,0,0	0,40,0,0,0,0,0	0	0,0,0,0,0	0,0,0	0-0	0
I	80026	55	1	17	17	63	Чудесная серьга мудрости	image_ear7	0,0,0,0,0,0,0	0,0,0,0,40,0,0	0	0,0,0,0,0	0,0,0	0-0	0
I	80028	55	1	17	17	63	Чудесная серьга реакции	image_ear7	0,0,0,0,0,0,0	0,0,0,0,0,0,40	0	0,0,0,0,0	0,0,0	0-0	0
I	80022	55	1	17	17	63	Чудесная серьга силы	image_ear7	0,0,0,0,0,0,0	40,0,0,0,0,0,0	0	0,0,0,0,0	0,0,0	0-0	0
I	80024	55	1	17	17	63	Чудесная серьга сложения	image_ear7	0,0,0,0,0,0,0	0,0,40,0,0,0,0	0	0,0,0,0,0	0,0,0	0-0	0
I	80027	55	1	17	17	63	Чудесная серьга удачи	image_ear7	0,0,0,0,0,0,0	0,0,0,0,0,40,0	0	0,0,0,0,0	0,0,0	0-0	0
I	80616	55	2	17	17	63	Серьга Атака +3%	image_ear2	0,0,0,0,0,0,0	0,0,0,0,0,0,0	0	0,0,0,0,0	0,0,0	0-0	0
I	80610	55	2	17	17	63	Серьга Вампиризм +2%	image_ear19	0,0,0,0,0,0,0	0,0,0,0,0,0,0	0	0,0,0,0,0	0,0,0	0-0	0
I	80619	55	2	17	17	63	Серьга Владение щитом +2%	image_ear21	0,0,0,0,0,0,0	0,0,0,0,0,0,0	0	0,0,0,0,0	0,0,0	0-0	0
I	80601	55	2	17	17	63	Серьга Воин добра +10%	image_ear24	0,0,0,0,0,0,0	0,0,0,0,0,0,0	0	0,0,0,0,0	0,0,0	0-0	0
I	80604	55	2	17	17	63	Серьга Воин зла +10%	image_ear23	0,0,0,0,0,0,0	0,0,0,0,0,0,0	0	0,0,0,0,0	0,0,0	0-0	0
I	80613	55	2	17	17	63	Серьга Защита +3%	image_ear3	0,0,0,0,0,0,0	0,0,0,0,0,0,0	0	0,0,0,0,0	0,0,0	0-0	0
I	80631	55	2	17	17	63	Серьга Исцеление +2%	image_ear4	0,0,0,0,0,0,0	0,0,0,0,0,0,0	0	0,0,0,0,0	0,0,0	0-0	0
I	80622	55	2	17	17	63	Серьга Критический удар +2%	image_ear22	0,0,0,0,0,0,0	0,0,0,0,0,0,0	0	0,0,0,0,0	0,0,0	0-0	0
I	80625	55	2	17	17	63	Серьга Отклонение стрел +3%	image_ear25	0,0,0,0,0,0,0	0,0,0,0,0,0,0	0	0,0,0,0,0	0,0,0	0-0	0
I	80628	55	2	17	17	63	Серьга Проникновение +3%	image_ear26	0,0,0,0,0,0,0	0,0,0,0,0,0,0	0	0,0,0,0,0	0,0,0	0-0	0
I	80607	55	2	17	17	63	Серьга Регенерация +2%	image_ear4	0,0,0,0,0,0,0	0,0,0,0,0,0,0	0	0,0,0,0,0	0,0,0	0-0	0
I	80634	55	2	17	17	63	Серьга Сопротивление магии +3%	image_ear20	0,0,0,0,0,0,0	0,0,0,0,0,0,0	0	0,0,0,0,0	0,0,0	0-0	0
I	80598	55	2	17	17	63	Серьга Шаманизм +10%	image_ear37	0,0,0,0,0,0,0	0,0,0,0,0,0,0	0	0,0,0,0,0	0,0,0	0-0	0
I	80043	55	3	17	17	63	Редкая серьга живучести	image_ear14	0,0,0,0,0,0,0	24,0,24,0,0,0,24	0	0,0,0,0,0	0,0,0	0-0	0
I	80041	55	3	17	17	63	Редкая серьга магии	image_ear14	0,0,0,0,0,0,0	0,0,24,24,24,0,0	0	0,0,0,0,0	0,0,0	0-0	0
I	80042	55	3	17	17	63	Редкая серьга урона	image_ear14	0,0,0,0,0,0,0	24,24,0,0,0,24,0	0	0,0,0,0,0	0,0,0	0-0	0
I	80400	55	5	18	18	0	Модераторская серьга	image_ear18	0,0,0,0,0,0,0	50,50,0,0,0,50,0	10	25,25,25,25,25	20,20,20	0-0	0
I	80402	55	5	18	18	0	Модераторская серьга	image_ear18	0,0,0,0,0,0,0	50,0,25,0,0,50,25	10	25,25,25,25,25	20,20,20	0-0	0
I	80762	55	5	18	18	0	Модераторская серьга	image_ear18	0,0,0,0,0,0,0	0,0,50,0,0,50,50	10	25,25,25,25,25	20,20,20	0-0	0
I	80763	55	5	18	18	0	Модераторская серьга	image_ear18	0,0,0,0,0,0,0	50,0,50,0,0,0,50	10	25,25,25,25,25	20,20,20	0-0	0
I	80764	55	5	18	18	0	Модераторская серьга	image_ear18	0,0,0,0,0,0,0	25,0,50,50,25,0,0	10	25,25,25,25,25	20,20,20	0-0	0
I	80765	55	5	18	18	0	Модераторская серьга	image_ear18	0,0,0,0,0,0,0	0,0,50,50,50,0,0	10	25,25,25,25,25	20,20,20	0-0	0
I	80662	55	2	19	19	63	Чудесная серьга живучести	image_ear11	0,0,0,0,0,0,0	25,0,25,0,0,0,25	0	0,0,0,0,0	0,0,0	0-0	0
I	80660	55	2	19	19	63	Чудесная серьга магии	image_ear11	0,0,0,0,0,0,0	0,0,25,25,25,0,0	0	0,0,0,0,0	0,0,0	0-0	0
I	80661	55	2	19	19	63	Чудесная серьга урона	image_ear11	0,0,0,0,0,0,0	25,25,0,0,0,25,0	0	0,0,0,0,0	0,0,0	0-0	0
I	80776	55	7	19	19	16	Серёжка Апостола	image_ear46	70,0,62,69,0,0,0	30,0,30,35,25,0,0	4	0,0,0,0,0	25,25,22	0-0	0
I	80772	55	7	19	19	1	Серёжка Лесного Сумрака	image_ear49	44,73,36,0,0,64,0	25,35,15,5,5,35,0	4	0,0,0,0,0	25,25,22	0-0	0
I	80775	55	7	19	19	8	Серёжка Лиловых Теней	image_ear45	55,0,94,0,0,35,38	30,0,40,5,10,0,35	4	0,0,0,0,0	25,25,22	0-0	0
I	80777	55	7	19	19	32	Серёжка Чудотворца	image_ear47	0,0,46,85,90,0,0	0,0,40,40,40,0,0	4	0,0,0,0,0	25,25,22	0-0	0
I	80773	55	7	19	19	2	Серёжка кровожадности	image_ear48	78,0,71,0,0,69,0	35,15,25,5,5,35,0	4	0,0,0,0,0	25,25,22	0-0	0
I	80774	55	7	19	19	4	Серёжка полудня	image_ear44	20,0,69,0,0,68,67	0,0,35,5,10,35,35	4	0,0,0,0,0	25,25,22	0-0	0
I	80057	55	1	20	20	63	Легендарная серьга брони	image_ear8	0,0,0,0,0,0,0	0,0,0,0,0,0,0	0	60,60,60,60,60	0,0,0	0-0	0
I	80058	55	1	20	20	63	Легендарная серьга защиты от магии	image_ear8	0,0,0,0,0,0,0	0,0,0,0,0,0,0	0	0,0,0,0,0	33,33,33	0-0	0
I	80032	55	1	20	20	63	Легендарная серьга интеллекта	image_ear8	0,0,0,0,0,0,0	0,0,0,65,0,0,0	0	0,0,0,0,0	0,0,0	0-0	0
I	80030	55	1	20	20	63	Легендарная серьга ловкости	image_ear8	0,0,0,0,0,0,0	0,65,0,0,0,0,0	0	0,0,0,0,0	0,0,0	0-0	0
I	80033	55	1	20	20	63	Легендарная серьга мудрости	image_ear8	0,0,0,0,0,0,0	0,0,0,0,65,0,0	0	0,0,0,0,0	0,0,0	0-0	0
I	80035	55	1	20	20	63	Легендарная серьга реакции	image_ear8	0,0,0,0,0,0,0	0,0,0,0,0,0,65	0	0,0,0,0,0	0,0,0	0-0	0
I	80029	55	1	20	20	63	Легендарная серьга силы	image_ear8	0,0,0,0,0,0,0	65,0,0,0,0,0,0	0	0,0,0,0,0	0,0,0	0-0	0
I	80031	55	1	20	20	63	Легендарная серьга сложения	image_ear8	0,0,0,0,0,0,0	0,0,65,0,0,0,0	0	0,0,0,0,0	0,0,0	0-0	0
I	80034	55	1	20	20	63	Легендарная серьга удачи	image_ear8	0,0,0,0,0,0,0	0,0,0,0,0,65,0	0	0,0,0,0,0	0,0,0	0-0	0
I	80617	55	2	20	20	63	Серьга Атака +5%	image_ear2	0,0,0,0,0,0,0	0,0,0,0,0,0,0	0	0,0,0,0,0	0,0,0	0-0	0
I	80611	55	2	20	20	63	Серьга Вампиризм +3%	image_ear19	0,0,0,0,0,0,0	0,0,0,0,0,0,0	0	0,0,0,0,0	0,0,0	0-0	0
I	80620	55	2	20	20	63	Серьга Владение щитом +3%	image_ear21	0,0,0,0,0,0,0	0,0,0,0,0,0,0	0	0,0,0,0,0	0,0,0	0-0	0
I	80602	55	2	20	20	63	Серьга Воин добра +15%	image_ear24	0,0,0,0,0,0,0	0,0,0,0,0,0,0	0	0,0,0,0,0	0,0,0	0-0	0
I	80605	55	2	20	20	63	Серьга Воин зла +15%	image_ear23	0,0,0,0,0,0,0	0,0,0,0,0,0,0	0	0,0,0,0,0	0,0,0	0-0	0
I	80614	55	2	20	20	63	Серьга Защита +5%	image_ear3	0,0,0,0,0,0,0	0,0,0,0,0,0,0	0	0,0,0,0,0	0,0,0	0-0	0
I	80632	55	2	20	20	63	Серьга Исцеление +3%	image_ear4	0,0,0,0,0,0,0	0,0,0,0,0,0,0	0	0,0,0,0,0	0,0,0	0-0	0
I	80623	55	2	20	20	63	Серьга Критический удар +3%	image_ear22	0,0,0,0,0,0,0	0,0,0,0,0,0,0	0	0,0,0,0,0	0,0,0	0-0	0
I	80626	55	2	20	20	63	Серьга Отклонение стрел +5%	image_ear25	0,0,0,0,0,0,0	0,0,0,0,0,0,0	0	0,0,0,0,0	0,0,0	0-0	0
I	80629	55	2	20	20	63	Серьга Проникновение +5%	image_ear26	0,0,0,0,0,0,0	0,0,0,0,0,0,0	0	0,0,0,0,0	0,0,0	0-0	0
I	80608	55	2	20	20	63	Серьга Регенерация +3%	image_ear4	0,0,0,0,0,0,0	0,0,0,0,0,0,0	0	0,0,0,0,0	0,0,0	0-0	0
I	80635	55	2	20	20	63	Серьга Сопротивление магии +5%	image_ear20	0,0,0,0,0,0,0	0,0,0,0,0,0,0	0	0,0,0,0,0	0,0,0	0-0	0
I	80599	55	2	20	20	63	Серьга Шаманизм +15%	image_ear37	0,0,0,0,0,0,0	0,0,0,0,0,0,0	0	0,0,0,0,0	0,0,0	0-0	0
I	80665	55	3	20	20	63	Исключительная серьга живучести	image_ear15	0,0,0,0,0,0,0	39,0,39,0,0,0,39	0	0,0,0,0,0	0,0,0	0-0	0
I	80663	55	3	20	20	63	Исключительная серьга магии	image_ear15	0,0,0,0,0,0,0	0,0,39,39,39,0,0	0	0,0,0,0,0	0,0,0	0-0	0
I	80664	55	3	20	20	63	Исключительная серьга урона	image_ear15	0,0,0,0,0,0,0	39,39,0,0,0,39,0	0	0,0,0,0,0	0,0,0	0-0	0
I	80703	55	6	20	20	63	Пиратская серьга живучести	image_ear_p	0,0,0,0,0,0,0	40,0,40,0,0,0,40	4	0,0,0,0,0	0,0,0	0-0	0
I	80701	55	6	20	20	63	Пиратская серьга магии	image_ear_p	0,0,0,0,0,0,0	0,0,40,40,40,0,0	4	0,0,0,0,0	0,0,0	0-0	0
I	80702	55	6	20	20	63	Пиратская серьга урона	image_ear_p	0,0,0,0,0,0,0	40,40,0,0,0,40,0	4	0,0,0,0,0	0,0,0	0-0	0
I	80687	55	8	20	20	0	Клан 1 кат. I место	image_ear35	0,0,0,0,0,0,0	0,0,0,0,0,100,80	10	0,0,0,0,0	0,0,0	0-0	0
I	80688	55	8	20	20	0	Клан 1 кат. I место	image_ear35	0,0,0,0,0,0,0	0,0,100,100,100,0,0	0	0,0,0,0,0	0,0,0	0-0	0
I	80689	55	8	20	20	0	Клан 1 кат. I место	image_ear35	0,0,0,0,0,0,0	0,0,100,80,0,0,0	10	0,0,0,0,0	0,0,0	0-0	0
I	80690	55	8	20	20	0	Клан 1 кат. I место	image_ear35	0,0,0,0,0,0,0	0,0,100,0,80,0,0	10	0,0,0,0,0	0,0,0	0-0	0
I	80704	55	8	20	20	0	Клан 1 кат. I место	image_ear35	0,0,0,0,0,0,0	0,0,0,0,0,100,80	10	0,0,0,0,0	0,0,0	0-0	0
I	80705	55	8	20	20	0	Клан 1 кат. I место	image_ear35	0,0,0,0,0,0,0	40,0,100,0,40,0,0	10	0,0,0,0,0	0,0,0	0-0	0
I	80706	55	8	20	20	0	Клан 1 кат. I место	image_ear35	0,0,0,0,0,0,0	0,0,100,0,80,0,0	10	0,0,0,0,0	0,0,0	0-0	0
I	80718	55	8	20	20	0	Клан 1 кат. I место	image_ear35	0,0,0,0,0,0,0	0,0,80,100,0,0,0	10	0,0,0,0,0	0,0,0	0-0	0
I	80719	55	8	20	20	0	Клан 1 кат. I место	image_ear35	0,0,0,0,0,0,0	0,0,100,0,80,0,0	10	0,0,0,0,0	0,0,0	0-0	0
I	80748	55	8	20	20	0	Клан 1 кат. I место	image_ear35	0,0,0,0,0,0,0	80,0,100,0,0,0,0	10	0,0,0,0,0	0,0,0	0-0	0
I	80749	55	8	20	20	0	Клан 1 кат. I место	image_ear35	0,0,0,0,0,0,0	80,0,0,0,0,100,0	10	0,0,0,0,0	0,0,0	0-0	0
I	80750	55	8	20	20	0	Клан 1 кат. I место	image_ear35	0,0,0,0,0,0,0	0,0,0,0,0,100,80	10	0,0,0,0,0	0,0,0	0-0	0
I	80751	55	8	20	20	0	Клан 1 кат. I место	image_ear35	0,0,0,0,0,0,0	100,0,0,0,0,100,100	0	0,0,0,0,0	0,0,0	0-0	0
I	80752	55	8	20	20	0	Клан 1 кат. I место	image_ear35	0,0,0,0,0,0,0	0,0,0,0,0,80,100	10	0,0,0,0,0	0,0,0	0-0	0
I	80691	55	8	20	20	0	Клан 1 кат. II место	image_ear32	0,0,0,0,0,0,0	0,0,0,0,0,100,80	10	0,0,0,0,0	0,0,0	0-0	0
I	80692	55	8	20	20	0	Клан 1 кат. II место	image_ear32	0,0,0,0,0,0,0	0,0,100,0,80,0,0	10	0,0,0,0,0	0,0,0	0-0	0
I	80693	55	8	20	20	0	Клан 1 кат. II место	image_ear32	0,0,0,0,0,0,0	0,0,100,100,100,0,0	0	0,0,0,0,0	0,0,0	0-0	0
I	80707	55	8	20	20	0	Клан 1 кат. II место	image_ear32	0,0,0,0,0,0,0	100,100,0,0,0,100,0	0	0,0,0,0,0	0,0,0	0-0	0
I	80708	55	8	20	20	0	Клан 1 кат. II место	image_ear32	0,0,0,0,0,0,0	0,0,100,80,0,0,0	10	0,0,0,0,0	0,0,0	0-0	0
I	80709	55	8	20	20	0	Клан 1 кат. II место	image_ear32	0,0,0,0,0,0,0	0,0,100,0,80,0,0	10	0,0,0,0,0	0,0,0	0-0	0
I	80720	55	8	20	20	0	Клан 1 кат. II место	image_ear32	0,0,0,0,0,0,0	0,0,0,0,0,100,80	10	0,0,0,0,0	0,0,0	0-0	0
I	80721	55	8	20	20	0	Клан 1 кат. II место	image_ear32	0,0,0,0,0,0,0	0,0,100,40,40,0,0	10	0,0,0,0,0	0,0,0	0-0	0
I	80755	55	8	20	20	0	Клан 1 кат. II место	image_ear32	0,0,0,0,0,0,0	0,0,100,40,40,0,0	10	0,0,0,0,0	0,0,0	0-0	0
I	80756	55	8	20	20	0	Клан 1 кат. II место	image_ear32	0,0,0,0,0,0,0	0,0,100,100,100,0,0	0	0,0,0,0,0	0,0,0	0-0	0
I	80757	55	8	20	20	0	Клан 1 кат. II место	image_ear32	0,0,0,0,0,0,0	80,0,100,0,0,0,0	10	0,0,0,0,0	0,0,0	0-0	0
I	80758	55	8	20	20	0	Клан 1 кат. II место	image_ear32	0,0,0,0,0,0,0	80,0,0,0,0,100,0	10	0,0,0,0,0	0,0,0	0-0	0
I	80694	55	8	20	20	0	Клан 1 кат. III место	image_ear29	0,0,0,0,0,0,0	0,0,100,100,100,0,0	0	0,0,0,0,0	0,0,0	0-0	0
I	80710	55	8	20	20	0	Клан 1 кат. III место	image_ear29	0,0,0,0,0,0,0	100,0,0,0,0,100,100	0	0,0,0,0,0	0,0,0	0-0	0
I	80711	55	8	20	20	0	Клан 1 кат. III место	image_ear29	0,0,0,0,0,0,0	0,0,100,100,100,0,0	0	0,0,0,0,0	0,0,0	0-0	0
I	80722	55	8	20	20	0	Клан 1 кат. III место	image_ear29	0,0,0,0,0,0,0	80,0,100,0,0,0,0	10	0,0,0,0,0	0,0,0	0-0	0
I	80753	55	8	20	20	0	Клан 1 кат. III место	image_ear29	0,0,0,0,0,0,0	100,100,0,0,0,100,0	0	0,0,0,0,0	0,0,0	0-0	0
I	80723	55	8	20	20	0	Клан 1 кат. IV место	image_ear29	0,0,0,0,0,0,0	0,0,100,100,40,0,0	5	0,0,0,0,0	0,0,0	0-0	0
I	80754	55	8	20	20	0	Клан 1 кат. IV место	image_ear29	0,0,0,0,0,0,0	0,0,100,0,0,0,80	10	0,0,0,0,0	0,0,0	0-0	0
I	80759	55	8	20	20	0	Клан 1 кат. IV место	image_ear29	0,0,0,0,0,0,0	0,0,100,80,0,0,0	10	0,0,0,0,0	0,0,0	0-0	0
I	80677	55	8	20	20	0	Клан 2 кат. I место	image_ear34	0,0,0,0,0,0,0	80,0,0,0,0,80,80	0	0,0,0,0,0	0,0,0	0-0	0
I	80683	55	8	20	20	0	Клан 2 кат. I место	image_ear34	0,0,0,0,0,0,0	80,0,0,0,0,80,80	0	0,0,0,0,0	0,0,0	0-0	0
I	80698	55	8	20	20	0	Клан 2 кат. I место	image_ear34	0,0,0,0,0,0,0	80,0,80,0,0,20,0	5	0,0,0,0,0	0,0,0	0-0	0
I	80712	55	8	20	20	0	Клан 2 кат. I место	image_ear34	0,0,0,0,0,0,0	50,0,80,0,0,0,50	5	0,0,0,0,0	0,0,0	0-0	0
I	80724	55	8	20	20	0	Клан 2 кат. I место	image_ear34	0,0,0,0,0,0,0	20,0,0,0,0,80,80	5	0,0,0,0,0	0,0,0	0-0	0
I	80760	55	8	20	20	0	Клан 2 кат. I место	image_ear34	0,0,0,0,0,0,0	20,0,0,0,0,80,80	5	0,0,0,0,0	0,0,0	0-0	0
I	80678	55	8	20	20	0	Клан 2 кат. II место	image_ear31	0,0,0,0,0,0,0	80,0,0,0,0,80,80	0	0,0,0,0,0	0,0,0	0-0	0
I	80684	55	8	20	20	0	Клан 2 кат. II место	image_ear31	0,0,0,0,0,0,0	80,0,0,0,0,80,80	0	0,0,0,0,0	0,0,0	0-0	0
I	80699	55	8	20	20	0	Клан 2 кат. II место	image_ear31	0,0,0,0,0,0,0	0,0,80,80,80,0,0	0	0,0,0,0,0	0,0,0	0-0	0
I	80713	55	8	20	20	0	Клан 2 кат. II место	image_ear31	0,0,0,0,0,0,0	80,0,0,0,0,80,80	0	0,0,0,0,0	0,0,0	0-0	0
I	80725	55	8	20	20	0	Клан 2 кат. II место	image_ear31	0,0,0,0,0,0,0	80,0,0,0,0,80,80	0	0,0,0,0,0	0,0,0	0-0	0
I	80761	55	8	20	20	0	Клан 2 кат. II место	image_ear31	0,0,0,0,0,0,0	0,0,80,0,0,50,50	5	0,0,0,0,0	0,0,0	0-0	0
I	80679	55	8	20	20	0	Клан 2 кат. III место	image_ear28	0,0,0,0,0,0,0	80,0,0,0,0,80,80	0	0,0,0,0,0	0,0,0	0-0	0
I	80685	55	8	20	20	0	Клан 2 кат. III место	image_ear28	0,0,0,0,0,0,0	80,0,0,0,0,80,80	0	0,0,0,0,0	0,0,0	0-0	0
I	80700	55	8	20	20	0	Клан 2 кат. III место	image_ear28	0,0,0,0,0,0,0	0,0,80,80,80,0,0	0	0,0,0,0,0	0,0,0	0-0	0
I	80714	55	8	20	20	0	Клан 2 кат. III место	image_ear28	0,0,0,0,0,0,0	80,80,0,0,0,80,0	0	0,0,0,0,0	0,0,0	0-0	0
I	80726	55	8	20	20	0	Клан 2 кат. III место	image_ear28	0,0,0,0,0,0,0	0,0,80,80,20,0,0	5	0,0,0,0,0	0,0,0	0-0	0
I	80674	55	8	20	20	0	Клан 3 кат. I место	image_ear33	0,0,0,0,0,0,0	60,0,30,0,0,60,30	0	0,0,0,0,0	0,0,0	0-0	0
I	80682	55	8	20	20	0	Клан 3 кат. I место	image_ear33	0,0,0,0,0,0,0	60,0,0,0,0,60,0	5	0,0,0,0,0	0,0,0	0-0	0
I	80695	55	8	20	20	0	Клан 3 кат. I место	image_ear33	0,0,0,0,0,0,0	60,0,0,0,0,60,60	0	0,0,0,0,0	0,0,0	0-0	0
I	80715	55	8	20	20	0	Клан 3 кат. I место	image_ear33	0,0,0,0,0,0,0	60,0,0,0,0,60,60	0	0,0,0,0,0	0,0,0	0-0	0
I	80739	55	8	20	20	0	Клан 3 кат. I место	image_ear33	0,0,0,0,0,0,0	60,60,0,0,0,60,0	0	0,0,0,0,0	0,0,0	0-0	0
I	80675	55	8	20	20	0	Клан 3 кат. II место	image_ear30	0,0,0,0,0,0,0	60,60,0,0,0,60,0	0	0,0,0,0,0	0,0,0	0-0	0
I	80681	55	8	20	20	0	Клан 3 кат. II место	image_ear30	0,0,0,0,0,0,0	60,0,0,0,0,30,30	5	0,0,0,0,0	0,0,0	0-0	0
I	80696	55	8	20	20	0	Клан 3 кат. II место	image_ear30	0,0,0,0,0,0,0	60,0,0,0,0,60,60	0	0,0,0,0,0	0,0,0	0-0	0
I	80716	55	8	20	20	0	Клан 3 кат. II место	image_ear30	0,0,0,0,0,0,0	60,60,0,0,0,60,0	0	0,0,0,0,0	0,0,0	0-0	0
I	80740	55	8	20	20	0	Клан 3 кат. II место	image_ear30	0,0,0,0,0,0,0	0,0,0,0,0,60,60	5	0,0,0,0,0	0,0,0	0-0	0
I	80676	55	8	20	20	0	Клан 3 кат. III место	image_ear27	0,0,0,0,0,0,0	60,0,20,0,0,60,40	0	0,0,0,0,0	0,0,0	0-0	0
I	80680	55	8	20	20	0	Клан 3 кат. III место	image_ear27	0,0,0,0,0,0,0	60,60,0,0,0,60,0	0	0,0,0,0,0	0,0,0	0-0	0
I	80697	55	8	20	20	0	Клан 3 кат. III место	image_ear27	0,0,0,0,0,0,0	60,0,0,0,0,60,0	5	0,0,0,0,0	0,0,0	0-0	0
I	80717	55	8	20	20	0	Клан 3 кат. III место	image_ear27	0,0,0,0,0,0,0	30,30,30,15,15,30,30	0	0,0,0,0,0	0,0,0	0-0	0
I	80741	55	8	20	20	0	Клан 3 кат. III место	image_ear27	0,0,0,0,0,0,0	60,60,0,0,0,60,0	0	0,0,0,0,0	0,0,0	0-0	0
I	80636	55	9	20	20	0	Серьга Всплеска +5%	image_ear17	0,0,0,0,0,0,0	0,0,0,0,0,0,0	0	0,0,0,0,0	0,0,0	0-0	0
I	80668	55	2	22	22	63	Заветная серьга живучести	image_ear12	0,0,0,0,0,0,0	42,0,42,0,0,0,42	0	5,5,5,5,5	6,6,3	0-0	0
I	80666	55	2	22	22	63	Заветная серьга магии	image_ear12	0,0,0,0,0,0,0	0,0,42,42,42,0,0	0	5,5,5,5,5	6,6,3	0-0	0
I	80667	55	2	22	22	63	Заветная серьга урона	image_ear12	0,0,0,0,0,0,0	42,42,0,0,0,42,0	0	5,5,5,5,5	6,6,3	0-0	0
I	80734	55	5	22	22	2	Оскверненная серьга Агрессора	image_ear36	98,0,90,0,0,94,0	50,0,0,0,0,70,50	4	0,0,0,0,0	5,5,5	0-0	0
I	80737	55	5	22	22	16	Оскверненная серьга Апостола	image_ear36	90,0,84,87,0,20,0	45,0,60,30,35,0,0	4	7,7,7,7,7	0,0,0	0-0	0
I	80727	55	5	22	22	1	Оскверненная серьга Асcасина	image_ear36	60,90,48,0,0,82,0	45,55,0,0,0,70,0	4	0,0,0,0,0	5,5,5	0-0	0
I	80736	55	5	22	22	8	Оскверненная серьга Великана	image_ear36	70,0,110,0,0,52,53	55,0,65,0,0,0,50	4	0,0,0,0,0	5,5,5	0-0	0
I	80735	55	5	22	22	4	Оскверненная серьга Воеводы	image_ear36	20,0,89,0,0,88,88	0,0,50,0,0,60,60	4	0,0,0,0,0	5,5,5	0-0	0
I	80738	55	5	22	22	32	Оскверненная серьга Волшебника	image_ear36	0,0,63,103,111,0,0	0,0,65,55,50,0,0	4	7,7,7,7,7	0,0,0	0-0	0
I	80732	55	5	22	22	32	Оскверненная серьга Колдуна	image_ear36	0,0,63,103,111,0,0	0,0,45,65,60,0,0	4	7,7,7,7,7	0,0,0	0-0	0
I	80730	55	5	22	22	8	Оскверненная серьга Колосса	image_ear36	70,0,110,0,0,52,53	50,0,65,0,0,0,55	4	0,0,0,0,0	5,5,5	0-0	0
I	80733	55	5	22	22	1	Оскверненная серьга Конкистадора	image_ear36	60,90,48,0,0,82,0	50,50,0,0,0,70,0	4	0,0,0,0,0	5,5,5	0-0	0
I	80729	55	5	22	22	4	Оскверненная серьга Маршала	image_ear36	20,0,89,0,0,88,88	0,0,50,0,0,60,60	4	0,0,0,0,0	5,5,5	0-0	0
I	80728	55	5	22	22	2	Оскверненная серьга Узурпатора	image_ear36	98,0,90,0,0,94,0	55,0,0,0,0,70,45	4	0,0,0,0,0	5,5,5	0-0	0
I	80731	55	5	22	22	16	Оскверненная серьга Шамана	image_ear36	90,0,84,87,0,20,0	60,0,40,40,30,0,0	4	7,7,7,7,7	0,0,0	0-0	0
I	80744	55	7	22	22	4	Серёжка Воеводы	image_ear39	20,0,89,0,0,88,88	24,0,48,7,7,54,54	4	38,38,38,38,38	33,33,33	0-0	0
I	80747	55	7	22	22	32	Серёжка Волхва	image_ear43	0,0,63,103,111,0,0	0,0,62,66,66,0,0	4	38,38,38,38,38	33,33,33	0-0	0
I	80742	55	7	22	22	1	Серёжка Конкистадора	image_ear38	60,90,48,0,0,82,0	48,54,24,0,0,54,14	4	38,38,38,38,38	33,33,33	0-0	0
I	80746	55	7	22	22	16	Серёжка Кровавого Прелата	image_ear41	90,0,84,87,0,20,0	48,0,54,54,38,0,0	4	38,38,38,38,38	33,33,33	0-0	0
I	80743	55	7	22	22	2	Серёжка Северного Вандала	image_ear42	98,0,90,0,0,94,0	54,24,48,0,0,54,14	4	38,38,38,38,38	33,33,33	0-0	0
I	80745	55	7	22	22	8	Серёжка Серебряного Зубра	image_ear40	70,0,110,0,0,52,53	48,14,54,0,0,24,54	4	38,38,38,38,38	33,33,33	0-0	0
I	80059	55	1	23	23	63	Великолепная серьга брони	image_ear17	0,0,0,0,0,0,0	0,0,0,0,0,0,0	0	90,90,90,90,90	0,0,0	0-0	0
I	80060	55	1	23	23	63	Великолепная серьга защиты от магии	image_ear17	0,0,0,0,0,0,0	0,0,0,0,0,0,0	0	0,0,0,0,0	55,55,55	0-0	0
I	80047	55	1	23	23	63	Великолепная серьга интеллекта	image_ear17	0,0,0,0,0,0,0	0,0,0,100,0,0,0	0	0,0,0,0,0	0,0,0	0-0	0
I	80045	55	1	23	23	63	Великолепная серьга ловкости	image_ear17	0,0,0,0,0,0,0	0,100,0,0,0,0,0	0	0,0,0,0,0	0,0,0	0-0	0
I	80048	55	1	23	23	63	Великолепная серьга мудрости	image_ear17	0,0,0,0,0,0,0	0,0,0,0,100,0,0	0	0,0,0,0,0	0,0,0	0-0	0
I	80050	55	1	23	23	63	Великолепная серьга реакции	image_ear17	0,0,0,0,0,0,0	0,0,0,0,0,0,100	0	0,0,0,0,0	0,0,0	0-0	0
I	80044	55	1	23	23	63	Великолепная серьга силы	image_ear17	0,0,0,0,0,0,0	100,0,0,0,0,0,0	0	0,0,0,0,0	0,0,0	0-0	0
I	80046	55	1	23	23	63	Великолепная серьга сложения	image_ear17	0,0,0,0,0,0,0	0,0,100,0,0,0,0	0	0,0,0,0,0	0,0,0	0-0	0
I	80049	55	1	23	23	63	Великолепная серьга удачи	image_ear17	0,0,0,0,0,0,0	0,0,0,0,0,100,0	0	0,0,0,0,0	0,0,0	0-0	0
I	80673	55	3	23	23	63	Превосходная серьга живучести	image_ear16	0,0,0,0,0,0,0	60,0,60,0,0,0,60	0	0,0,0,0,0	0,0,0	0-0	0
I	80671	55	3	23	23	63	Превосходная серьга магии	image_ear16	0,0,0,0,0,0,0	0,0,60,60,60,0,0	0	0,0,0,0,0	0,0,0	0-0	0
I	80672	55	3	23	23	63	Превосходная серьга урона	image_ear16	0,0,0,0,0,0,0	60,60,0,0,0,60,0	0	0,0,0,0,0	0,0,0	0-0	0
I	80686	55	9	25	25	0	Серьга	image_ear9	0,0,0,0,0,0,0	200,0,0,0,0,323,0	0	0,0,0,0,0	0,0,0	0-0	0
